{
  "n_qubits": 4,
  "target": "H_2p",
  "n_layers": 4,
  "n_iter": 100,
  "n_traj": 6,
  "lambda": 0.3,
  "dissipation_dt": 0.1,
  "truncated_fidelity": 0.5000008102217857,
  "teacher_final_fidelity": 0.9966310319596892,
  "teacher_fidelities": [
    0.5000008102217857,
    0.5475820241010086,
    0.5906352868145018,
    0.6295914898862026,
    0.6648405200900849,
    0.6967351615680374,
    0.7255946266121305,
    0.7517077504485268,
    0.7753358819975048,
    0.7967154995412964,
    0.8160605774782168,
    0.8335647278503644,
    0.8494031380780115,
    0.86373432429419,
    0.8767017178274297,
    0.8884351007107022,
    0.8990519045836299,
    0.9086583859878041,
    0.9173506898179675,
    0.9252158115724365,
    0.932332468033289,
    0.9387718850903755,
    0.9445985105939663,
    0.9498706593704977,
    0.9546410968569561,
    0.9589575671951052,
    0.9628632710709046,
    0.966397298081496,
    0.969595017957029,
    0.9724884345528084,
    0.9751065061546358,
    0.9774754353030665,
    0.979618931037243,
    0.9815584461829263,
    0.983313392059588,
    0.9849013327554192,
    0.9863381609146294,
    0.9876382567963706,
    0.9888146321972046,
    0.9898790606775362,
    0.9908421953953632,
    0.9917136757266625,
    0.9925022237395046,
    0.9932157314874421,
    0.9938613399958345,
    0.9944455107316303,
    0.9949740902718998,
    0.9954523688183441,
    0.9958851331434107,
    0.9962767144979219,
    0.9966310319596892
  ],
  "target_cooling_final_fidelity_dm": 0.8137140825446417,
  "target_cooling_final_purity": 0.8536119509604915,
  "target_cooling_elapsed": 2.4014410972595215,
  "target_cooling_fidelities": [
    0.08408402586739436,
    0.5160902500008021,
    0.6283295976982479,
    0.5706183035314716,
    0.5907956286230055,
    0.6075492158852269,
    0.6228049510872644,
    0.6361052484352174,
    0.6475785409770853,
    0.6381895600109802,
    0.6571365308765991,
    0.6744163955299924,
    0.6817347224280741,
    0.6878974344478849,
    0.6936466609907259,
    0.6991092063065569,
    0.6615713550533731,
    0.7476449734348277,
    0.7095945818985698,
    0.7149487137065191,
    0.7198352565928764,
    0.7132430623778444,
    0.6432038422232212,
    0.7281749887914335,
    0.6717332187925071,
    0.7461169112992312,
    0.808165944035609,
    0.7744817788402896,
    0.7996517341545789,
    0.8130924262675797,
    0.773191686168377,
    0.6936698323005523,
    0.7295344455226586,
    0.6759757090112233,
    0.7733249663153026,
    0.7212277090652308,
    0.8290549637994776,
    0.8434399696383232,
    0.8457847186788623,
    0.8458066820027051,
    0.7347739472429184,
    0.8297288976149702,
    0.844474964877989,
    0.8365604405178936,
    0.8217999770986392,
    0.8025717073301059,
    0.7794667145889409,
    0.641453572237551,
    0.7356700339955472,
    0.6175929175968828,
    0.6255058141894372,
    0.6693728298036316,
    0.6523848419445694,
    0.5828640798338939,
    0.42902426551797546,
    0.5193392017971352,
    0.6708146656577834,
    0.7360486591831538,
    0.7598400685905659,
    0.766631472666566,
    0.7617840693998552,
    0.7515165988996697,
    0.7444724227226555,
    0.7487300081385941,
    0.7740369514556347,
    0.8043294568054035,
    0.702186957047854,
    0.8393314348176073,
    0.8638005952583188,
    0.8670186740138623,
    0.8614766408973855,
    0.8515152471900844,
    0.8369595241749284,
    0.8206705729501288,
    0.8062067632573812,
    0.8294325051286193,
    0.7900063039326517,
    0.7979968967146687,
    0.671214154413836,
    0.6569534264292136,
    0.689147819462677,
    0.7763883438358148,
    0.7680988044415744,
    0.5622958519891903,
    0.7477233231792559,
    0.7391307954582342,
    0.6909476146508352,
    0.593723766103835,
    0.7331587866135895,
    0.7348161920770364,
    0.7766045420816632,
    0.7859733658115775,
    0.8061115095402918,
    0.7957117574626026,
    0.6574343611867173,
    0.7955177251667273,
    0.6190912030744646,
    0.7457016114307733,
    0.6881557994932093,
    0.8548200687653333
  ],
  "amp_damping_final_fidelity_dm": 0.6651680679526688,
  "amp_damping_final_purity": 0.7679456070638204,
  "amp_damping_elapsed": 2.08859920501709,
  "amp_damping_fidelities": [
    0.07200465465529868,
    0.45125224100772054,
    0.41228452316784964,
    0.4183901359646214,
    0.5180620821126729,
    0.4613360247055611,
    0.4720405893315948,
    0.5723824167790319,
    0.5015841375664655,
    0.5072560439986585,
    0.5020674366066462,
    0.6050021758362956,
    0.6265104107244783,
    0.6343331122443392,
    0.6413314644203603,
    0.6481492062262906,
    0.4491223643074326,
    0.5560725028804538,
    0.6561944759770592,
    0.6739680406015557,
    0.6849237864152163,
    0.4716212558256328,
    0.6721311120340621,
    0.7251332766924043,
    0.5051154330520561,
    0.7492911826215494,
    0.6484576747595634,
    0.6774183625981266,
    0.7871652090015773,
    0.8083166490737084,
    0.5655443970718763,
    0.5529216859287764,
    0.5529890719204468,
    0.5501790507658619,
    0.7788886087144626,
    0.7144731879283268,
    0.8289008580724947,
    0.8009158519389736,
    0.754365030983128,
    0.7184485243812484,
    0.6254609748931068,
    0.7272676074031761,
    0.6312552345832174,
    0.6039335654760969,
    0.5948801527858809,
    0.6868092952103526,
    0.5864733065962491,
    0.6863361200815445,
    0.5811905932181678,
    0.5449111213718667,
    0.6274032778996916,
    0.5213801574448017,
    0.5979961016893441,
    0.36599910525073287,
    0.5795215996255493,
    0.5651511238677231,
    0.5892663074131594,
    0.567490744786666,
    0.6196741003079325,
    0.5159114907674961,
    0.4814670949265589,
    0.5370578548403617,
    0.6037971960989543,
    0.5722745419344866,
    0.6194137628160987,
    0.5506572987440216,
    0.6607699769823616,
    0.5295236449448576,
    0.6502010617129788,
    0.5727227016666397,
    0.48107229149763253,
    0.7131003677107147,
    0.7607271217622427,
    0.7713760126649121,
    0.6412031853795386,
    0.7722893513304916,
    0.6335335751131531,
    0.5248208947147383,
    0.5232350834859223,
    0.6378675259756779,
    0.7934936516857588,
    0.5571347713109784,
    0.3938562533757076,
    0.7280651705034503,
    0.6877744494682525,
    0.5370432892136792,
    0.5010409757292356,
    0.7535200591512385,
    0.8442354039545088,
    0.8514479264828327,
    0.7131342479263071,
    0.8310847831918737,
    0.697739598634106,
    0.8062138358122721,
    0.7968286860581014,
    0.6503921701880464,
    0.5271043954081448,
    0.735936613818627,
    0.7280050104274014,
    0.7352359509761879
  ],
  "config_A_diss_only_fidelity": 0.49964477151209785,
  "config_A_n_params": 8,
  "config_A_n_lindblad": 8,
  "config_A_n_kraus_sets": 0,
  "config_A_fit_loss": 0.4249095685395866,
  "config_A_fit_time": 3.6913797855377197,
  "config_A_final_fidelity_dm": 0.5813240453376973,
  "config_A_final_purity": 0.9998998322287989,
  "config_A_elapsed": 2.195233106613159,