{
  "n_qubits": 10,
  "target": "H_2p",
  "n_layers": 6,
  "n_iter_no_diss": 200,
  "n_iter_diss": 100,
  "n_traj": 8,
  "lambda": 0.3,
  "dissipation_dt": 0.1,
  "truncated_fidelity": 0.5000000034233562,
  "teacher_final_fidelity": 0.9966310265235234,
  "krotov_only_fidelity": 0.49993698240612383,
  "krotov_only_purity": 1.0000000000000007,
  "krotov_only_time": 47.634214878082275,
  "krotov_only_fidelities": [
    0.49067586032671,
    0.4996086253173816,
    0.49979699029091995,
    0.4998508646568686,
    0.49986068531880384,
    0.49983802891097845,
    0.4997795864688174,
    0.4996717700654324,
    0.4994877397687835,
    0.49917860803412384,
    0.49877511080510917,
    0.49852745619304084,
    0.4980603884286592,
    0.4972885066394047,
    0.49609155816525746,
    0.49439281141188673,
    0.49219863807204933,
    0.48965924073724254,
    0.48711812783061736,
    0.4853046918548642,
    0.4850454592854899,
    0.48661937087065354,
    0.48928981125398563,
    0.49185888984298676,
    0.49396639432542055,
    0.4955278427190183,
    0.49661049068833074,
    0.49728370096974234,
    0.4976840605285355,
    0.4979085322772838,
    0.49811153068221625,
    0.49831669422783204,
    0.49852173718571924,
    0.4987091975695497,
    0.49885644804917023,
    0.4989430983372145,
    0.49895687615744005,
    0.498898149713746,
    0.49877994323481334,
    0.4986192569336692,
    0.49842338249611484,
    0.4981886496282224,
    0.4979248440482839,
    0.4976825737342485,
    0.4975394968741176,
    0.4975460205992339,
    0.4976874663742996,
    0.4979009509006858,
    0.4981222795861879,
    0.4983174893423648,
    0.4984831851999714,
    0.49862974021921747,
    0.4987658541099223,
    0.49889226834620504,
    0.499002995466126,
    0.4990896542030334,
    0.4991457486134413,
    0.49916942316141893,
    0.4991640188430874,
    0.49913621268968056,
    0.4990926624623315,
    0.49903769574602286,
    0.4989745779838951,
    0.4989096198347891,
    0.4988544752970103,
    0.49882281240219534,
    0.49882339420841787,
    0.4988556396368177,
    0.4989111470886596,
    0.4989790802495079,
    0.49905091570362525,
    0.49912199563065374,
    0.4991903843114846,
    0.4992549256540226,
    0.49931396538131245,
    0.499365150415455,
    0.4994059968372888,
    0.49943470901277354,
    0.49945080974350387,
    0.49945530261194726,
    0.4994502991459647,
    0.49943832430462115,
    0.499421754123889,
    0.4994027880292844,
    0.4993839032286568,
    0.4993682112819099,
    0.4993591153634427,
    0.49935929080177976,
    0.49936968506823637,
    0.49938926502231035,
    0.4994156369326837,
    0.4994460523432771,
    0.4994781891058339,
    0.49951041319554756,
    0.4995416145000389,
    0.4995708949271465,
    0.49959734832968417,
    0.4996200321044074,
    0.49963810406864523,
    0.4996510290195925,
    0.4996587434755533,
    0.49966169378762737,
    0.4996607265929297,
    0.4996568932660852,
    0.4996512844732396,
    0.4996449836449142,
    0.499639119102433,
    0.4996348891333823,
    0.4996334403026279,
    0.49963560923240474,
    0.49964167669777687,
    0.4996512995440355,
    0.4996636684178355,
    0.49967779544878826,
    0.4996927773765615,
    0.4997079274374444,
    0.4997227642394454,
    0.49973691796623587,
    0.49975003338694346,
    0.4997617258896402,
    0.49977160703972556,
    0.49977936057703065,
    0.4997848286707594,
    0.4997880659157642,
    0.499789335662989,
    0.4997890539224593,
    0.49978771445315384,
    0.4997858346560619,
    0.4997839374500329,
    0.49978254674671896,
    0.4997821570577173,
    0.49978316031062864,
    0.4997857574587687,
    0.4997899086061823,
    0.4997953588515443,
    0.499801731685118,
    0.4998086435427138,
    0.4998157872538559,
    0.4998229563686194,
    0.4998300160082174,
    0.49983684893023617,
    0.4998433100002837,
    0.4998492116628396,
    0.49985434556473035,
    0.49985852899055777,
    0.49986165476961175,
    0.49986372304735327,
    0.49986484298132494,
    0.4998652077187998,
    0.49986505844088625,
    0.4998646545680846,
    0.4998642563324799,
    0.4998641118160192,
    0.4998644359691097,
    0.49986537886735005,
    0.49986699592950434,
    0.4998692395021493,
    0.49987198221764684,
    0.49987506445620983,
    0.49987834450261426,
    0.4998817294179396,
    0.49988517600713683,
    0.49988866641259344,
    0.4998921735445859,
    0.4998956338809758,
    0.49989893993368073,
    0.4999019553254875,
    0.49990454594850714,
    0.4999066145165555,
    0.4999081252074591,
    0.49990911026870155,
    0.4999096590116567,
    0.49990989696527527,
    0.4999099648251561,
    0.49991000251741763,
    0.49991013720407396,
    0.49991047114669274,
    0.49991106844408406,
    0.49991194546756096,
    0.4999130723074041,
    0.49991438857238235,
    0.4999158289485449,
    0.49991734776269486,
    0.49991893162031265,
    0.49992059489097296,
    0.4999223608266076,
    0.49992423723469437,
    0.4999261974193374,
    0.4999281744248182,
    0.49993007104540854,
    0.49993178190987,
    0.4999332194918943,
    0.4999343348050953,
    0.49993512625154457,
    0.49993563536368346,
    0.49993593335936415,
    0.4999361048139419,
    0.499936233415666,
    0.49993639138074947,
    0.4999366316654011
  ],
  "teacher_rank1_fidelity": 0.5151524942129906,
  "teacher_rank1_purity": 0.9759514578311214,
  "teacher_rank1_time": 25.21583890914917,
  "teacher_rank1_n_ops": 10,
  "teacher_rank1_fidelities": [
    0.5001498059605478,
    0.5092629355765776,
    0.5094753841721728,
    0.5095330059473306,
    0.5095074801695334,
    0.5093500360915619,
    0.5089312429226913,
    0.5083015308727089,
    0.5079398738479904,
    0.5073607187863538,
    0.5064964817055837,
    0.5052706209158528,
    0.5035524279712986,
    0.5012258118337338,
    0.49825858887723873,
    0.47272184918691895,
    0.48320762043870025,
    0.49336794944024454,
    0.4920763888388326,
    0.49233406871840385,
    0.477663755031081,
    0.48611461140644846,
    0.4968838746845393,
    0.4982943515393662,
    0.5610082978536307,
    0.5634903458885032,
    0.502053927428192,
    0.5037325417905874,
    0.504668583525164,
    0.5054790292240345,
    0.5061701023984528,
    0.5067446015930738,
    0.5071834399759251,
    0.5074536562204535,
    0.5075240329897133,
    0.5073775462536115,
    0.5070174038724227,
    0.5064686444213782,
    0.5273581887245797,
    0.4960647658351918,
    0.5059655271300805,
    0.5055397764513673,
    0.5051990879293933,
    0.5049948224906116,
    0.5049416697218523,
    0.5050189632972313,
    0.5051846322133453,
    0.5053920725459975,
    0.5056013577306614,
    0.505783372869042,
    0.5059197386240231,
    0.5060013982479488,
    0.5060271630398039,
    0.5060023981614636,
    0.5059376936587285,
    0.5058473622605454,
    0.548926457734715,
    0.5057912957746536,
    0.5059820915827073,
    0.5674235031182071,
    0.5043171399178694,
    0.5054153703443577,
    0.5057594390056623,
    0.5060531139670271,
    0.5062808533085967,
    0.5681319185598024,
    0.5053824691568127,
    0.5064707424566619,
    0.5066835927506266,
    0.506803512885521,
    0.5068423930933025,
    0.5372225149656065,
    0.5877210887025676,
    0.49370603225052057,
    0.5068529137088695,
    0.5065765928465473,
    0.5061861733452124,
    0.5056631843959827,
    0.5051866794760596,
    0.5049089182079999,
    0.5426661137621022,
    0.5049914959877082,
    0.5048685742300153,
    0.5044729809093386,
    0.5044051995283685,
    0.5046559786756931,
    0.5050993903670575,
    0.5056016080827843,
    0.5060729888440854,
    0.5299113774928563,
    0.49905444333102694,
    0.5440929296105264,
    0.5063534631415822,
    0.506563545616366,
    0.5498027215784246,
    0.5026772986680599,
    0.5379548559165107,
    0.4995740397378257,
    0.5074286932972338,
    0.5073509682363123
  ],
  "amp_damping_n_ops": 10,
  "amp_damping_fidelity": 0.4437503969804496,