{
  "optimizer": "krotov",
  "seed": 4,
  "n_layers": 3,
  "n_params": 24,
  "wall_time_total": 141.1814935207367,
  "final_loss": 0.39634511339754164,
  "final_train_acc": 0.8457142857142858,
  "final_test_acc": 0.86,
  "total_func_evals": 120500,
  "total_grad_evals": 100,
  "total_steps": 100,
  "trace": {
    "loss": [
      0.7286458836657745,
      0.3661187124767559,
      0.34945686682306576,
      0.339313211101033,
      0.5131200842684698,
      0.36083609574501646,
      0.4893424102843071,
      0.3614392841980526,
      0.3359569955235472,
      0.33033335122324037,
      0.5114569317159688,
      0.4486002158529173,
      0.5034916105975294,
      0.4145119231704372,
      0.4965552083247511,
      0.39154359672986516,
      0.38559507058512604,
      0.37286955898901963,
      0.3549630462283982,
      0.35309293856603974,
      0.4236556072807085,
      0.37880967397732435,
      0.36469233030297254,
      0.4476387418431211,
      0.4060350594556396,
      0.35663446920546926,
      0.38547446933821367,
      0.3551148482631757,
      0.3425390314572414,
      0.3677720401279235,
      0.7640964810908624,
      0.3548439637234847,
      0.6588477500256905,
      0.5606133391638426,
      0.40300015336292777,
      0.34063840885435015,
      0.4104393777928652,
      0.5663264513417533,
      0.5595327805146594,
      0.34364802239845876,
      0.3371803623060884,
      0.46856332090402164,
      0.4058560302443455,
      0.34335479295780236,
      0.3631891757129744,
      0.33722480139640426,
      0.38884262368157213,
      0.4129144854722518,
      0.3562271842505228,
      0.645657182437177,
      0.39007010224858585,
      0.45979614303053656,
      0.4610141595076363,
      0.3427576239509117,
      0.5638808537405317,
      0.4596499062773056,
      0.5735130949497951,
      0.3670638360658373,
      0.35064295854402816,
      0.37527479980460043,
      0.39127958509007954,
      0.3533301964293004,
      0.30911338652225767,
      0.41491899747377137,
      0.45324587842190195,
      0.3722132180164046,
      0.32151053576498767,
      0.46699671036112056,
      0.37146410441214894,
      0.4112614357374746,
      0.3204147371737692,
      0.3579674717705289,
      0.38525712917487964,
      0.31319261685231886,
      0.3126624355523534,
      0.4077128981334293,
      0.4888846125043413,
      0.34307149293812383,
      0.3738036455748251,
      0.5160651703477639,
      0.5329178799551996,
      0.3484192567174325,
      0.3579397305295072,
      0.3136820654041886,
      0.3168240828689387,
      0.34673542756768483,
      0.4439839465525252,
      0.5015778017154098,
      0.4866844269553214,
      0.31103524120394255,
      0.3548535301727116,
      0.3569316889515301,
      0.37024895573238076,
      0.37478900362574735,
      0.3506121242881192,
      0.4027227115490628,
      0.3818802332770351,
      0.4238509436134461,
      0.36119004496275353,
      0.7515723896892534,
      0.39634511339754164
    ],
    "train_acc": [
      0.5228571428571429,
      0.8371428571428572,
      0.8371428571428572,
      0.8342857142857143,
      0.78,
      0.84,
      0.7714285714285715,
      0.8371428571428572,
      0.8457142857142858,
      0.8371428571428572,
      0.8114285714285714,
      0.84,
      0.7514285714285714,
      0.8142857142857143,
      0.7942857142857143,
      0.86,
      0.8314285714285714,
      0.8457142857142858,
      0.8742857142857143,
      0.8371428571428572,
      0.8314285714285714,
      0.8257142857142857,
      0.84,
      0.82,
      0.8314285714285714,
      0.8371428571428572,
      0.8514285714285714,
      0.8428571428571429,
      0.8428571428571429,
      0.8371428571428572,
      0.32,
      0.8971428571428571,
      0.56,
      0.8657142857142858,
      0.8485714285714285,
      0.8628571428571429,
      0.8371428571428572,
      0.7857142857142857,
      0.7771428571428571,
      0.8342857142857143,
      0.84,
      0.8257142857142857,
      0.8542857142857143,
      0.84,
      0.8428571428571429,
      0.8428571428571429,
      0.8714285714285714,
      0.84,
      0.8428571428571429,
      0.7057142857142857,
      0.8457142857142858,
      0.82,
      0.7714285714285715,
      0.8742857142857143,
      0.7228571428571429,
      0.8057142857142857,
      0.7514285714285714,
      0.8542857142857143,
      0.8428571428571429,
      0.84,
      0.84,
      0.84,
      0.8428571428571429,
      0.8,
      0.9085714285714286,
      0.8371428571428572,
      0.8428571428571429,
      0.8542857142857143,
      0.8628571428571429,
      0.8342857142857143,
      0.8371428571428572,
      0.8428571428571429,
      0.8285714285714286,
      0.8657142857142858,
      0.8514285714285714,
      0.8314285714285714,
      0.8085714285714286,
      0.8371428571428572,
      0.8657142857142858,
      0.7971428571428572,
      0.8057142857142857,
      0.8285714285714286,
      0.8457142857142858,
      0.8342857142857143,
      0.8428571428571429,
      0.86,
      0.8514285714285714,
      0.8142857142857143,
      0.8228571428571428,
      0.84,
      0.8571428571428571,
      0.84,
      0.8371428571428572,
      0.8485714285714285,
      0.8342857142857143,
      0.8342857142857143,
      0.8342857142857143,
      0.8228571428571428,
      0.8485714285714285,
      0.7457142857142857,
      0.8457142857142858
    ],
    "test_acc": [
      0.5866666666666667,
      0.86,
      0.8466666666666667,
      0.8533333333333334,
      0.7933333333333333,
      0.8533333333333334,
      0.76,
      0.8666666666666667,
      0.8533333333333334,
      0.8733333333333333,
      0.7666666666666667,
      0.8333333333333334,
      0.7466666666666667,
      0.8666666666666667,
      0.8,
      0.8733333333333333,
      0.8733333333333333,
      0.84,
      0.8933333333333333,
      0.84,
      0.84,
      0.8333333333333334,
      0.8466666666666667,
      0.8333333333333334,
      0.8466666666666667,
      0.8466666666666667,
      0.8666666666666667,
      0.8533333333333334,
      0.8466666666666667,
      0.84,
      0.30666666666666664,
      0.88,
      0.5933333333333334,
      0.8866666666666667,
      0.8533333333333334,
      0.86,
      0.84,
      0.78,
      0.7533333333333333,
      0.8466666666666667,
      0.84,
      0.8333333333333334,
      0.88,
      0.8266666666666667,
      0.8666666666666667,
      0.8466666666666667,
      0.9133333333333333,
      0.84,
      0.8666666666666667,
      0.6666666666666666,
      0.8333333333333334,
      0.82,
      0.7733333333333333,
      0.88,
      0.7533333333333333,
      0.7666666666666667,
      0.7533333333333333,
      0.8333333333333334,
      0.8466666666666667,
      0.86,
      0.86,
      0.84,
      0.8466666666666667,
      0.8066666666666666,
      0.9333333333333333,
      0.8466666666666667,
      0.8466666666666667,
      0.8533333333333334,
      0.8866666666666667,
      0.84,
      0.86,
      0.84,
      0.8266666666666667,
      0.86,
      0.8533333333333334,
      0.8133333333333334,
      0.7933333333333333,
      0.8466666666666667,
      0.8533333333333334,
      0.8,
      0.8333333333333334,
      0.8866666666666667,
      0.8666666666666667,
      0.8466666666666667,
      0.8533333333333334,
      0.8466666666666667,
      0.8466666666666667,
      0.7666666666666667,
      0.82,
      0.8533333333333334,
      0.8733333333333333,
      0.8933333333333333,
      0.8466666666666667,
      0.8466666666666667,
      0.86,
      0.8333333333333334,
      0.8333333333333334,
      0.8266666666666667,
      0.8733333333333333,
      0.7666666666666667,
      0.86
    ],