{
  "optimizer": "krotov_hybrid",
  "optimizer_name": "krotov_hybrid",
  "optimizer_family": "krotov_hybrid",
  "is_sweep": false,
  "sweep_group": null,
  "config_overrides": {},
  "seed": 0,
  "n_layers": 3,
  "model_architecture": "hea",
  "input_encoding": "tanh_0_pi",
  "n_params": 24,
  "wall_time_total": 38.19839596748352,
  "final_loss": 0.32542679144889,
  "final_train_acc": 0.84,
  "final_test_acc": 0.8133333333333334,
  "total_cost_units": 79900,
  "total_func_evals": 79900,
  "total_grad_evals": 7031,
  "total_sample_forward_passes": 62050,
  "total_sample_backward_passes": 17850,
  "total_full_loss_evaluations": 52,
  "total_steps": 51,
  "threshold_metrics": {
    "0.45": {
      "threshold": 0.45,
      "reached": true,
      "step": 1,
      "wall_time": 0.9547841548919678,
      "cost_units": 2400
    },
    "0.40": {
      "threshold": 0.4,
      "reached": true,
      "step": 2,
      "wall_time": 1.8951690196990967,
      "cost_units": 3950
    },
    "0.38": {
      "threshold": 0.38,
      "reached": true,
      "step": 2,
      "wall_time": 1.8951690196990967,
      "cost_units": 3950
    },
    "0.36": {
      "threshold": 0.36,
      "reached": true,
      "step": 2,
      "wall_time": 1.8951690196990967,
      "cost_units": 3950
    }
  },
  "trace": {
    "loss": [
      0.6236850464872812,
      0.42807043299495967,
      0.3408304786177359,
      0.3587951448405469,
      0.378567349629154,
      0.3470965419107065,
      0.6329452610204539,
      0.3385974210312285,
      0.36722320807320424,
      0.5398090096435709,
      0.33397649652430206,
      0.3710210135181379,
      0.3439196408658097,
      0.37122795042683865,
      0.3332667750242477,
      0.3455071614610419,
      0.3388784551164384,
      0.3566295128559574,
      0.3523215399396892,
      0.34402679008786824,
      0.3431783873431492,
      0.3321696276345375,
      0.32846967978741054,
      0.3271443648914747,
      0.32658337639755336,
      0.3262863100720492,
      0.3260958509360089,
      0.3259588605806895,
      0.32585456410299,
      0.32577298108111147,
      0.32570826017210613,
      0.325656469841204,
      0.3256147644055024,
      0.3255810051992265,
      0.3255535524504779,
      0.32553113356045055,
      0.32551275243672323,
      0.32549762418154726,
      0.3254851268294167,
      0.3254747651061675,
      0.3254661428994789,
      0.3254589421543028,
      0.32545290656848885,
      0.3254478289123299,
      0.32544354110846685,
      0.3254399064308288,
      0.32543681334154645,
      0.3254341706017634,
      0.3254319033785985,
      0.32542995013484605,
      0.3254282601363776,
      0.32542679144889
    ],
    "train_acc": [
      0.6485714285714286,
      0.8657142857142858,
      0.8514285714285714,
      0.8485714285714285,
      0.8628571428571429,
      0.8514285714285714,
      0.7257142857142858,
      0.86,
      0.8485714285714285,
      0.7971428571428572,
      0.8457142857142858,
      0.8342857142857143,
      0.84,
      0.8428571428571429,
      0.8457142857142858,
      0.8457142857142858,
      0.8342857142857143,
      0.8514285714285714,
      0.8371428571428572,
      0.8428571428571429,
      0.8514285714285714,
      0.8485714285714285,
      0.8457142857142858,
      0.8371428571428572,
      0.8371428571428572,
      0.8342857142857143,
      0.8371428571428572,
      0.84,
      0.84,
      0.84,
      0.84,
      0.84,
      0.84,
      0.84,
      0.84,
      0.84,
      0.84,
      0.84,
      0.84,
      0.84,
      0.84,
      0.84,
      0.84,
      0.84,
      0.84,
      0.84,
      0.84,
      0.84,
      0.84,
      0.84,
      0.84,
      0.84
    ],
    "test_acc": [
      0.6333333333333333,
      0.88,
      0.8333333333333334,
      0.7866666666666666,
      0.8533333333333334,
      0.84,
      0.7133333333333334,
      0.82,
      0.84,
      0.8066666666666666,
      0.7866666666666666,
      0.76,
      0.78,
      0.7666666666666667,
      0.8066666666666666,
      0.78,
      0.8066666666666666,
      0.8466666666666667,
      0.8133333333333334,
      0.7666666666666667,
      0.8266666666666667,
      0.8,
      0.8066666666666666,
      0.8066666666666666,
      0.8,
      0.8,
      0.8066666666666666,
      0.8066666666666666,
      0.8066666666666666,
      0.8133333333333334,
      0.8133333333333334,
      0.8133333333333334,
      0.8133333333333334,
      0.8133333333333334,
      0.8133333333333334,
      0.8133333333333334,
      0.8133333333333334,
      0.8133333333333334,
      0.8133333333333334,
      0.8133333333333334,
      0.8133333333333334,
      0.8133333333333334,
      0.8133333333333334,
      0.8133333333333334,
      0.8133333333333334,
      0.8133333333333334,
      0.8133333333333334,
      0.8133333333333334,
      0.8133333333333334,
      0.8133333333333334,
      0.8133333333333334,
      0.8133333333333334
    ],
    "step": [
      0.0,
      1.0,
      2.0,
      3.0,
      4.0,
      5.0,
      6.0,
      7.0,
      8.0,
      9.0,
      10.0,
      11.0,
      12.0,
      13.0,
      14.0,
      15.0,
      16.0,
      17.0,
      18.0,
      19.0,
      20.0,
      21.0,
      22.0,
      23.0,
      24.0,
      25.0,
      26.0,
      27.0,
      28.0,
      29.0,
      30.0,
      31.0,
      32.0,
      33.0,
      34.0,
      35.0,
      36.0,
      37.0,
      38.0,
      39.0,
      40.0,
      41.0,
      42.0,
      43.0,
      44.0,
      45.0,
      46.0,
      47.0,
      48.0,
      49.0,
      50.0,
      51.0
    ],
    "phase": [
      "init",
      "online",
      "online",
      "online",
      "online",
      "online",
      "online",
      "online",
      "online",
      "online",
      "online",
      "online",
      "online",
      "online",
      "online",
      "online",
      "online",
      "online",
      "online",
      "online",
      "online",
      "batch",
      "batch",
      "batch",
      "batch",
      "batch",
      "batch",
      "batch",
      "batch",
      "batch",
      "batch",
      "batch",
      "batch",
      "batch",
      "batch",
      "batch",
      "batch",
      "batch",
      "batch",
      "batch",
      "batch",
      "batch",
      "batch",
      "batch",
      "batch",
      "batch",
      "batch",
      "batch",
      "batch",
      "batch",
      "batch",
      "batch"
    ],
    "wall_time": [
      0.0,
      0.9547841548919678,
      1.8951690196990967,
      2.823038101196289,
      3.7556521892547607,
      4.6635870933532715,
      5.605504035949707,
      6.474318265914917,
      7.401427984237671,
      8.316630125045776,
      9.247445106506348,
      10.16844916343689,
      11.094244241714478,
      12.027069330215454,
      12.953551292419434,
      13.865283250808716,
      14.804793119430542,
      15.703453063964844,
      16.59468913078308,
      17.53158211708069,
      18.459614038467407,
      19.085836172103882,
      19.71734619140625,
      20.38536810874939,
      21.006571054458618,
      21.654505014419556,
      22.31014609336853,
      22.929834127426147,
      23.567267179489136,
      24.19390630722046,
      24.846354961395264,
      25.47273302078247,
      26.088778018951416,
      26.7585232257843,
      27.397438049316406,
      28.009268045425415,
      28.629388093948364,
      29.306692123413086,
      29.923624992370605,
      30.54127526283264,
      31.196898221969604,
      31.828009128570557,
      32.44829702377319,
      33.06993007659912,
      33.70299434661865,
      34.37944722175598,
      35.019981145858765,
      35.65307426452637,
      36.28432512283325,
      36.94310522079468,
      37.57592821121216,
      38.1983642578125
    ],