{
  "optimizer": "krotov",
  "seed": 1,
  "n_layers": 3,
  "n_params": 24,
  "wall_time_total": 145.1869010925293,
  "final_loss": 0.36923937823279945,
  "final_train_acc": 0.8257142857142857,
  "final_test_acc": 0.8466666666666667,
  "total_func_evals": 120500,
  "total_grad_evals": 100,
  "total_steps": 100,
  "trace": {
    "loss": [
      0.7323774784518631,
      0.4393634529447547,
      0.359372181812364,
      0.34020485450444865,
      0.565075443830321,
      0.34167157340319865,
      0.3778408231543202,
      0.4804660712804108,
      0.4472683319282073,
      0.3650780778141204,
      0.3976438810841179,
      0.40763509371269235,
      0.4127194306690332,
      0.421362401908854,
      0.4134204391040991,
      0.4818994740163058,
      0.4543138758543761,
      0.48466490456968114,
      0.4795158338379522,
      0.43472565750328174,
      0.41813795723281616,
      0.41048307583153343,
      0.4139604649036923,
      0.45895902103122205,
      0.6810172255236553,
      0.41931037644625835,
      0.4233095785802274,
      0.3780049205958989,
      0.48102424491015566,
      0.3720227645095501,
      0.34350778837432766,
      0.37119687660296985,
      0.4241064934513536,
      0.4280072894913299,
      0.3552062860535383,
      0.5260230488399589,
      0.4252912610181433,
      0.3885453580347638,
      0.40373679897828324,
      0.34558656576111424,
      0.37790843438318794,
      0.3598897640096616,
      0.39702480579923366,
      0.42132396567780395,
      0.3417758707739676,
      0.3795176651598339,
      0.3503553626637971,
      0.44118655967403964,
      0.344349239869226,
      0.351905625361234,
      0.4247167207260928,
      0.37309003589399253,
      0.37138725512953874,
      0.5152171908895072,
      0.3679237891115177,
      0.4561743342623277,
      0.34668072997813243,
      0.33122001580895594,
      0.3863428008659828,
      0.44633121971464584,
      0.38655745833368843,
      0.5027610240842534,
      0.48560359193461944,
      0.35034009337654043,
      0.3889108710553993,
      0.3632317767541945,
      0.6710023699492412,
      0.4737980016795029,
      0.4197752180804922,
      0.370739594428268,
      0.36117634803610943,
      0.44462644351296204,
      0.4138911530132948,
      0.4017920334946297,
      0.3655107342881608,
      0.6123092076008269,
      0.3745052485639087,
      0.6208692564288962,
      0.33811454235943345,
      0.3454336538210993,
      0.7912318334186139,
      0.44543524067405393,
      0.44213012699368925,
      0.6049843271124169,
      0.406618224853426,
      0.3763458399430537,
      0.5165708952480111,
      0.3751107435709904,
      0.3834396222044074,
      0.4911148165417529,
      0.3495296434541589,
      0.49739734903132493,
      0.35043348708679534,
      0.35487267763369695,
      0.4400566796500842,
      0.40918484113863696,
      0.42252981260267264,
      0.3503388502820063,
      0.3724401325876467,
      0.41109935575417433,
      0.36923937823279945
    ],
    "train_acc": [
      0.42,
      0.82,
      0.8285714285714286,
      0.8342857142857143,
      0.7085714285714285,
      0.8285714285714286,
      0.8285714285714286,
      0.8285714285714286,
      0.8371428571428572,
      0.8342857142857143,
      0.8314285714285714,
      0.8228571428571428,
      0.8885714285714286,
      0.8514285714285714,
      0.8628571428571429,
      0.7114285714285714,
      0.8228571428571428,
      0.88,
      0.8342857142857143,
      0.8657142857142858,
      0.86,
      0.8514285714285714,
      0.9028571428571428,
      0.8314285714285714,
      0.40285714285714286,
      0.8485714285714285,
      0.8085714285714286,
      0.8228571428571428,
      0.8057142857142857,
      0.8314285714285714,
      0.8542857142857143,
      0.8314285714285714,
      0.8171428571428572,
      0.8428571428571429,
      0.8342857142857143,
      0.7942857142857143,
      0.7942857142857143,
      0.8314285714285714,
      0.8485714285714285,
      0.8371428571428572,
      0.8257142857142857,
      0.8314285714285714,
      0.8342857142857143,
      0.8171428571428572,
      0.8314285714285714,
      0.8257142857142857,
      0.8457142857142858,
      0.8342857142857143,
      0.8657142857142858,
      0.8342857142857143,
      0.8171428571428572,
      0.8371428571428572,
      0.84,
      0.82,
      0.8371428571428572,
      0.8571428571428571,
      0.8628571428571429,
      0.8485714285714285,
      0.84,
      0.8171428571428572,
      0.8342857142857143,
      0.7514285714285714,
      0.8,
      0.8342857142857143,
      0.84,
      0.8485714285714285,
      0.5314285714285715,
      0.8057142857142857,
      0.8228571428571428,
      0.8285714285714286,
      0.8371428571428572,
      0.8371428571428572,
      0.8571428571428571,
      0.8314285714285714,
      0.8314285714285714,
      0.6428571428571429,
      0.8742857142857143,
      0.7971428571428572,
      0.8314285714285714,
      0.8285714285714286,
      0.22857142857142856,
      0.8714285714285714,
      0.8657142857142858,
      0.74,
      0.8314285714285714,
      0.86,
      0.7857142857142857,
      0.8342857142857143,
      0.8285714285714286,
      0.8485714285714285,
      0.8342857142857143,
      0.8457142857142858,
      0.8342857142857143,
      0.8371428571428572,
      0.8457142857142858,
      0.8342857142857143,
      0.82,
      0.8285714285714286,
      0.8314285714285714,
      0.8142857142857143,
      0.8257142857142857
    ],
    "test_acc": [
      0.3933333333333333,
      0.8533333333333334,
      0.8466666666666667,
      0.8533333333333334,
      0.7066666666666667,
      0.8533333333333334,
      0.84,
      0.82,
      0.8333333333333334,
      0.8533333333333334,
      0.8533333333333334,
      0.84,
      0.8866666666666667,
      0.8466666666666667,
      0.84,
      0.7,
      0.8266666666666667,
      0.8866666666666667,
      0.8066666666666666,
      0.9,
      0.88,
      0.86,
      0.94,
      0.8266666666666667,
      0.47333333333333333,
      0.8733333333333333,
      0.8333333333333334,
      0.8333333333333334,
      0.7933333333333333,
      0.8533333333333334,
      0.8533333333333334,
      0.8533333333333334,
      0.84,
      0.82,
      0.8533333333333334,
      0.8133333333333334,
      0.8066666666666666,
      0.8466666666666667,
      0.8866666666666667,
      0.84,
      0.84,
      0.84,
      0.8266666666666667,
      0.8333333333333334,
      0.84,
      0.84,
      0.86,
      0.8466666666666667,
      0.88,
      0.8533333333333334,
      0.8533333333333334,
      0.8533333333333334,
      0.8533333333333334,
      0.7933333333333333,
      0.86,
      0.84,
      0.8866666666666667,
      0.88,
      0.84,
      0.8466666666666667,
      0.8533333333333334,
      0.7666666666666667,
      0.7733333333333333,
      0.8533333333333334,
      0.8466666666666667,
      0.8466666666666667,
      0.46,
      0.82,
      0.8333333333333334,
      0.8333333333333334,
      0.84,
      0.84,
      0.8666666666666667,
      0.8533333333333334,
      0.8533333333333334,
      0.6066666666666667,
      0.9,
      0.7933333333333333,
      0.84,
      0.8533333333333334,
      0.20666666666666667,
      0.8533333333333334,
      0.88,
      0.7733333333333333,
      0.8466666666666667,
      0.86,
      0.76,
      0.86,
      0.8466666666666667,
      0.8533333333333334,
      0.8466666666666667,
      0.84,
      0.8533333333333334,
      0.86,
      0.8733333333333333,
      0.8333333333333334,
      0.82,
      0.8466666666666667,
      0.84,
      0.8133333333333334,
      0.8466666666666667
    ],