{
  "optimizer": "adam",
  "seed": 7,
  "n_layers": 3,
  "n_params": 24,
  "wall_time_total": 97.72154927253723,
  "final_loss": 0.41040645033417655,
  "final_train_acc": 0.8428571428571429,
  "final_test_acc": 0.9,
  "total_func_evals": 55300,
  "total_grad_evals": 100,
  "total_steps": 100,
  "trace": {
    "loss": [
      0.7239619196419029,
      0.6891564889969259,
      0.6561792278344156,
      0.6264333813811919,
      0.6002360304306187,
      0.5769586277166694,
      0.5560347441062504,
      0.5373675897156357,
      0.5212914767583245,
      0.5081302267312587,
      0.4977602032671781,
      0.48952497937223793,
      0.48256850589454814,
      0.4762177588806865,
      0.4701204184512733,
      0.46419666306582763,
      0.45852163166130927,
      0.4532068306183045,
      0.44831667174058487,
      0.4438359935935657,
      0.4396884006335809,
      0.43578502528134533,
      0.4320720045386212,
      0.42855454170642815,
      0.425287399996838,
      0.42233833079635597,
      0.41975145464107017,
      0.4175317446740918,
      0.4156522286602781,
      0.414074456406622,
      0.41276742009526507,
      0.41171298084588015,
      0.4108989217330517,
      0.41030926196573336,
      0.40992050979072236,
      0.40970752209196293,
      0.4096544871141602,
      0.40976020106437966,
      0.4100306939956368,
      0.41046245109445895,
      0.4110263688144638,
      0.41166290777631703,
      0.4122932238657917,
      0.41284171838654693,
      0.4132578594649023,
      0.4135256814128166,
      0.4136581639900177,
      0.41368296864667026,
      0.4136288301527191,
      0.4135183724685949,
      0.4133676610195461,
      0.4131892090642524,
      0.41299473565819855,
      0.41279583044571494,
      0.4126028520919852,
      0.4124234243439068,
      0.4122615827468576,
      0.4121177131470737,
      0.4119889118694068,
      0.4118696222569929,
      0.4117528042404519,
      0.4116318405265833,
      0.4115028434907481,
      0.41136646486135275,
      0.4112282731443622,
      0.4110974220453687,
      0.4109842344096863,
      0.4108977798104552,
      0.410844265464989,
      0.4108264251155833,
      0.41084361079879383,
      0.4108922189220275,
      0.41096626028510935,
      0.4110580182393203,
      0.41115872372350704,
      0.4112591466430555,
      0.41135010265220007,
      0.4114230327517296,
      0.4114708181276306,
      0.41148876168060683,
      0.4114753822232995,
      0.41143260709210655,
      0.4113652084332794,
      0.41127971612445224,
      0.4111832557145826,
      0.41108266248834036,
      0.41098394023680274,
      0.4108919243103807,
      0.41081001974232956,
      0.4107400339945007,
      0.41068221455633325,
      0.41063553795875424,
      0.41059816037517977,
      0.41056787337655043,
      0.41054245762946817,
      0.41051991712758273,
      0.4104986176458158,
      0.4104773387153156,
      0.41045523672417833,
      0.41043174258814086,
      0.41040645033417655
    ],
    "train_acc": [
      0.5485714285714286,
      0.62,
      0.7342857142857143,
      0.78,
      0.7942857142857143,
      0.8171428571428572,
      0.8228571428571428,
      0.8142857142857143,
      0.82,
      0.8342857142857143,
      0.8657142857142858,
      0.8657142857142858,
      0.8657142857142858,
      0.8657142857142858,
      0.86,
      0.8571428571428571,
      0.8542857142857143,
      0.8542857142857143,
      0.8485714285714285,
      0.8457142857142858,
      0.84,
      0.84,
      0.84,
      0.8371428571428572,
      0.8428571428571429,
      0.84,
      0.84,
      0.84,
      0.84,
      0.84,
      0.84,
      0.84,
      0.84,
      0.84,
      0.84,
      0.8428571428571429,
      0.8457142857142858,
      0.8485714285714285,
      0.8485714285714285,
      0.8457142857142858,
      0.8457142857142858,
      0.8457142857142858,
      0.8457142857142858,
      0.8457142857142858,
      0.8457142857142858,
      0.8457142857142858,
      0.8457142857142858,
      0.8457142857142858,
      0.8457142857142858,
      0.8457142857142858,
      0.8457142857142858,
      0.8428571428571429,
      0.8428571428571429,
      0.8428571428571429,
      0.84,
      0.8371428571428572,
      0.8371428571428572,
      0.8371428571428572,
      0.8371428571428572,
      0.8371428571428572,
      0.8371428571428572,
      0.8371428571428572,
      0.8371428571428572,
      0.8371428571428572,
      0.8371428571428572,
      0.8371428571428572,
      0.84,
      0.84,
      0.8371428571428572,
      0.8371428571428572,
      0.8371428571428572,
      0.8371428571428572,
      0.8371428571428572,
      0.8371428571428572,
      0.8371428571428572,
      0.8371428571428572,
      0.8371428571428572,
      0.8371428571428572,
      0.8371428571428572,
      0.8371428571428572,
      0.84,
      0.8428571428571429,
      0.8428571428571429,
      0.8428571428571429,
      0.8428571428571429,
      0.8428571428571429,
      0.8428571428571429,
      0.8428571428571429,
      0.8428571428571429,
      0.8428571428571429,
      0.8428571428571429,
      0.84,
      0.84,
      0.84,
      0.8428571428571429,
      0.8428571428571429,
      0.8428571428571429,
      0.8428571428571429,
      0.8428571428571429,
      0.8428571428571429,
      0.8428571428571429
    ],
    "test_acc": [
      0.5666666666666667,
      0.5933333333333334,
      0.6866666666666666,
      0.7666666666666667,
      0.8,
      0.8466666666666667,
      0.8533333333333334,
      0.8666666666666667,
      0.8666666666666667,
      0.8733333333333333,
      0.9,
      0.9066666666666666,
      0.9066666666666666,
      0.9133333333333333,
      0.9133333333333333,
      0.9133333333333333,
      0.9133333333333333,
      0.9066666666666666,
      0.9066666666666666,
      0.9066666666666666,
      0.9066666666666666,
      0.9066666666666666,
      0.9066666666666666,
      0.9066666666666666,
      0.9066666666666666,
      0.9,
      0.9,
      0.9,
      0.9,
      0.9,
      0.9066666666666666,
      0.9066666666666666,
      0.9066666666666666,
      0.9,
      0.9,
      0.9,
      0.9,
      0.9066666666666666,
      0.9066666666666666,
      0.9066666666666666,
      0.9066666666666666,
      0.9066666666666666,
      0.9066666666666666,
      0.9066666666666666,
      0.9066666666666666,
      0.9066666666666666,
      0.9066666666666666,
      0.9066666666666666,
      0.9066666666666666,
      0.9,
      0.9,
      0.9,
      0.9,
      0.9,
      0.9,
      0.9,
      0.9,
      0.9,
      0.9,
      0.9,
      0.9,
      0.9,
      0.9,
      0.9,
      0.9,
      0.9,
      0.9,
      0.9,
      0.9,
      0.9,
      0.9,
      0.9,
      0.9,
      0.9,
      0.9,
      0.9,
      0.9,
      0.9,
      0.9,
      0.9,
      0.9,
      0.9,
      0.9,
      0.9,
      0.9,
      0.9,
      0.9,
      0.9,
      0.9,
      0.9,
      0.9,
      0.9,
      0.9,
      0.9,
      0.9,
      0.9,
      0.9,
      0.9,
      0.9,
      0.9,
      0.9
    ],