{
  "optimizer": "krotov",
  "seed": 7,
  "n_layers": 3,
  "n_params": 24,
  "wall_time_total": 141.82338094711304,
  "final_loss": 0.38529822388439194,
  "final_train_acc": 0.8257142857142857,
  "final_test_acc": 0.86,
  "total_func_evals": 120500,
  "total_grad_evals": 100,
  "total_steps": 100,
  "trace": {
    "loss": [
      0.7239619196419029,
      0.5426788113589935,
      0.48357431508417653,
      0.4527008886851627,
      0.42646675937318956,
      0.40486070808910224,
      0.4984755643798105,
      0.44477727871502093,
      0.4415744006569241,
      0.4185473319085627,
      0.42106653418535483,
      0.45536168306632696,
      0.5463460035203836,
      0.544754579709829,
      0.6461018863785217,
      0.5927238719242002,
      0.3996872321002376,
      0.465485475902515,
      0.4733399028942648,
      0.3972199962846173,
      0.3998757380112334,
      0.38037551019545746,
      0.45681557379237103,
      0.37913215890594254,
      0.45183716708022464,
      0.4456991737211994,
      0.47750641284635453,
      0.5166783559854982,
      0.44905395099519396,
      0.39515097694555446,
      0.5050240631603938,
      0.532959400976957,
      0.6344929829815691,
      0.4675752264475948,
      0.3783647514422702,
      0.6439028223008046,
      0.39774251380094217,
      0.4320893474700657,
      0.42832305795466463,
      0.4093793007227242,
      0.4365940707232852,
      0.6144919315363442,
      0.38688618030831134,
      0.3950407950048611,
      0.5882767148743805,
      0.7081771555694827,
      0.40637012301534453,
      0.3984835679923588,
      0.7138993006396682,
      0.4284204442117977,
      0.6187650705249111,
      0.3816070331331332,
      0.4745609036680504,
      0.44532671447692523,
      0.4382678948730589,
      0.4401989135542187,
      0.39628955342252165,
      0.4256400118126101,
      0.39204510946991866,
      0.45770632639414643,
      0.5094669790462463,
      0.3544418689002882,
      0.36196688340283506,
      0.35452980292564823,
      0.44007992283031383,
      0.48482446382019295,
      0.4111877709042353,
      0.4513650391218839,
      0.4186371660237288,
      0.6600992540093674,
      0.3968176385758583,
      0.3743169940199198,
      0.527588902377342,
      0.437593039774774,
      0.4483612434441727,
      0.4508747632525324,
      0.3886518546709142,
      0.5090772238286723,
      0.402896289342569,
      0.4697728263815304,
      0.3894051250187621,
      0.38442351565389093,
      0.6848961933853825,
      0.43560735434841336,
      0.4723490007568264,
      0.44876200787755216,
      0.39715902746949633,
      0.46058078326744367,
      0.447643753697981,
      0.4274697478974911,
      0.3987058746517974,
      0.4877981838148871,
      0.3887174306240021,
      0.45437039635704424,
      0.4170570727059689,
      0.8216960939851724,
      0.4423561620923642,
      0.3754415859152435,
      0.4260317558338295,
      0.41339883069023214,
      0.38529822388439194
    ],
    "train_acc": [
      0.5485714285714286,
      0.7085714285714285,
      0.8742857142857143,
      0.8085714285714286,
      0.7971428571428572,
      0.8514285714285714,
      0.8171428571428572,
      0.7857142857142857,
      0.8228571428571428,
      0.8142857142857143,
      0.8371428571428572,
      0.8028571428571428,
      0.8428571428571429,
      0.7257142857142858,
      0.52,
      0.7885714285714286,
      0.8171428571428572,
      0.7885714285714286,
      0.8171428571428572,
      0.8114285714285714,
      0.8142857142857143,
      0.8371428571428572,
      0.8028571428571428,
      0.84,
      0.8342857142857143,
      0.8371428571428572,
      0.8971428571428571,
      0.8342857142857143,
      0.8142857142857143,
      0.8485714285714285,
      0.6971428571428572,
      0.7257142857142858,
      0.6914285714285714,
      0.8142857142857143,
      0.8285714285714286,
      0.6342857142857142,
      0.84,
      0.7914285714285715,
      0.8257142857142857,
      0.8142857142857143,
      0.8114285714285714,
      0.7485714285714286,
      0.8314285714285714,
      0.8628571428571429,
      0.7257142857142858,
      0.2571428571428571,
      0.8457142857142858,
      0.8342857142857143,
      0.47714285714285715,
      0.7971428571428572,
      0.76,
      0.8171428571428572,
      0.8028571428571428,
      0.8171428571428572,
      0.82,
      0.8085714285714286,
      0.8114285714285714,
      0.7971428571428572,
      0.8171428571428572,
      0.8314285714285714,
      0.8228571428571428,
      0.8314285714285714,
      0.8314285714285714,
      0.8742857142857143,
      0.8228571428571428,
      0.7685714285714286,
      0.8028571428571428,
      0.8371428571428572,
      0.8142857142857143,
      0.5942857142857143,
      0.8028571428571428,
      0.8371428571428572,
      0.8057142857142857,
      0.8228571428571428,
      0.8114285714285714,
      0.7914285714285715,
      0.8257142857142857,
      0.74,
      0.8285714285714286,
      0.8542857142857143,
      0.8171428571428572,
      0.8257142857142857,
      0.47714285714285715,
      0.8057142857142857,
      0.8142857142857143,
      0.8257142857142857,
      0.8085714285714286,
      0.8371428571428572,
      0.8028571428571428,
      0.8,
      0.8114285714285714,
      0.8457142857142858,
      0.8171428571428572,
      0.8285714285714286,
      0.82,
      0.7028571428571428,
      0.8085714285714286,
      0.82,
      0.82,
      0.82,
      0.8257142857142857
    ],
    "test_acc": [
      0.5666666666666667,
      0.78,
      0.92,
      0.8466666666666667,
      0.8466666666666667,
      0.9333333333333333,
      0.8866666666666667,
      0.8466666666666667,
      0.8666666666666667,
      0.9,
      0.9066666666666666,
      0.8866666666666667,
      0.8733333333333333,
      0.76,
      0.54,
      0.8,
      0.8866666666666667,
      0.8333333333333334,
      0.8866666666666667,
      0.8866666666666667,
      0.8666666666666667,
      0.8733333333333333,
      0.8666666666666667,
      0.8733333333333333,
      0.8666666666666667,
      0.8733333333333333,
      0.94,
      0.9066666666666666,
      0.8866666666666667,
      0.8733333333333333,
      0.68,
      0.7333333333333333,
      0.7466666666666667,
      0.88,
      0.9066666666666666,
      0.6066666666666667,
      0.9133333333333333,
      0.8466666666666667,
      0.86,
      0.86,
      0.9066666666666666,
      0.78,
      0.8933333333333333,
      0.9066666666666666,
      0.6533333333333333,
      0.2,
      0.8733333333333333,
      0.8733333333333333,
      0.47333333333333333,
      0.84,
      0.7933333333333333,
      0.8466666666666667,
      0.84,
      0.8933333333333333,
      0.9,
      0.8733333333333333,
      0.8933333333333333,
      0.84,
      0.8666666666666667,
      0.8666666666666667,
      0.9066666666666666,
      0.8666666666666667,
      0.8666666666666667,
      0.8933333333333333,
      0.9,
      0.84,
      0.8666666666666667,
      0.8666666666666667,
      0.8533333333333334,
      0.62,
      0.84,
      0.88,
      0.88,
      0.88,
      0.8866666666666667,
      0.84,
      0.8533333333333334,
      0.6933333333333334,
      0.92,
      0.9133333333333333,
      0.8666666666666667,
      0.8666666666666667,
      0.47333333333333333,
      0.86,
      0.8733333333333333,
      0.88,
      0.8733333333333333,
      0.9133333333333333,
      0.88,
      0.84,
      0.88,
      0.9133333333333333,
      0.8866666666666667,
      0.9,
      0.8933333333333333,
      0.7466666666666667,
      0.8466666666666667,
      0.8666666666666667,
      0.8866666666666667,
      0.8933333333333333,
      0.86
    ],