{
  "optimizer": "adam",
  "seed": 2,
  "n_layers": 3,
  "n_params": 24,
  "wall_time_total": 97.29441022872925,
  "final_loss": 0.3344823448177949,
  "final_train_acc": 0.8714285714285714,
  "final_test_acc": 0.82,
  "total_func_evals": 55300,
  "total_grad_evals": 100,
  "total_steps": 100,
  "trace": {
    "loss": [
      0.7072903448841147,
      0.6806892687408993,
      0.6561783723555046,
      0.6334786903534013,
      0.6120357417104766,
      0.5913148499936475,
      0.5714675226649318,
      0.5531389203016961,
      0.5368636070715281,
      0.5226268311950787,
      0.5100415689227595,
      0.4986688510314019,
      0.488193989481413,
      0.47839676155461575,
      0.46908341654570507,
      0.460049639913762,
      0.45109160581059127,
      0.4420544289790609,
      0.4329028900723862,
      0.42377099386888223,
      0.4149243464534143,
      0.4066556994654867,
      0.39918355239203385,
      0.39259736321362165,
      0.3868613237787018,
      0.3818735556655783,
      0.3775511902905906,
      0.37388349508346436,
      0.370921395941686,
      0.36872712990964374,
      0.3673236691403209,
      0.3666637367248078,
      0.3666180814818138,
      0.36698041452407354,
      0.36749453034127005,
      0.36790444264289834,
      0.3680088531139198,
      0.36769343832481116,
      0.36693023237555766,
      0.36575360364521964,
      0.3642296128481683,
      0.3624317354161458,
      0.36042870294183627,
      0.35828359948323596,
      0.3560591096161515,
      0.35382262937091613,
      0.35164602236826387,
      0.3495973029795439,
      0.3477259314269708,
      0.34604959404855085,
      0.34455381053981854,
      0.3432089088617266,
      0.34199372106247516,
      0.34090842097884455,
      0.3399689372322422,
      0.33918957568227004,
      0.33856629500957597,
      0.33807080733334355,
      0.33765890720185854,
      0.3372876294619422,
      0.33693015702777085,
      0.33658003910348866,
      0.33624487107202283,
      0.3359362305127769,
      0.33566297664908756,
      0.33543059531879504,
      0.33524418954739144,
      0.33511053551130204,
      0.3350363907613555,
      0.3350239430431136,
      0.33506682840025914,
      0.3351497988766866,
      0.33525241893370006,
      0.3353543745638516,
      0.33543929313388854,
      0.33549562553819623,
      0.3355154892951528,
      0.3354936364999404,
      0.33542814243255453,
      0.33532250423548354,
      0.3351871521165202,
      0.3350384299310901,
      0.3348948952582812,
      0.33477276746066065,
      0.33468290004392437,
      0.33463038648317067,
      0.3346159021649115,
      0.3346368503707958,
      0.3346871661005826,
      0.3347564025060322,
      0.33482982573082265,
      0.3348907419345205,
      0.3349246302851163,
      0.3349232039678776,
      0.3348864004771924,
      0.334821533021553,
      0.3347403983832128,
      0.33465592290997376,
      0.33457959906624346,
      0.3345200464478262,
      0.3344823448177949
    ],
    "train_acc": [
      0.41714285714285715,
      0.62,
      0.6514285714285715,
      0.6628571428571428,
      0.7457142857142857,
      0.8342857142857143,
      0.8371428571428572,
      0.8371428571428572,
      0.84,
      0.8485714285714285,
      0.8457142857142858,
      0.8457142857142858,
      0.8428571428571429,
      0.8485714285714285,
      0.8514285714285714,
      0.8514285714285714,
      0.8485714285714285,
      0.8657142857142858,
      0.8542857142857143,
      0.8542857142857143,
      0.8542857142857143,
      0.8514285714285714,
      0.8514285714285714,
      0.8571428571428571,
      0.8571428571428571,
      0.86,
      0.8657142857142858,
      0.8657142857142858,
      0.8714285714285714,
      0.8685714285714285,
      0.8628571428571429,
      0.86,
      0.86,
      0.8571428571428571,
      0.8542857142857143,
      0.8514285714285714,
      0.8514285714285714,
      0.8514285714285714,
      0.8514285714285714,
      0.8514285714285714,
      0.8542857142857143,
      0.8571428571428571,
      0.8571428571428571,
      0.8571428571428571,
      0.86,
      0.8628571428571429,
      0.8628571428571429,
      0.8685714285714285,
      0.8685714285714285,
      0.8685714285714285,
      0.8685714285714285,
      0.8685714285714285,
      0.8685714285714285,
      0.8685714285714285,
      0.8685714285714285,
      0.8628571428571429,
      0.8657142857142858,
      0.8657142857142858,
      0.8628571428571429,
      0.8657142857142858,
      0.8657142857142858,
      0.8657142857142858,
      0.8657142857142858,
      0.8657142857142858,
      0.8657142857142858,
      0.8685714285714285,
      0.8685714285714285,
      0.8685714285714285,
      0.8685714285714285,
      0.8714285714285714,
      0.8685714285714285,
      0.8685714285714285,
      0.8657142857142858,
      0.8657142857142858,
      0.8657142857142858,
      0.8657142857142858,
      0.8657142857142858,
      0.8657142857142858,
      0.8657142857142858,
      0.8657142857142858,
      0.8657142857142858,
      0.8657142857142858,
      0.8657142857142858,
      0.8657142857142858,
      0.8657142857142858,
      0.8657142857142858,
      0.8685714285714285,
      0.8685714285714285,
      0.8685714285714285,
      0.8685714285714285,
      0.8685714285714285,
      0.8714285714285714,
      0.8714285714285714,
      0.8714285714285714,
      0.8714285714285714,
      0.8714285714285714,
      0.8714285714285714,
      0.8714285714285714,
      0.8714285714285714,
      0.8714285714285714,
      0.8714285714285714
    ],
    "test_acc": [
      0.44666666666666666,
      0.6533333333333333,
      0.6933333333333334,
      0.7133333333333334,
      0.76,
      0.8466666666666667,
      0.8733333333333333,
      0.8733333333333333,
      0.8666666666666667,
      0.8666666666666667,
      0.8666666666666667,
      0.8666666666666667,
      0.8733333333333333,
      0.86,
      0.8466666666666667,
      0.8533333333333334,
      0.84,
      0.8333333333333334,
      0.82,
      0.82,
      0.82,
      0.82,
      0.82,
      0.8066666666666666,
      0.82,
      0.8333333333333334,
      0.8333333333333334,
      0.8333333333333334,
      0.8333333333333334,
      0.8333333333333334,
      0.8333333333333334,
      0.8333333333333334,
      0.8266666666666667,
      0.8266666666666667,
      0.8333333333333334,
      0.8333333333333334,
      0.8333333333333334,
      0.8266666666666667,
      0.8266666666666667,
      0.8266666666666667,
      0.8266666666666667,
      0.8266666666666667,
      0.8266666666666667,
      0.8266666666666667,
      0.8333333333333334,
      0.8333333333333334,
      0.8333333333333334,
      0.8333333333333334,
      0.8333333333333334,
      0.8333333333333334,
      0.84,
      0.84,
      0.84,
      0.84,
      0.8333333333333334,
      0.8333333333333334,
      0.84,
      0.84,
      0.84,
      0.84,
      0.84,
      0.84,
      0.8333333333333334,
      0.8266666666666667,
      0.8266666666666667,
      0.8266666666666667,
      0.8266666666666667,
      0.8266666666666667,
      0.82,
      0.82,
      0.82,
      0.8266666666666667,
      0.8266666666666667,
      0.8333333333333334,
      0.8333333333333334,
      0.8266666666666667,
      0.8266666666666667,
      0.8266666666666667,
      0.82,
      0.82,
      0.82,
      0.8266666666666667,
      0.8266666666666667,
      0.8266666666666667,
      0.8333333333333334,
      0.8333333333333334,
      0.8333333333333334,
      0.8266666666666667,
      0.82,
      0.82,
      0.82,
      0.82,
      0.82,
      0.82,
      0.82,
      0.82,
      0.82,
      0.82,
      0.82,
      0.82,
      0.82
    ],