{
  "optimizer": "krotov_hybrid_sw005",
  "optimizer_name": "krotov_hybrid",
  "optimizer_family": "krotov_hybrid",
  "is_sweep": true,
  "sweep_group": "krotov_hybrid",
  "config_overrides": {
    "hybrid_switch_iteration": 5
  },
  "seed": 1,
  "n_layers": 3,
  "model_architecture": "hea",
  "input_encoding": "tanh_0_pi",
  "n_params": 24,
  "wall_time_total": 12.572094917297363,
  "final_loss": 0.3476007628137778,
  "final_train_acc": 0.8371428571428572,
  "final_test_acc": 0.8533333333333334,
  "total_cost_units": 31850,
  "total_func_evals": 31850,
  "total_grad_evals": 1765,
  "total_sample_forward_passes": 24850,
  "total_sample_backward_passes": 7000,
  "total_full_loss_evaluations": 21,
  "total_steps": 20,
  "threshold_metrics": {
    "0.45": {
      "threshold": 0.45,
      "reached": true,
      "step": 1,
      "wall_time": 0.8975679874420166,
      "cost_units": 2400
    },
    "0.40": {
      "threshold": 0.4,
      "reached": true,
      "step": 1,
      "wall_time": 0.8975679874420166,
      "cost_units": 2400
    },
    "0.38": {
      "threshold": 0.38,
      "reached": true,
      "step": 2,
      "wall_time": 1.7120640277862549,
      "cost_units": 3950
    },
    "0.36": {
      "threshold": 0.36,
      "reached": true,
      "step": 3,
      "wall_time": 2.528881072998047,
      "cost_units": 5500
    }
  },
  "trace": {
    "loss": [
      0.7323774784518631,
      0.39510499508504493,
      0.37787728225412726,
      0.3452906518032391,
      0.3698136081301384,
      0.35947945704257117,
      0.35404412103894595,
      0.3522470101919392,
      0.3515055370172605,
      0.3510696451311569,
      0.3507223547821145,
      0.35040058432910526,
      0.35008586279268966,
      0.34977281203595184,
      0.3494600053804024,
      0.34914728447596116,
      0.34883495023784067,
      0.3485235026636975,
      0.348213544379944,
      0.3479057350144246,
      0.3476007628137778
    ],
    "train_acc": [
      0.42,
      0.8257142857142857,
      0.8257142857142857,
      0.8371428571428572,
      0.8457142857142858,
      0.8371428571428572,
      0.8371428571428572,
      0.8371428571428572,
      0.8342857142857143,
      0.8342857142857143,
      0.8342857142857143,
      0.8342857142857143,
      0.8342857142857143,
      0.8342857142857143,
      0.8342857142857143,
      0.8342857142857143,
      0.8342857142857143,
      0.8342857142857143,
      0.8342857142857143,
      0.8342857142857143,
      0.8371428571428572
    ],
    "test_acc": [
      0.3933333333333333,
      0.8533333333333334,
      0.84,
      0.8533333333333334,
      0.8533333333333334,
      0.86,
      0.8666666666666667,
      0.8533333333333334,
      0.8533333333333334,
      0.8533333333333334,
      0.8533333333333334,
      0.8533333333333334,
      0.8533333333333334,
      0.8533333333333334,
      0.8533333333333334,
      0.8533333333333334,
      0.8533333333333334,
      0.8533333333333334,
      0.8533333333333334,
      0.8533333333333334,
      0.8533333333333334
    ],
    "step": [
      0.0,
      1.0,
      2.0,
      3.0,
      4.0,
      5.0,
      6.0,
      7.0,
      8.0,
      9.0,
      10.0,
      11.0,
      12.0,
      13.0,
      14.0,
      15.0,
      16.0,
      17.0,
      18.0,
      19.0,
      20.0
    ],
    "phase": [
      "init",
      "online",
      "online",
      "online",
      "online",
      "online",
      "batch",
      "batch",
      "batch",
      "batch",
      "batch",
      "batch",
      "batch",
      "batch",
      "batch",
      "batch",
      "batch",
      "batch",
      "batch",
      "batch",
      "batch"
    ],
    "wall_time": [
      0.0,
      0.8975679874420166,
      1.7120640277862549,
      2.528881072998047,
      3.314696788787842,
      4.103442192077637,
      4.649900913238525,
      5.219736099243164,
      5.78989315032959,
      6.379251956939697,
      6.929605007171631,
      7.490052938461304,
      8.038646936416626,
      8.589334964752197,
      9.133736848831177,
      9.691242933273315,
      10.24431300163269,
      10.824712991714478,
      11.425956964492798,
      12.002600193023682,
      12.572067975997925
    ],
    "func_evals": [
      850.0,
      2400.0,
      3950.0,
      5500.0,
      7050.0,
      8600.0,
      10150.0,
      11700.0,
      13250.0,
      14800.0,
      16350.0,
      17900.0,
      19450.0,
      21000.0,
      22550.0,
      24100.0,
      25650.0,
      27200.0,
      28750.0,
      30300.0,
      31850.0
    ],
    "grad_evals": [
      0.0,
      350.0,
      700.0,
      1050.0,
      1400.0,
      1750.0,
      1751.0,
      1752.0,
      1753.0,
      1754.0,
      1755.0,
      1756.0,
      1757.0,
      1758.0,
      1759.0,
      1760.0,
      1761.0,
      1762.0,
      1763.0,
      1764.0,
      1765.0
    ],
    "sample_forward_passes": [
      850.0,
      2050.0,
      3250.0,
      4450.0,
      5650.0,
      6850.0,
      8050.0,
      9250.0,
      10450.0,
      11650.0,
      12850.0,
      14050.0,
      15250.0,
      16450.0,
      17650.0,
      18850.0,
      20050.0,
      21250.0,
      22450.0,
      23650.0,
      24850.0
    ],
    "sample_backward_passes": [
      0.0,
      350.0,
      700.0,
      1050.0,
      1400.0,
      1750.0,
      2100.0,
      2450.0,
      2800.0,
      3150.0,
      3500.0,
      3850.0,
      4200.0,
      4550.0,
      4900.0,
      5250.0,
      5600.0,
      5950.0,
      6300.0,
      6650.0,
      7000.0
    ],
    "full_loss_evaluations": [
      1.0,
      2.0,
      3.0,
      4.0,
      5.0,
      6.0,
      7.0,
      8.0,
      9.0,
      10.0,
      11.0,
      12.0,
      13.0,
      14.0,
      15.0,
      16.0,
      17.0,
      18.0,
      19.0,
      20.0,
      21.0
    ],
    "gradient_evaluations": [
      0.0,
      350.0,
      700.0,
      1050.0,
      1400.0,
      1750.0,
      1751.0,
      1752.0,
      1753.0,
      1754.0,
      1755.0,
      1756.0,
      1757.0,
      1758.0,
      1759.0,
      1760.0,
      1761.0,
      1762.0,
      1763.0,
      1764.0,
      1765.0
    ],
    "cost_units": [
      850.0,
      2400.0,
      3950.0,
      5500.0,
      7050.0,
      8600.0,
      10150.0,
      11700.0,
      13250.0,
      14800.0,
      16350.0,
      17900.0,
      19450.0,
      21000.0,
      22550.0,
      24100.0,
      25650.0,
      27200.0,
      28750.0,
      30300.0,
      31850.0
    ],
    "step_size": [
      0.0,
      0.3,
      0.3,
      0.3,
      0.3,
      0.3,
      1.0,
      1.0,
      1.0,
      1.0,
      1.0,
      1.0,
      1.0,
      1.0,
      1.0,
      1.0,
      1.0,
      1.0,
      1.0,
      1.0,
      1.0
    ],
    "update_norm": [
      0.0,
      4.048497778718087,
      1.5720009837258189,
      1.0233350890194637,
      3.2720788865364114,
      1.2764027991448923,
      0.08349145543333587,
      0.04736704453292764,
      0.029507100896156647,
      0.02175692767749734,
      0.018925104194208554,
      0.018024008471346283,
      0.017763282659413213,
      0.017697936763623814,
      0.0176871600288418,
      0.017685780442982843,
      0.017677867926147024,
      0.017656757092548072,
      0.017619055718226622,
      0.017562792334365314,
      0.017486798376176713
    ],
    "gradient_norm": [
      0.0,
      0.03855712170207704,
      0.01497143794024588,
      0.009746048466852035,
      0.031162656062251538,
      0.012156217134713229,
      0.08349145543333587,
      0.04736704453292764,
      0.029507100896156647,
      0.02175692767749734,
      0.018925104194208554,
      0.018024008471346283,
      0.017763282659413213,
      0.017697936763623814,
      0.0176871600288418,
      0.017685780442982843,
      0.017677867926147024,
      0.017656757092548072,
      0.017619055718226622,
      0.017562792334365314,
      0.017486798376176713
    ],