{
  "optimizer": "krotov_hybrid",
  "optimizer_name": "krotov_hybrid",
  "optimizer_family": "krotov_hybrid",
  "is_sweep": false,
  "sweep_group": null,
  "config_overrides": {},
  "seed": 3,
  "n_layers": 3,
  "model_architecture": "hea",
  "input_encoding": "tanh_0_pi",
  "n_params": 24,
  "wall_time_total": 38.11055898666382,
  "final_loss": 0.34781783856399157,
  "final_train_acc": 0.8257142857142857,
  "final_test_acc": 0.86,
  "total_cost_units": 79900,
  "total_func_evals": 79900,
  "total_grad_evals": 7031,
  "total_sample_forward_passes": 62050,
  "total_sample_backward_passes": 17850,
  "total_full_loss_evaluations": 52,
  "total_steps": 51,
  "threshold_metrics": {
    "0.45": {
      "threshold": 0.45,
      "reached": true,
      "step": 1,
      "wall_time": 0.947458028793335,
      "cost_units": 2400
    },
    "0.40": {
      "threshold": 0.4,
      "reached": true,
      "step": 1,
      "wall_time": 0.947458028793335,
      "cost_units": 2400
    },
    "0.38": {
      "threshold": 0.38,
      "reached": true,
      "step": 1,
      "wall_time": 0.947458028793335,
      "cost_units": 2400
    },
    "0.36": {
      "threshold": 0.36,
      "reached": true,
      "step": 6,
      "wall_time": 5.5427939891815186,
      "cost_units": 10150
    }
  },
  "trace": {
    "loss": [
      0.7776607606106509,
      0.36778882805262314,
      0.3674725109413464,
      0.3625601356458697,
      0.3630450895532841,
      0.38145258694586703,
      0.35398670595952936,
      0.35616037034235987,
      0.37240312797826813,
      0.35387312707844787,
      0.36097672925132773,
      0.3824367769610364,
      0.3603465760235757,
      0.3509724494693657,
      0.36107004911032864,
      0.38597662369429525,
      0.3507966155522733,
      0.3516005689766318,
      0.35625477142609857,
      0.3847957708879452,
      0.35832894867807896,
      0.3527091914994788,
      0.3504724629315601,
      0.34948909772086734,
      0.3489895000552171,
      0.34869566723913714,
      0.3485019800366888,
      0.3483643840250044,
      0.34826200973984145,
      0.3481835368628782,
      0.34812208667154804,
      0.34807313701452364,
      0.348033565266388,
      0.3480011486501123,
      0.34797427236341777,
      0.3479517448715716,
      0.34793267502061986,
      0.34791638781645595,
      0.3479023656437438,
      0.3478902067264488,
      0.3478795954804085,
      0.3478702811615862,
      0.34786206235042294,
      0.34785477557234623,
      0.34784828687080954,
      0.3478424855037258,
      0.34783727917913976,
      0.3478325904161582,
      0.3478283537359118,
      0.3478245134705748,
      0.34782102203711573,
      0.34781783856399157
    ],
    "train_acc": [
      0.2714285714285714,
      0.8171428571428572,
      0.8257142857142857,
      0.8314285714285714,
      0.8285714285714286,
      0.82,
      0.82,
      0.82,
      0.8342857142857143,
      0.8285714285714286,
      0.8228571428571428,
      0.8314285714285714,
      0.8285714285714286,
      0.8171428571428572,
      0.8257142857142857,
      0.8257142857142857,
      0.82,
      0.8285714285714286,
      0.8257142857142857,
      0.8228571428571428,
      0.8314285714285714,
      0.8314285714285714,
      0.8257142857142857,
      0.8257142857142857,
      0.8285714285714286,
      0.8285714285714286,
      0.8257142857142857,
      0.8257142857142857,
      0.8257142857142857,
      0.8257142857142857,
      0.8257142857142857,
      0.8257142857142857,
      0.8257142857142857,
      0.8257142857142857,
      0.8257142857142857,
      0.8257142857142857,
      0.8257142857142857,
      0.8257142857142857,
      0.8257142857142857,
      0.8257142857142857,
      0.8257142857142857,
      0.8257142857142857,
      0.8257142857142857,
      0.8257142857142857,
      0.8257142857142857,
      0.8257142857142857,
      0.8257142857142857,
      0.8257142857142857,
      0.8257142857142857,
      0.8257142857142857,
      0.8257142857142857,
      0.8257142857142857
    ],
    "test_acc": [
      0.28,
      0.86,
      0.8533333333333334,
      0.86,
      0.8533333333333334,
      0.8533333333333334,
      0.8533333333333334,
      0.8466666666666667,
      0.8733333333333333,
      0.86,
      0.8533333333333334,
      0.8466666666666667,
      0.8533333333333334,
      0.8466666666666667,
      0.86,
      0.8533333333333334,
      0.8466666666666667,
      0.86,
      0.86,
      0.8533333333333334,
      0.8533333333333334,
      0.8666666666666667,
      0.86,
      0.86,
      0.86,
      0.86,
      0.86,
      0.86,
      0.86,
      0.86,
      0.86,
      0.86,
      0.86,
      0.86,
      0.86,
      0.86,
      0.86,
      0.86,
      0.86,
      0.86,
      0.86,
      0.86,
      0.86,
      0.86,
      0.86,
      0.86,
      0.86,
      0.86,
      0.86,
      0.86,
      0.86,
      0.86
    ],
    "step": [
      0.0,
      1.0,
      2.0,
      3.0,
      4.0,
      5.0,
      6.0,
      7.0,
      8.0,
      9.0,
      10.0,
      11.0,
      12.0,
      13.0,
      14.0,
      15.0,
      16.0,
      17.0,
      18.0,
      19.0,
      20.0,
      21.0,
      22.0,
      23.0,
      24.0,
      25.0,
      26.0,
      27.0,
      28.0,
      29.0,
      30.0,
      31.0,
      32.0,
      33.0,
      34.0,
      35.0,
      36.0,
      37.0,
      38.0,
      39.0,
      40.0,
      41.0,
      42.0,
      43.0,
      44.0,
      45.0,
      46.0,
      47.0,
      48.0,
      49.0,
      50.0,
      51.0
    ],
    "phase": [
      "init",
      "online",
      "online",
      "online",
      "online",
      "online",
      "online",
      "online",
      "online",
      "online",
      "online",
      "online",
      "online",
      "online",
      "online",
      "online",
      "online",
      "online",
      "online",
      "online",
      "online",
      "batch",
      "batch",
      "batch",
      "batch",
      "batch",
      "batch",
      "batch",
      "batch",
      "batch",
      "batch",
      "batch",
      "batch",
      "batch",
      "batch",
      "batch",
      "batch",
      "batch",
      "batch",
      "batch",
      "batch",
      "batch",
      "batch",
      "batch",
      "batch",
      "batch",
      "batch",
      "batch",
      "batch",
      "batch",
      "batch",
      "batch"
    ],
    "wall_time": [
      0.0,
      0.947458028793335,
      1.8821959495544434,
      2.8035240173339844,
      3.741611957550049,
      4.611124038696289,
      5.5427939891815186,
      6.4939610958099365,
      7.431915998458862,
      8.345914125442505,
      9.266586065292358,
      10.136017084121704,
      11.053961038589478,
      12.0001060962677,
      12.916630029678345,
      13.84377908706665,
      14.712077140808105,
      15.6562180519104,
      16.529497146606445,
      17.415959119796753,
      18.341646194458008,
      18.96397113800049,
      19.602278232574463,
      20.270133018493652,
      20.882472038269043,
      21.523491144180298,
      22.135213136672974,
      22.788275003433228,
      23.417064905166626,
      24.031174898147583,
      24.693480014801025,
      25.338172912597656,
      25.964215993881226,
      26.693480968475342,
      27.286875247955322,
      27.918272018432617,
      28.59181499481201,
      29.20667600631714,
      29.84421992301941,
      30.503665924072266,
      31.123414993286133,
      31.757825136184692,
      32.37732911109924,
      32.99460005760193,
      33.666577100753784,
      34.28906226158142,
      34.90711498260498,
      35.57648205757141,
      36.19074296951294,
      36.80718517303467,
      37.480340003967285,
      38.11053800582886
    ],