{
  "optimizer": "krotov",
  "seed": 3,
  "n_layers": 3,
  "n_params": 24,
  "wall_time_total": 143.07717633247375,
  "final_loss": 0.44578160226165053,
  "final_train_acc": 0.8771428571428571,
  "final_test_acc": 0.9133333333333333,
  "total_func_evals": 120500,
  "total_grad_evals": 100,
  "total_steps": 100,
  "trace": {
    "loss": [
      0.7776607606106513,
      0.5822008829542923,
      0.403505445190071,
      0.3805780224255479,
      0.3649286671146395,
      0.38023320027329444,
      0.4364393271744954,
      0.3876455835372323,
      0.4757949761140956,
      0.3714095478520529,
      0.44159802916123053,
      0.4395010819440552,
      0.3924261672630948,
      0.3564403562348761,
      0.47208890667241105,
      0.4934205854050547,
      0.3610190296983984,
      0.41801689729188346,
      0.3552711446976074,
      0.41912404089105526,
      0.40072014142946094,
      0.5980404113020623,
      0.35958907653975625,
      0.41937495915453227,
      0.44765731153109384,
      0.5065296203885721,
      0.47680773639349955,
      0.4576545251734917,
      0.4022849246742052,
      0.4101833874325378,
      0.38033015490210476,
      0.3851249845047193,
      0.46050558025702704,
      0.4425455705742051,
      0.4347312908643381,
      0.582501151806722,
      0.48627644342403364,
      0.3953921589883965,
      0.7977947082067375,
      0.3859519873915823,
      0.4749122337447009,
      0.40328929355188514,
      0.6315497905102628,
      0.6692559168648108,
      0.38974140404322,
      0.41411576023544644,
      0.44261092786201156,
      0.4083419390958186,
      0.40749819333044635,
      0.5423279234701386,
      0.38930619722851656,
      0.4304208523044191,
      0.3831458166900777,
      0.48005471467691335,
      0.6085018952200517,
      0.4980881620131672,
      0.367665097469466,
      0.3893429571705957,
      0.43542961969017524,
      0.3621131894838179,
      0.425574023489475,
      0.517745510853367,
      0.395154541173246,
      0.4950841136926309,
      0.4540709905690018,
      0.35469554017658406,
      0.604064713484243,
      0.34939518273240927,
      0.40440565120118477,
      0.3950158588426861,
      0.38384613345996815,
      0.4048057878585954,
      0.4871649380186362,
      0.4592903979810394,
      0.4836191823065644,
      0.41301262494782676,
      0.39369037269941226,
      0.5688742150132985,
      0.5027334396555186,
      0.39355898561363256,
      0.36325618893400735,
      0.5373879583794092,
      0.4594766233387488,
      0.36820583560228737,
      0.41913023345982287,
      0.452544363389919,
      0.36440687881445716,
      0.36986157162740607,
      0.5804041893941733,
      0.39155601786425687,
      0.3690940780425651,
      0.5253055312438996,
      0.39407814546820596,
      0.3551365262840285,
      0.4190831327976228,
      0.4110373985635424,
      0.3283293150876458,
      0.46814274314819077,
      0.39516535067817166,
      0.5652996223908965,
      0.44578160226165053
    ],
    "train_acc": [
      0.2714285714285714,
      0.7885714285714286,
      0.8171428571428572,
      0.8285714285714286,
      0.8171428571428572,
      0.8228571428571428,
      0.8028571428571428,
      0.8314285714285714,
      0.8657142857142858,
      0.8285714285714286,
      0.8514285714285714,
      0.8228571428571428,
      0.8257142857142857,
      0.82,
      0.8057142857142857,
      0.8,
      0.8228571428571428,
      0.8257142857142857,
      0.8228571428571428,
      0.8257142857142857,
      0.8342857142857143,
      0.7028571428571428,
      0.8257142857142857,
      0.8857142857142857,
      0.8285714285714286,
      0.8028571428571428,
      0.8057142857142857,
      0.8257142857142857,
      0.8714285714285714,
      0.8285714285714286,
      0.8314285714285714,
      0.8285714285714286,
      0.7828571428571428,
      0.8314285714285714,
      0.8342857142857143,
      0.7028571428571428,
      0.7628571428571429,
      0.84,
      0.3942857142857143,
      0.8314285714285714,
      0.7942857142857143,
      0.8257142857142857,
      0.82,
      0.5,
      0.8485714285714285,
      0.8142857142857143,
      0.84,
      0.8371428571428572,
      0.8314285714285714,
      0.8657142857142858,
      0.8257142857142857,
      0.8114285714285714,
      0.8171428571428572,
      0.8314285714285714,
      0.82,
      0.8,
      0.8228571428571428,
      0.8342857142857143,
      0.8342857142857143,
      0.8285714285714286,
      0.8171428571428572,
      0.8085714285714286,
      0.8171428571428572,
      0.7657142857142857,
      0.8285714285714286,
      0.86,
      0.7485714285714286,
      0.8285714285714286,
      0.8428571428571429,
      0.82,
      0.8314285714285714,
      0.8285714285714286,
      0.7885714285714286,
      0.82,
      0.6828571428571428,
      0.8428571428571429,
      0.8257142857142857,
      0.76,
      0.7942857142857143,
      0.8371428571428572,
      0.8285714285714286,
      0.8,
      0.8171428571428572,
      0.8285714285714286,
      0.82,
      0.8085714285714286,
      0.8228571428571428,
      0.8285714285714286,
      0.7714285714285715,
      0.8342857142857143,
      0.82,
      0.8457142857142858,
      0.8742857142857143,
      0.8285714285714286,
      0.8285714285714286,
      0.8457142857142858,
      0.8314285714285714,
      0.8114285714285714,
      0.8457142857142858,
      0.7542857142857143,
      0.8771428571428571
    ],
    "test_acc": [
      0.28,
      0.78,
      0.8533333333333334,
      0.8666666666666667,
      0.8533333333333334,
      0.8466666666666667,
      0.86,
      0.8533333333333334,
      0.8933333333333333,
      0.8533333333333334,
      0.8733333333333333,
      0.8466666666666667,
      0.8533333333333334,
      0.8466666666666667,
      0.8533333333333334,
      0.8,
      0.8733333333333333,
      0.8466666666666667,
      0.8533333333333334,
      0.8533333333333334,
      0.86,
      0.6533333333333333,
      0.8533333333333334,
      0.92,
      0.8533333333333334,
      0.8466666666666667,
      0.84,
      0.8666666666666667,
      0.8933333333333333,
      0.8466666666666667,
      0.8466666666666667,
      0.8533333333333334,
      0.8466666666666667,
      0.86,
      0.88,
      0.7533333333333333,
      0.8,
      0.8733333333333333,
      0.38666666666666666,
      0.84,
      0.8466666666666667,
      0.8466666666666667,
      0.8333333333333334,
      0.5066666666666667,
      0.86,
      0.84,
      0.8666666666666667,
      0.8533333333333334,
      0.8533333333333334,
      0.8933333333333333,
      0.8666666666666667,
      0.8466666666666667,
      0.86,
      0.8733333333333333,
      0.8333333333333334,
      0.7933333333333333,
      0.8533333333333334,
      0.8466666666666667,
      0.8666666666666667,
      0.8533333333333334,
      0.8333333333333334,
      0.8466666666666667,
      0.8533333333333334,
      0.8266666666666667,
      0.8466666666666667,
      0.8933333333333333,
      0.76,
      0.8533333333333334,
      0.8733333333333333,
      0.86,
      0.8533333333333334,
      0.86,
      0.8066666666666666,
      0.84,
      0.6733333333333333,
      0.8733333333333333,
      0.86,
      0.8066666666666666,
      0.8333333333333334,
      0.86,
      0.8666666666666667,
      0.8466666666666667,
      0.84,
      0.86,
      0.8466666666666667,
      0.8266666666666667,
      0.8533333333333334,
      0.86,
      0.82,
      0.8533333333333334,
      0.8466666666666667,
      0.9,
      0.9066666666666666,
      0.8533333333333334,
      0.8733333333333333,
      0.8933333333333333,
      0.8733333333333333,
      0.8533333333333334,
      0.88,
      0.74,
      0.9133333333333333
    ],