{
  "optimizer": "adam",
  "seed": 5,
  "n_layers": 3,
  "n_params": 24,
  "wall_time_total": 97.16712641716003,
  "final_loss": 0.3105364026041983,
  "final_train_acc": 0.8714285714285714,
  "final_test_acc": 0.8066666666666666,
  "total_func_evals": 55300,
  "total_grad_evals": 100,
  "total_steps": 100,
  "trace": {
    "loss": [
      0.7998389287110315,
      0.7570549970913144,
      0.7146138342863366,
      0.6731525323705476,
      0.6314169415123939,
      0.5898755398751315,
      0.5503640049613109,
      0.514643451307571,
      0.48371881156998703,
      0.4576292905887301,
      0.436165703699096,
      0.4191326726274204,
      0.40615068900985674,
      0.3965115224198586,
      0.38930537548429517,
      0.3837734595081042,
      0.37948864982296565,
      0.3762066384084184,
      0.3736810145702131,
      0.37158194566861663,
      0.36951634846592396,
      0.3671520340654197,
      0.36435673116606904,
      0.36119517641261767,
      0.3578068396516532,
      0.3543018935032696,
      0.3507399132770143,
      0.34716338319306356,
      0.34362855275735105,
      0.34021303231873407,
      0.33700668852912175,
      0.33408978747013546,
      0.331505379249727,
      0.329245943185163,
      0.3272714893278012,
      0.32554324659157813,
      0.3240374614031279,
      0.32273427309949504,
      0.3216093920813294,
      0.32064487163216515,
      0.3198433435389577,
      0.3192247291571832,
      0.31880492571606,
      0.31857094886934934,
      0.318470131073355,
      0.3184261313867243,
      0.3183747825349835,
      0.3182899806467587,
      0.3181785569082748,
      0.3180555869520797,
      0.31792580322712266,
      0.3177835696751874,
      0.317623396793703,
      0.31744606120051666,
      0.3172562022410403,
      0.3170589518465831,
      0.3168608616924811,
      0.316670981057251,
      0.3164969988077471,
      0.31633940336570326,
      0.31619098166574117,
      0.31604354429697323,
      0.3158954108039111,
      0.3157522135951404,
      0.31562095018615965,
      0.315503756734208,
      0.3153967409702745,
      0.3152932534984479,
      0.31518736603009523,
      0.3150750055775166,
      0.31495370325191846,
      0.3148226887896565,
      0.3146830825326655,
      0.3145368754280058,
      0.314384950783188,
      0.3142261040605131,
      0.3140582344540851,
      0.3138805656491671,
      0.3136948191048648,
      0.31350463907945886,
      0.31331428766693764,
      0.31312772750353457,
      0.3129481312090637,
      0.3127773452793074,
      0.3126153971465349,
      0.31246063867566054,
      0.3123106801395685,
      0.3121634600357827,
      0.3120177130604387,
      0.31187281523325816,
      0.31172854290266766,
      0.31158506907208827,
      0.3114430116870861,
      0.31130329349893054,
      0.3111669524606158,
      0.3110352266132871,
      0.3109099391530768,
      0.31079382266635486,
      0.3106904176338691,
      0.31060351508556244,
      0.3105364026041983
    ],
    "train_acc": [
      0.3514285714285714,
      0.37714285714285717,
      0.4228571428571429,
      0.48,
      0.6171428571428571,
      0.8171428571428572,
      0.9028571428571428,
      0.9,
      0.9028571428571428,
      0.9171428571428571,
      0.9171428571428571,
      0.9057142857142857,
      0.9057142857142857,
      0.9028571428571428,
      0.8971428571428571,
      0.8942857142857142,
      0.8942857142857142,
      0.8942857142857142,
      0.8942857142857142,
      0.8942857142857142,
      0.8942857142857142,
      0.8971428571428571,
      0.8942857142857142,
      0.8914285714285715,
      0.8828571428571429,
      0.88,
      0.88,
      0.8771428571428571,
      0.88,
      0.8771428571428571,
      0.8771428571428571,
      0.8742857142857143,
      0.8685714285714285,
      0.8628571428571429,
      0.8628571428571429,
      0.8628571428571429,
      0.8628571428571429,
      0.8628571428571429,
      0.8571428571428571,
      0.8542857142857143,
      0.8514285714285714,
      0.8514285714285714,
      0.8514285714285714,
      0.8514285714285714,
      0.8485714285714285,
      0.8457142857142858,
      0.8457142857142858,
      0.8457142857142858,
      0.8457142857142858,
      0.8457142857142858,
      0.8457142857142858,
      0.8457142857142858,
      0.8457142857142858,
      0.8457142857142858,
      0.8457142857142858,
      0.8457142857142858,
      0.8457142857142858,
      0.8457142857142858,
      0.8457142857142858,
      0.8457142857142858,
      0.8457142857142858,
      0.8457142857142858,
      0.8485714285714285,
      0.8485714285714285,
      0.8514285714285714,
      0.8514285714285714,
      0.8514285714285714,
      0.8514285714285714,
      0.8542857142857143,
      0.8542857142857143,
      0.8542857142857143,
      0.8542857142857143,
      0.8542857142857143,
      0.8571428571428571,
      0.8628571428571429,
      0.8628571428571429,
      0.8657142857142858,
      0.8657142857142858,
      0.8657142857142858,
      0.8657142857142858,
      0.8657142857142858,
      0.8657142857142858,
      0.8657142857142858,
      0.8657142857142858,
      0.8657142857142858,
      0.8657142857142858,
      0.8657142857142858,
      0.8657142857142858,
      0.8657142857142858,
      0.8685714285714285,
      0.8685714285714285,
      0.8657142857142858,
      0.8657142857142858,
      0.8657142857142858,
      0.8742857142857143,
      0.8685714285714285,
      0.8714285714285714,
      0.8714285714285714,
      0.8714285714285714,
      0.8714285714285714,
      0.8714285714285714
    ],
    "test_acc": [
      0.42,
      0.44,
      0.47333333333333333,
      0.5,
      0.6,
      0.7933333333333333,
      0.8533333333333334,
      0.82,
      0.8333333333333334,
      0.8533333333333334,
      0.8533333333333334,
      0.8533333333333334,
      0.8466666666666667,
      0.8466666666666667,
      0.8466666666666667,
      0.8466666666666667,
      0.8333333333333334,
      0.8333333333333334,
      0.8333333333333334,
      0.8333333333333334,
      0.8333333333333334,
      0.84,
      0.84,
      0.84,
      0.84,
      0.8266666666666667,
      0.8266666666666667,
      0.8066666666666666,
      0.8133333333333334,
      0.8133333333333334,
      0.8133333333333334,
      0.8,
      0.8,
      0.8,
      0.7933333333333333,
      0.8,
      0.7933333333333333,
      0.7933333333333333,
      0.7933333333333333,
      0.7933333333333333,
      0.7933333333333333,
      0.8,
      0.8,
      0.8,
      0.7933333333333333,
      0.7933333333333333,
      0.7866666666666666,
      0.7866666666666666,
      0.7866666666666666,
      0.7866666666666666,
      0.7866666666666666,
      0.7866666666666666,
      0.7866666666666666,
      0.7866666666666666,
      0.7866666666666666,
      0.7866666666666666,
      0.7866666666666666,
      0.7866666666666666,
      0.7866666666666666,
      0.7933333333333333,
      0.7933333333333333,
      0.7933333333333333,
      0.7933333333333333,
      0.7933333333333333,
      0.7866666666666666,
      0.7933333333333333,
      0.7933333333333333,
      0.7933333333333333,
      0.7933333333333333,
      0.7933333333333333,
      0.7933333333333333,
      0.7933333333333333,
      0.7933333333333333,
      0.7933333333333333,
      0.7933333333333333,
      0.7933333333333333,
      0.7933333333333333,
      0.7933333333333333,
      0.7933333333333333,
      0.7933333333333333,
      0.8,
      0.8,
      0.8,
      0.8,
      0.8,
      0.8,
      0.8,
      0.8,
      0.8,
      0.8,
      0.8,
      0.8066666666666666,
      0.8066666666666666,
      0.8066666666666666,
      0.8066666666666666,
      0.8066666666666666,
      0.8066666666666666,
      0.8066666666666666,
      0.8066666666666666,
      0.8066666666666666,
      0.8066666666666666
    ],