{
  "optimizer": "krotov_hybrid_sw030",
  "optimizer_name": "krotov_hybrid",
  "optimizer_family": "krotov_hybrid",
  "is_sweep": true,
  "sweep_group": "krotov_hybrid",
  "config_overrides": {
    "hybrid_switch_iteration": 30
  },
  "seed": 2,
  "n_layers": 3,
  "model_architecture": "hea",
  "input_encoding": "tanh_0_pi",
  "n_params": 24,
  "wall_time_total": 20.233710050582886,
  "final_loss": 0.36091160521015275,
  "final_train_acc": 0.8342857142857143,
  "final_test_acc": 0.8333333333333334,
  "total_cost_units": 36500,
  "total_func_evals": 36500,
  "total_grad_evals": 8050,
  "total_sample_forward_passes": 28450,
  "total_sample_backward_passes": 8050,
  "total_full_loss_evaluations": 24,
  "total_steps": 23,
  "threshold_metrics": {
    "0.45": {
      "threshold": 0.45,
      "reached": true,
      "step": 1,
      "wall_time": 0.9092910289764404,
      "cost_units": 2400
    },
    "0.40": {
      "threshold": 0.4,
      "reached": true,
      "step": 1,
      "wall_time": 0.9092910289764404,
      "cost_units": 2400
    },
    "0.38": {
      "threshold": 0.38,
      "reached": true,
      "step": 1,
      "wall_time": 0.9092910289764404,
      "cost_units": 2400
    },
    "0.36": {
      "threshold": 0.36,
      "reached": true,
      "step": 1,
      "wall_time": 0.9092910289764404,
      "cost_units": 2400
    }
  },
  "trace": {
    "loss": [
      0.7072903448841146,
      0.3595807953041568,
      0.3738815296117197,
      0.3395601693173581,
      0.376335421035374,
      0.35870350162770487,
      0.39862564131545014,
      0.4686279876312652,
      0.3805694504472739,
      0.3507514475795397,
      0.34973058601267953,
      0.3326508843719791,
      0.4046382594947761,
      0.3524498674847869,
      0.34868442203392597,
      0.3394230140976494,
      0.4631714643160204,
      0.3820368125791952,
      0.3572664895787634,
      0.34306815259539786,
      0.3926950435151366,
      0.4936121093124778,
      0.4229753890594241,
      0.36091160521015275
    ],
    "train_acc": [
      0.41714285714285715,
      0.8514285714285714,
      0.8628571428571429,
      0.8714285714285714,
      0.8457142857142858,
      0.8542857142857143,
      0.86,
      0.8371428571428572,
      0.8342857142857143,
      0.8714285714285714,
      0.8714285714285714,
      0.8657142857142858,
      0.8514285714285714,
      0.8485714285714285,
      0.8428571428571429,
      0.8485714285714285,
      0.8428571428571429,
      0.8371428571428572,
      0.84,
      0.84,
      0.8314285714285714,
      0.8628571428571429,
      0.8314285714285714,
      0.8342857142857143
    ],
    "test_acc": [
      0.44666666666666666,
      0.8533333333333334,
      0.8533333333333334,
      0.8266666666666667,
      0.8133333333333334,
      0.8466666666666667,
      0.8666666666666667,
      0.86,
      0.8066666666666666,
      0.86,
      0.8466666666666667,
      0.82,
      0.8866666666666667,
      0.86,
      0.8666666666666667,
      0.8533333333333334,
      0.8066666666666666,
      0.8466666666666667,
      0.8466666666666667,
      0.8666666666666667,
      0.8133333333333334,
      0.8866666666666667,
      0.84,
      0.8333333333333334
    ],
    "step": [
      0.0,
      1.0,
      2.0,
      3.0,
      4.0,
      5.0,
      6.0,
      7.0,
      8.0,
      9.0,
      10.0,
      11.0,
      12.0,
      13.0,
      14.0,
      15.0,
      16.0,
      17.0,
      18.0,
      19.0,
      20.0,
      21.0,
      22.0,
      23.0
    ],
    "phase": [
      "init",
      "online",
      "online",
      "online",
      "online",
      "online",
      "online",
      "online",
      "online",
      "online",
      "online",
      "online",
      "online",
      "online",
      "online",
      "online",
      "online",
      "online",
      "online",
      "online",
      "online",
      "online",
      "online",
      "online"
    ],
    "wall_time": [
      0.0,
      0.9092910289764404,
      1.7892160415649414,
      2.670015335083008,
      3.5094072818756104,
      4.389798164367676,
      5.275261163711548,
      6.158996343612671,
      7.01940131187439,
      7.9018542766571045,
      8.781855344772339,
      9.660006046295166,
      10.548916339874268,
      11.399283170700073,
      12.282839059829712,
      13.170290231704712,
      14.051841974258423,
      14.930703163146973,
      15.855180978775024,
      16.704575300216675,
      17.570060968399048,
      18.46510910987854,
      19.336905241012573,
      20.233691215515137
    ],
    "func_evals": [
      850.0,
      2400.0,
      3950.0,
      5500.0,
      7050.0,
      8600.0,
      10150.0,
      11700.0,
      13250.0,
      14800.0,
      16350.0,
      17900.0,
      19450.0,
      21000.0,
      22550.0,
      24100.0,
      25650.0,
      27200.0,
      28750.0,
      30300.0,
      31850.0,
      33400.0,
      34950.0,
      36500.0
    ],
    "grad_evals": [
      0.0,
      350.0,
      700.0,
      1050.0,
      1400.0,
      1750.0,
      2100.0,
      2450.0,
      2800.0,
      3150.0,
      3500.0,
      3850.0,
      4200.0,
      4550.0,
      4900.0,
      5250.0,
      5600.0,
      5950.0,
      6300.0,
      6650.0,
      7000.0,
      7350.0,
      7700.0,
      8050.0
    ],
    "sample_forward_passes": [
      850.0,
      2050.0,
      3250.0,
      4450.0,
      5650.0,
      6850.0,
      8050.0,
      9250.0,
      10450.0,
      11650.0,
      12850.0,
      14050.0,
      15250.0,
      16450.0,
      17650.0,
      18850.0,
      20050.0,
      21250.0,
      22450.0,
      23650.0,
      24850.0,
      26050.0,
      27250.0,
      28450.0
    ],
    "sample_backward_passes": [
      0.0,
      350.0,
      700.0,
      1050.0,
      1400.0,
      1750.0,
      2100.0,
      2450.0,
      2800.0,
      3150.0,
      3500.0,
      3850.0,
      4200.0,
      4550.0,
      4900.0,
      5250.0,
      5600.0,
      5950.0,
      6300.0,
      6650.0,
      7000.0,
      7350.0,
      7700.0,
      8050.0
    ],
    "full_loss_evaluations": [
      1.0,
      2.0,
      3.0,
      4.0,
      5.0,
      6.0,
      7.0,
      8.0,
      9.0,
      10.0,
      11.0,
      12.0,
      13.0,
      14.0,
      15.0,
      16.0,
      17.0,
      18.0,
      19.0,
      20.0,
      21.0,
      22.0,
      23.0,
      24.0
    ],
    "gradient_evaluations": [
      0.0,
      350.0,
      700.0,
      1050.0,
      1400.0,
      1750.0,
      2100.0,
      2450.0,
      2800.0,
      3150.0,
      3500.0,
      3850.0,
      4200.0,
      4550.0,
      4900.0,
      5250.0,
      5600.0,
      5950.0,
      6300.0,
      6650.0,
      7000.0,
      7350.0,
      7700.0,
      8050.0
    ],
    "cost_units": [
      850.0,
      2400.0,
      3950.0,
      5500.0,
      7050.0,
      8600.0,
      10150.0,
      11700.0,
      13250.0,
      14800.0,
      16350.0,
      17900.0,
      19450.0,
      21000.0,
      22550.0,
      24100.0,
      25650.0,
      27200.0,
      28750.0,
      30300.0,
      31850.0,
      33400.0,
      34950.0,
      36500.0
    ],
    "step_size": [
      0.0,
      0.3,
      0.3,
      0.3,
      0.3,
      0.3,
      0.3,
      0.3,
      0.3,
      0.3,
      0.3,
      0.3,
      0.3,
      0.3,
      0.3,
      0.3,
      0.3,
      0.3,
      0.3,
      0.3,
      0.3,
      0.3,
      0.3,
      0.3
    ],
    "update_norm": [
      0.0,
      3.454502888884925,
      1.6150355001098546,
      0.702286471168596,
      5.591205037299498,
      1.7941002741888548,
      1.0174074263291375,
      0.5836888876398232,
      3.2409349871456032,
      1.9904876070865987,
      2.5607241619912733,
      0.6823912425550407,
      4.267047538379923,
      2.014876951782173,
      4.651326609661068,
      1.28693819818881,
      2.2397988414330308,
      4.168774428547521,
      1.1751414998410248,
      3.383168387250285,
      2.985721480813709,
      3.690531953307632,
      2.3725159981500346,
      2.7618033964997055
    ],