{
  "optimizer": "krotov_hybrid_sw030",
  "optimizer_name": "krotov_hybrid",
  "optimizer_family": "krotov_hybrid",
  "is_sweep": true,
  "sweep_group": "krotov_hybrid",
  "config_overrides": {
    "hybrid_switch_iteration": 30
  },
  "seed": 0,
  "n_layers": 3,
  "model_architecture": "hea",
  "input_encoding": "tanh_0_pi",
  "n_params": 24,
  "wall_time_total": 22.889150857925415,
  "final_loss": 0.33651283409526844,
  "final_train_acc": 0.8514285714285714,
  "final_test_acc": 0.8266666666666667,
  "total_cost_units": 41150,
  "total_func_evals": 41150,
  "total_grad_evals": 9100,
  "total_sample_forward_passes": 32050,
  "total_sample_backward_passes": 9100,
  "total_full_loss_evaluations": 27,
  "total_steps": 26,
  "threshold_metrics": {
    "0.45": {
      "threshold": 0.45,
      "reached": true,
      "step": 1,
      "wall_time": 0.9084258079528809,
      "cost_units": 2400
    },
    "0.40": {
      "threshold": 0.4,
      "reached": true,
      "step": 2,
      "wall_time": 1.7998666763305664,
      "cost_units": 3950
    },
    "0.38": {
      "threshold": 0.38,
      "reached": true,
      "step": 2,
      "wall_time": 1.7998666763305664,
      "cost_units": 3950
    },
    "0.36": {
      "threshold": 0.36,
      "reached": true,
      "step": 2,
      "wall_time": 1.7998666763305664,
      "cost_units": 3950
    }
  },
  "trace": {
    "loss": [
      0.6236850464872812,
      0.42807043299495967,
      0.3408304786177359,
      0.3587951448405469,
      0.378567349629154,
      0.3470965419107065,
      0.6329452610204539,
      0.3385974210312285,
      0.36722320807320424,
      0.5398090096435709,
      0.33397649652430206,
      0.3710210135181379,
      0.3439196408658097,
      0.37122795042683865,
      0.3332667750242477,
      0.3455071614610419,
      0.3388784551164384,
      0.3566295128559574,
      0.3523215399396892,
      0.34402679008786824,
      0.3431783873431492,
      0.3470864058381266,
      0.36403404080742024,
      0.3551472730020646,
      0.3508992333931302,
      0.3478172605911791,
      0.33651283409526844
    ],
    "train_acc": [
      0.6485714285714286,
      0.8657142857142858,
      0.8514285714285714,
      0.8485714285714285,
      0.8628571428571429,
      0.8514285714285714,
      0.7257142857142858,
      0.86,
      0.8485714285714285,
      0.7971428571428572,
      0.8457142857142858,
      0.8342857142857143,
      0.84,
      0.8428571428571429,
      0.8457142857142858,
      0.8457142857142858,
      0.8342857142857143,
      0.8514285714285714,
      0.8371428571428572,
      0.8428571428571429,
      0.8514285714285714,
      0.8485714285714285,
      0.8571428571428571,
      0.8514285714285714,
      0.84,
      0.8485714285714285,
      0.8514285714285714
    ],
    "test_acc": [
      0.6333333333333333,
      0.88,
      0.8333333333333334,
      0.7866666666666666,
      0.8533333333333334,
      0.84,
      0.7133333333333334,
      0.82,
      0.84,
      0.8066666666666666,
      0.7866666666666666,
      0.76,
      0.78,
      0.7666666666666667,
      0.8066666666666666,
      0.78,
      0.8066666666666666,
      0.8466666666666667,
      0.8133333333333334,
      0.7666666666666667,
      0.8266666666666667,
      0.8333333333333334,
      0.84,
      0.8133333333333334,
      0.78,
      0.78,
      0.8266666666666667
    ],
    "step": [
      0.0,
      1.0,
      2.0,
      3.0,
      4.0,
      5.0,
      6.0,
      7.0,
      8.0,
      9.0,
      10.0,
      11.0,
      12.0,
      13.0,
      14.0,
      15.0,
      16.0,
      17.0,
      18.0,
      19.0,
      20.0,
      21.0,
      22.0,
      23.0,
      24.0,
      25.0,
      26.0
    ],
    "phase": [
      "init",
      "online",
      "online",
      "online",
      "online",
      "online",
      "online",
      "online",
      "online",
      "online",
      "online",
      "online",
      "online",
      "online",
      "online",
      "online",
      "online",
      "online",
      "online",
      "online",
      "online",
      "online",
      "online",
      "online",
      "online",
      "online",
      "online"
    ],
    "wall_time": [
      0.0,
      0.9084258079528809,
      1.7998666763305664,
      2.6812758445739746,
      3.5920588970184326,
      4.4806067943573,
      5.368168830871582,
      6.2457427978515625,
      7.136519908905029,
      7.982424736022949,
      8.853168725967407,
      9.738846778869629,
      10.625622987747192,
      11.502711057662964,
      12.34814167022705,
      13.225494861602783,
      14.100606918334961,
      14.988602876663208,
      15.867157936096191,
      16.761135816574097,
      17.644471883773804,
      18.499637842178345,
      19.375555753707886,
      20.24657678604126,
      21.14385199546814,
      22.029495000839233,
      22.88913083076477
    ],
    "func_evals": [
      850.0,
      2400.0,
      3950.0,
      5500.0,
      7050.0,
      8600.0,
      10150.0,
      11700.0,
      13250.0,
      14800.0,
      16350.0,
      17900.0,
      19450.0,
      21000.0,
      22550.0,
      24100.0,
      25650.0,
      27200.0,
      28750.0,
      30300.0,
      31850.0,
      33400.0,
      34950.0,
      36500.0,
      38050.0,
      39600.0,
      41150.0
    ],
    "grad_evals": [
      0.0,
      350.0,
      700.0,
      1050.0,
      1400.0,
      1750.0,
      2100.0,
      2450.0,
      2800.0,
      3150.0,
      3500.0,
      3850.0,
      4200.0,
      4550.0,
      4900.0,
      5250.0,
      5600.0,
      5950.0,
      6300.0,
      6650.0,
      7000.0,
      7350.0,
      7700.0,
      8050.0,
      8400.0,
      8750.0,
      9100.0
    ],
    "sample_forward_passes": [
      850.0,
      2050.0,
      3250.0,
      4450.0,
      5650.0,
      6850.0,
      8050.0,
      9250.0,
      10450.0,
      11650.0,
      12850.0,
      14050.0,
      15250.0,
      16450.0,
      17650.0,
      18850.0,
      20050.0,
      21250.0,
      22450.0,
      23650.0,
      24850.0,
      26050.0,
      27250.0,
      28450.0,
      29650.0,
      30850.0,
      32050.0
    ],
    "sample_backward_passes": [
      0.0,
      350.0,
      700.0,
      1050.0,
      1400.0,
      1750.0,
      2100.0,
      2450.0,
      2800.0,
      3150.0,
      3500.0,
      3850.0,
      4200.0,
      4550.0,
      4900.0,
      5250.0,
      5600.0,
      5950.0,
      6300.0,
      6650.0,
      7000.0,
      7350.0,
      7700.0,
      8050.0,
      8400.0,
      8750.0,
      9100.0
    ],
    "full_loss_evaluations": [
      1.0,
      2.0,
      3.0,
      4.0,
      5.0,
      6.0,
      7.0,
      8.0,
      9.0,
      10.0,
      11.0,
      12.0,
      13.0,
      14.0,
      15.0,
      16.0,
      17.0,
      18.0,
      19.0,
      20.0,
      21.0,
      22.0,
      23.0,
      24.0,
      25.0,
      26.0,
      27.0
    ],
    "gradient_evaluations": [
      0.0,
      350.0,
      700.0,
      1050.0,
      1400.0,
      1750.0,
      2100.0,
      2450.0,
      2800.0,
      3150.0,
      3500.0,
      3850.0,
      4200.0,
      4550.0,
      4900.0,
      5250.0,
      5600.0,
      5950.0,
      6300.0,
      6650.0,
      7000.0,
      7350.0,
      7700.0,
      8050.0,
      8400.0,
      8750.0,
      9100.0
    ],
    "cost_units": [
      850.0,
      2400.0,
      3950.0,
      5500.0,
      7050.0,
      8600.0,
      10150.0,
      11700.0,
      13250.0,
      14800.0,
      16350.0,
      17900.0,
      19450.0,
      21000.0,
      22550.0,
      24100.0,
      25650.0,
      27200.0,
      28750.0,
      30300.0,
      31850.0,
      33400.0,
      34950.0,
      36500.0,
      38050.0,
      39600.0,
      41150.0
    ],