{
  "optimizer": "lbfgs",
  "seed": 6,
  "n_layers": 3,
  "n_params": 24,
  "wall_time_total": 126.8128867149353,
  "final_loss": 0.31575350752327846,
  "final_train_acc": 0.8457142857142858,
  "final_test_acc": 0.8733333333333333,
  "total_func_evals": 114546,
  "total_grad_evals": 127,
  "total_steps": 127,
  "trace": {
    "loss": [
      0.7621515350697944,
      0.7621515350697944,
      0.6138811230143925,
      0.5089633565297267,
      0.4602876646054163,
      0.401768911627389,
      0.3808195080217734,
      0.3702596891493087,
      0.3644780361711596,
      0.3558320466233262,
      0.35544182346996145,
      0.3452906718360833,
      0.34497459074093056,
      0.33857571315525226,
      0.3310281482888191,
      0.3251744977869617,
      0.32457686423307336,
      0.32381534975183934,
      0.3231674744082329,
      0.3220628660757135,
      0.3217901538691355,
      0.3223507254068546,
      0.3217346448093557,
      0.3213906461499913,
      0.3200357033993772,
      0.3197191795228495,
      0.3171546596426258,
      0.31614380446117607,
      0.31605211377347625,
      0.31930501333778183,
      0.3161535568556924,
      0.3160644027061317,
      0.31605408785886263,
      0.3160524478096072,
      0.31605217080848796,
      0.316052123527012,
      0.3160521154418669,
      0.3160521140588754,
      0.31605211382229786,
      0.3160521137818278,
      0.3160521137749048,
      0.3160521137737206,
      0.316052113773518,
      0.3160521137734834,
      0.31605211377347764,
      0.3160521137734764,
      0.3160521137734762,
      0.3160521137734763,
      0.3160521137734762,
      0.31580054213088615,
      0.3161348849073805,
      0.3157541995258641,
      0.3170833156485787,
      0.3157909951385406,
      0.31575520479230673,
      0.3157541349630023,
      0.31575460868637345,
      0.3157541597483465,
      0.315754136878816,
      0.3157541349630023,
      0.3197283519383541,
      0.3158711958901928,
      0.3157648870819162,
      0.3157558424963096,
      0.315754456200601,
      0.31575419773466884,
      0.31575414732369916,
      0.31575413740073044,
      0.31575413544390657,
      0.31575413505787836,
      0.31575413498172056,
      0.3157541349666953,
      0.3157541349637309,
      0.31575413496314625,
      0.31575413496303073,
      0.31575413496300786,
      0.3157541349630034,
      0.3157541349630025,
      0.31575413496300236,
      0.3157541349630023,
      0.31576011794276637,
      0.3157535135038758,
      0.3157562962756977,
      0.31575359104727313,
      0.31575350752327846,
      0.315753543917346,
      0.3157535091517004,
      0.31575350752327846,
      0.31951700940684485,
      0.3158847180595641,
      0.31576811599799287,
      0.3157559310924287,
      0.31575394934657997,
      0.3157535895799218,
      0.315753522816569,
      0.3157535103754299,
      0.3157535080552608,
      0.3157535076225059,
      0.3157535075417867,
      0.31575350752673065,
      0.31575350752392256,
      0.31575350752339865,
      0.315753507523301,
      0.3157535075232827,
      0.3157535075232792,
      0.3157535075232786,
      0.31575350752327846,
      0.3157535075232786,
      0.3157671377914929,
      0.31575460999902344,
      0.3157536653662366,
      0.3157535372847475,
      0.31575351357897125,
      0.31575350877657,
      0.31575350778359296,
      0.31575350757738746,
      0.31575350753452724,
      0.31575350752561704,
      0.3157535075237648,
      0.3157535075233796,
      0.3157535075232995,
      0.31575350752328296,
      0.3157535075232792,
      0.31575350752327846,
      0.3157535075232792,
      0.31575350752327874,
      0.3157535075232786,
      0.31575350752327846
    ],
    "train_acc": [
      0.2885714285714286,
      0.2885714285714286,
      0.7171428571428572,
      0.8771428571428571,
      0.8514285714285714,
      0.8971428571428571,
      0.8457142857142858,
      0.84,
      0.8314285714285714,
      0.8371428571428572,
      0.8257142857142857,
      0.8371428571428572,
      0.8314285714285714,
      0.8371428571428572,
      0.8314285714285714,
      0.84,
      0.8314285714285714,
      0.8314285714285714,
      0.8314285714285714,
      0.8342857142857143,
      0.8371428571428572,
      0.8371428571428572,
      0.8371428571428572,
      0.84,
      0.8428571428571429,
      0.8428571428571429,
      0.8457142857142858,
      0.8428571428571429,
      0.84,
      0.8571428571428571,
      0.8457142857142858,
      0.84,
      0.84,
      0.84,
      0.84,
      0.84,
      0.84,
      0.84,
      0.84,
      0.84,
      0.84,
      0.84,
      0.84,
      0.84,
      0.84,
      0.84,
      0.84,
      0.84,
      0.84,
      0.8457142857142858,
      0.8457142857142858,
      0.8457142857142858,
      0.8514285714285714,
      0.8457142857142858,
      0.8457142857142858,
      0.8457142857142858,
      0.8457142857142858,
      0.8457142857142858,
      0.8457142857142858,
      0.8457142857142858,
      0.8571428571428571,
      0.8457142857142858,
      0.8457142857142858,
      0.8457142857142858,
      0.8457142857142858,
      0.8457142857142858,
      0.8457142857142858,
      0.8457142857142858,
      0.8457142857142858,
      0.8457142857142858,
      0.8457142857142858,
      0.8457142857142858,
      0.8457142857142858,
      0.8457142857142858,
      0.8457142857142858,
      0.8457142857142858,
      0.8457142857142858,
      0.8457142857142858,
      0.8457142857142858,
      0.8457142857142858,
      0.8457142857142858,
      0.8457142857142858,
      0.8457142857142858,
      0.8457142857142858,
      0.8457142857142858,
      0.8457142857142858,
      0.8457142857142858,
      0.8457142857142858,
      0.8571428571428571,
      0.8457142857142858,
      0.8457142857142858,
      0.8457142857142858,
      0.8457142857142858,
      0.8457142857142858,
      0.8457142857142858,
      0.8457142857142858,
      0.8457142857142858,
      0.8457142857142858,
      0.8457142857142858,
      0.8457142857142858,
      0.8457142857142858,
      0.8457142857142858,
      0.8457142857142858,
      0.8457142857142858,
      0.8457142857142858,
      0.8457142857142858,
      0.8457142857142858,
      0.8457142857142858,
      0.8457142857142858,
      0.8457142857142858,
      0.8457142857142858,
      0.8457142857142858,
      0.8457142857142858,
      0.8457142857142858,
      0.8457142857142858,
      0.8457142857142858,
      0.8457142857142858,
      0.8457142857142858,
      0.8457142857142858,
      0.8457142857142858,
      0.8457142857142858,
      0.8457142857142858,
      0.8457142857142858,
      0.8457142857142858,
      0.8457142857142858,
      0.8457142857142858,
      0.8457142857142858,
      0.8457142857142858
    ],