{
  "optimizer": "adam",
  "seed": 6,
  "n_layers": 3,
  "n_params": 24,
  "wall_time_total": 97.65515494346619,
  "final_loss": 0.3223796649226555,
  "final_train_acc": 0.8314285714285714,
  "final_test_acc": 0.86,
  "total_func_evals": 55300,
  "total_grad_evals": 100,
  "total_steps": 100,
  "trace": {
    "loss": [
      0.7621515350697944,
      0.7246007821181809,
      0.689853599142239,
      0.6592247768040037,
      0.6330597287110133,
      0.6105025765313156,
      0.5905491378018198,
      0.5725183215458823,
      0.5558782402236269,
      0.5403803724338084,
      0.5261010372408355,
      0.5133507142381779,
      0.5025023304319226,
      0.49382139656429447,
      0.4873523668320302,
      0.4828657317062822,
      0.47988233242504585,
      0.47779614820765565,
      0.47605213693839027,
      0.4742655588712367,
      0.4722170759045478,
      0.46977257643042863,
      0.4668191887641724,
      0.46326505880167423,
      0.4590815944898817,
      0.4543318335836875,
      0.4491553179861235,
      0.4437245518815904,
      0.4382010296564322,
      0.4327078307235174,
      0.42732112849143455,
      0.42207153803891545,
      0.4169441184102663,
      0.4118787239789276,
      0.4067870077303969,
      0.401589185186119,
      0.3962455412592666,
      0.3907640355902612,
      0.3851915597700679,
      0.3796015610016811,
      0.3740811208117605,
      0.3687150620798252,
      0.3635676791771671,
      0.35866877202162245,
      0.3540124834052226,
      0.349572220199939,
      0.34532611674124297,
      0.3412813323780427,
      0.3374859998710932,
      0.33402388733086646,
      0.3309945336787352,
      0.32848692768055826,
      0.32655605685550826,
      0.32520885979147546,
      0.32440113560054135,
      0.324043719896767,
      0.32401632733542035,
      0.3241870883130099,
      0.32443287814373684,
      0.3246543880934231,
      0.3247833095869222,
      0.3247832666807145,
      0.3246473718965886,
      0.3243939801251543,
      0.3240605470771611,
      0.3236948939514673,
      0.3233442902988838,
      0.32304491646828026,
      0.32281538140792104,
      0.32265660560158466,
      0.3225573063741854,
      0.32250171542164413,
      0.32247569149717076,
      0.3224691001330557,
      0.3224748508409205,
      0.3224866916168071,
      0.322497944212493,
      0.3225021182665503,
      0.3224947768254862,
      0.32247514599049837,
      0.3224461948211159,
      0.322412971438447,
      0.3223801500806114,
      0.32235028380916647,
      0.3223237746303551,
      0.32230033479114945,
      0.3222806282567303,
      0.3222667318534013,
      0.32226108087603805,
      0.32226479200431585,
      0.32227668822950695,
      0.3222937142037229,
      0.32231234334275216,
      0.3223299432952785,
      0.3223452913303502,
      0.3223581763257849,
      0.32236863067248706,
      0.32237641599282163,
      0.32238103284304204,
      0.32238209130906514,
      0.3223796649226555
    ],
    "train_acc": [
      0.2885714285714286,
      0.37714285714285717,
      0.45714285714285713,
      0.66,
      0.6885714285714286,
      0.72,
      0.7142857142857143,
      0.7828571428571428,
      0.8685714285714285,
      0.8685714285714285,
      0.8742857142857143,
      0.8657142857142858,
      0.86,
      0.8571428571428571,
      0.8542857142857143,
      0.8542857142857143,
      0.8542857142857143,
      0.8514285714285714,
      0.8542857142857143,
      0.8542857142857143,
      0.8428571428571429,
      0.8428571428571429,
      0.84,
      0.84,
      0.8428571428571429,
      0.84,
      0.8485714285714285,
      0.8485714285714285,
      0.8457142857142858,
      0.8514285714285714,
      0.8542857142857143,
      0.8485714285714285,
      0.8485714285714285,
      0.8485714285714285,
      0.8485714285714285,
      0.8485714285714285,
      0.8485714285714285,
      0.8485714285714285,
      0.8485714285714285,
      0.8457142857142858,
      0.8457142857142858,
      0.84,
      0.8342857142857143,
      0.8342857142857143,
      0.8342857142857143,
      0.8314285714285714,
      0.8314285714285714,
      0.8314285714285714,
      0.8314285714285714,
      0.8314285714285714,
      0.8314285714285714,
      0.8314285714285714,
      0.8314285714285714,
      0.8314285714285714,
      0.8314285714285714,
      0.8314285714285714,
      0.8314285714285714,
      0.8314285714285714,
      0.8314285714285714,
      0.8314285714285714,
      0.8314285714285714,
      0.8314285714285714,
      0.8342857142857143,
      0.8342857142857143,
      0.8371428571428572,
      0.8342857142857143,
      0.8314285714285714,
      0.8314285714285714,
      0.8314285714285714,
      0.8314285714285714,
      0.8314285714285714,
      0.8314285714285714,
      0.8314285714285714,
      0.8314285714285714,
      0.8342857142857143,
      0.8371428571428572,
      0.8371428571428572,
      0.8371428571428572,
      0.8371428571428572,
      0.8342857142857143,
      0.8342857142857143,
      0.8314285714285714,
      0.8314285714285714,
      0.8314285714285714,
      0.8314285714285714,
      0.8314285714285714,
      0.8314285714285714,
      0.8314285714285714,
      0.8314285714285714,
      0.8314285714285714,
      0.8314285714285714,
      0.8314285714285714,
      0.8314285714285714,
      0.8314285714285714,
      0.8314285714285714,
      0.8314285714285714,
      0.8314285714285714,
      0.8314285714285714,
      0.8314285714285714,
      0.8314285714285714,
      0.8314285714285714
    ],
    "test_acc": [
      0.29333333333333333,
      0.37333333333333335,
      0.46,
      0.6533333333333333,
      0.68,
      0.6933333333333334,
      0.74,
      0.82,
      0.8666666666666667,
      0.88,
      0.88,
      0.8666666666666667,
      0.8466666666666667,
      0.86,
      0.8733333333333333,
      0.8666666666666667,
      0.8666666666666667,
      0.8666666666666667,
      0.8666666666666667,
      0.86,
      0.8533333333333334,
      0.8533333333333334,
      0.86,
      0.86,
      0.8533333333333334,
      0.8533333333333334,
      0.8533333333333334,
      0.8466666666666667,
      0.8466666666666667,
      0.84,
      0.8466666666666667,
      0.8466666666666667,
      0.8466666666666667,
      0.8466666666666667,
      0.8533333333333334,
      0.86,
      0.8666666666666667,
      0.8666666666666667,
      0.86,
      0.86,
      0.86,
      0.86,
      0.86,
      0.86,
      0.86,
      0.86,
      0.86,
      0.86,
      0.86,
      0.86,
      0.86,
      0.86,
      0.86,
      0.86,
      0.86,
      0.86,
      0.86,
      0.86,
      0.86,
      0.86,
      0.86,
      0.86,
      0.86,
      0.86,
      0.86,
      0.86,
      0.86,
      0.86,
      0.86,
      0.86,
      0.86,
      0.86,
      0.86,
      0.86,
      0.86,
      0.86,
      0.86,
      0.86,
      0.86,
      0.86,
      0.86,
      0.86,
      0.86,
      0.86,
      0.86,
      0.86,
      0.86,
      0.86,
      0.86,
      0.86,
      0.86,
      0.86,
      0.86,
      0.86,
      0.86,
      0.86,
      0.86,
      0.86,
      0.86,
      0.86,
      0.86
    ],