{
  "optimizer": "krotov",
  "seed": 2,
  "n_layers": 3,
  "n_params": 24,
  "wall_time_total": 141.35072135925293,
  "final_loss": 0.36434506510084386,
  "final_train_acc": 0.8428571428571429,
  "final_test_acc": 0.8533333333333334,
  "total_func_evals": 120500,
  "total_grad_evals": 100,
  "total_steps": 100,
  "trace": {
    "loss": [
      0.7072903448841147,
      0.40623088571841875,
      0.3990508160507264,
      0.36953080797608884,
      0.3701260355555244,
      0.35925693693628535,
      0.5050156985633841,
      0.5674385460248805,
      0.45081611941723637,
      0.45139989169636335,
      0.35172880491533054,
      0.36422238576017135,
      0.6035285672000964,
      0.447122511341178,
      0.4208776291623871,
      0.3519884504582441,
      0.47777216627578567,
      0.6674356570524843,
      0.42908207802717535,
      0.3471550572382736,
      0.5728201390760981,
      0.4737720173037852,
      0.43831600617874383,
      0.3798724900212264,
      0.43712773343203465,
      0.35159723227142203,
      0.458820875536989,
      0.4311392232866913,
      0.3670231689764213,
      0.5948282059254043,
      0.3776108712666203,
      0.3956557859980518,
      0.36328961965978235,
      0.43000377873193013,
      0.4226109105636915,
      0.5669660772626518,
      0.34257032313181907,
      0.613737217236595,
      0.3805711714016795,
      0.4006795855089048,
      0.35025352635766394,
      0.4098837404708118,
      0.35343361559128034,
      0.5686318755997011,
      0.5967335153673422,
      0.40856260281823203,
      0.4307898283512225,
      0.4056623990390738,
      0.3742650492118218,
      0.4959160221982667,
      0.3628667260476963,
      0.3836280802281109,
      0.4585237323176329,
      0.38464386699785663,
      0.38757356027197293,
      0.4230531393520807,
      0.4094366327255466,
      0.4517946786800691,
      0.7780236217958538,
      0.3482026913226187,
      0.4335076831419612,
      0.6339544321070772,
      0.3494811908001318,
      0.4792088187050185,
      0.35952831925857276,
      0.46645899233274674,
      0.40990732201069574,
      0.4589644953938297,
      0.39014023181424956,
      0.587012534346595,
      0.36493889116084266,
      0.4995736528948976,
      0.39586517337335053,
      0.35350198518674597,
      0.4497534147578204,
      0.34816495680579457,
      0.3749077411092118,
      0.4116628152507373,
      0.5186069102177654,
      0.4733431024429722,
      0.5890545988034155,
      0.344536770493763,
      0.3998440183286945,
      0.4929941214073236,
      0.48783416756327924,
      0.3973209412875912,
      0.4443655915110651,
      0.3459346796864175,
      0.3673254592384823,
      0.6362464074118205,
      0.370776189633868,
      0.41842485610359365,
      0.3546546987403523,
      0.5689974057113514,
      0.451673623846272,
      0.5325258772271778,
      0.4158876053198651,
      0.5222366797005423,
      0.44376158992406106,
      0.4022878121565683,
      0.36434506510084386
    ],
    "train_acc": [
      0.41714285714285715,
      0.8371428571428572,
      0.8457142857142858,
      0.8542857142857143,
      0.8428571428571429,
      0.8342857142857143,
      0.8142857142857143,
      0.78,
      0.8342857142857143,
      0.8285714285714286,
      0.8371428571428572,
      0.8314285714285714,
      0.7514285714285714,
      0.8428571428571429,
      0.8857142857142857,
      0.8428571428571429,
      0.8428571428571429,
      0.6171428571428571,
      0.8571428571428571,
      0.8628571428571429,
      0.7714285714285715,
      0.9,
      0.84,
      0.8514285714285714,
      0.8371428571428572,
      0.84,
      0.8142857142857143,
      0.8457142857142858,
      0.84,
      0.8142857142857143,
      0.8714285714285714,
      0.8542857142857143,
      0.8571428571428571,
      0.8228571428571428,
      0.8371428571428572,
      0.6971428571428572,
      0.8457142857142858,
      0.7657142857142857,
      0.8314285714285714,
      0.8228571428571428,
      0.8714285714285714,
      0.8514285714285714,
      0.8428571428571429,
      0.8514285714285714,
      0.6742857142857143,
      0.8857142857142857,
      0.8142857142857143,
      0.8485714285714285,
      0.84,
      0.7971428571428572,
      0.8457142857142858,
      0.86,
      0.8828571428571429,
      0.8371428571428572,
      0.8314285714285714,
      0.8485714285714285,
      0.84,
      0.8457142857142858,
      0.4542857142857143,
      0.8428571428571429,
      0.8314285714285714,
      0.6228571428571429,
      0.84,
      0.8085714285714286,
      0.8342857142857143,
      0.8171428571428572,
      0.8485714285714285,
      0.8085714285714286,
      0.88,
      0.7857142857142857,
      0.8371428571428572,
      0.8428571428571429,
      0.8314285714285714,
      0.8457142857142858,
      0.8285714285714286,
      0.8457142857142858,
      0.8714285714285714,
      0.8314285714285714,
      0.7828571428571428,
      0.8371428571428572,
      0.7371428571428571,
      0.8571428571428571,
      0.8457142857142858,
      0.8171428571428572,
      0.7857142857142857,
      0.8542857142857143,
      0.8085714285714286,
      0.8371428571428572,
      0.8485714285714285,
      0.64,
      0.8657142857142858,
      0.82,
      0.8428571428571429,
      0.7885714285714286,
      0.8485714285714285,
      0.7514285714285714,
      0.8342857142857143,
      0.7914285714285715,
      0.8342857142857143,
      0.8457142857142858,
      0.8428571428571429
    ],
    "test_acc": [
      0.44666666666666666,
      0.8466666666666667,
      0.86,
      0.8666666666666667,
      0.8533333333333334,
      0.8733333333333333,
      0.84,
      0.78,
      0.8066666666666666,
      0.8666666666666667,
      0.8666666666666667,
      0.86,
      0.7266666666666667,
      0.8133333333333334,
      0.8933333333333333,
      0.86,
      0.8133333333333334,
      0.68,
      0.8733333333333333,
      0.8666666666666667,
      0.7333333333333333,
      0.8666666666666667,
      0.8666666666666667,
      0.8333333333333334,
      0.82,
      0.8533333333333334,
      0.7866666666666666,
      0.8266666666666667,
      0.8733333333333333,
      0.7733333333333333,
      0.8733333333333333,
      0.8666666666666667,
      0.84,
      0.8066666666666666,
      0.8,
      0.5933333333333334,
      0.86,
      0.72,
      0.84,
      0.8133333333333334,
      0.8533333333333334,
      0.88,
      0.8666666666666667,
      0.8533333333333334,
      0.6533333333333333,
      0.8533333333333334,
      0.8533333333333334,
      0.8,
      0.84,
      0.8266666666666667,
      0.82,
      0.8266666666666667,
      0.8666666666666667,
      0.82,
      0.8533333333333334,
      0.8133333333333334,
      0.8533333333333334,
      0.88,
      0.3933333333333333,
      0.8533333333333334,
      0.8666666666666667,
      0.62,
      0.8533333333333334,
      0.7933333333333333,
      0.8666666666666667,
      0.7733333333333333,
      0.86,
      0.7933333333333333,
      0.9,
      0.8666666666666667,
      0.8666666666666667,
      0.86,
      0.84,
      0.86,
      0.84,
      0.82,
      0.84,
      0.84,
      0.78,
      0.8533333333333334,
      0.7266666666666667,
      0.84,
      0.8266666666666667,
      0.84,
      0.7733333333333333,
      0.8333333333333334,
      0.8533333333333334,
      0.84,
      0.8533333333333334,
      0.6,
      0.86,
      0.8466666666666667,
      0.8533333333333334,
      0.76,
      0.8266666666666667,
      0.7466666666666667,
      0.8066666666666666,
      0.7666666666666667,
      0.84,
      0.86,
      0.8533333333333334
    ],