{
  "optimizer": "lbfgs",
  "seed": 0,
  "n_layers": 3,
  "n_params": 24,
  "wall_time_total": 45.86247253417969,
  "final_loss": 0.3198263268907639,
  "final_train_acc": 0.8457142857142858,
  "final_test_acc": 0.8266666666666667,
  "total_func_evals": 40910,
  "total_grad_evals": 45,
  "total_steps": 45,
  "trace": {
    "loss": [
      0.6236850464872812,
      0.6236850464872812,
      0.5335407150581684,
      0.5055296352043442,
      0.460837368760212,
      0.44392811385829384,
      0.440176424194571,
      0.4383520333821567,
      0.43729678902366637,
      0.43719700548052565,
      0.4321590053820742,
      0.4380053298973407,
      0.4257319871790165,
      0.4236344992791331,
      0.41632291134483307,
      0.4179778335443328,
      0.40831026141619176,
      0.3990986642720905,
      0.3819845164538419,
      0.3628266089020384,
      0.34653092261176194,
      0.34611451404268295,
      0.33092409144447366,
      0.3253874884699277,
      0.32389802300801934,
      0.3211286169185877,
      0.3204646870918093,
      0.31982632689076396,
      0.319905115064102,
      0.31983384200182846,
      0.3198272402890804,
      0.31982644217909606,
      0.3198263415143666,
      0.31982632874684325,
      0.31982632712636294,
      0.3198263269206696,
      0.31982632689455986,
      0.3198263268912456,
      0.3198263268908249,
      0.3198263268907715,
      0.31982632689076473,
      0.3198263268907639,
      0.31982632689076446,
      0.319826326890764,
      0.319826326890764,
      0.3198263268907639
    ],
    "train_acc": [
      0.6485714285714286,
      0.6485714285714286,
      0.8714285714285714,
      0.74,
      0.8457142857142858,
      0.8828571428571429,
      0.8685714285714285,
      0.8571428571428571,
      0.86,
      0.8714285714285714,
      0.8971428571428571,
      0.8971428571428571,
      0.8942857142857142,
      0.8942857142857142,
      0.8714285714285714,
      0.8514285714285714,
      0.8485714285714285,
      0.8485714285714285,
      0.8485714285714285,
      0.8657142857142858,
      0.8742857142857143,
      0.8485714285714285,
      0.8485714285714285,
      0.8514285714285714,
      0.8485714285714285,
      0.8485714285714285,
      0.8485714285714285,
      0.8457142857142858,
      0.8457142857142858,
      0.8457142857142858,
      0.8457142857142858,
      0.8457142857142858,
      0.8457142857142858,
      0.8457142857142858,
      0.8457142857142858,
      0.8457142857142858,
      0.8457142857142858,
      0.8457142857142858,
      0.8457142857142858,
      0.8457142857142858,
      0.8457142857142858,
      0.8457142857142858,
      0.8457142857142858,
      0.8457142857142858,
      0.8457142857142858,
      0.8457142857142858
    ],
    "test_acc": [
      0.6333333333333333,
      0.6333333333333333,
      0.84,
      0.7266666666666667,
      0.84,
      0.88,
      0.8666666666666667,
      0.8466666666666667,
      0.8533333333333334,
      0.8733333333333333,
      0.8866666666666667,
      0.8933333333333333,
      0.88,
      0.8866666666666667,
      0.8333333333333334,
      0.7933333333333333,
      0.8,
      0.8,
      0.8133333333333334,
      0.8266666666666667,
      0.8466666666666667,
      0.82,
      0.82,
      0.82,
      0.8133333333333334,
      0.8266666666666667,
      0.8266666666666667,
      0.8266666666666667,
      0.8266666666666667,
      0.8266666666666667,
      0.8266666666666667,
      0.8266666666666667,
      0.8266666666666667,
      0.8266666666666667,
      0.8266666666666667,
      0.8266666666666667,
      0.8266666666666667,
      0.8266666666666667,
      0.8266666666666667,
      0.8266666666666667,
      0.8266666666666667,
      0.8266666666666667,
      0.8266666666666667,
      0.8266666666666667,
      0.8266666666666667,
      0.8266666666666667
    ],
    "step": [
      0.0,
      1.0,
      2.0,
      3.0,
      4.0,
      5.0,
      6.0,
      7.0,
      8.0,
      9.0,
      10.0,
      11.0,
      12.0,
      13.0,
      14.0,
      15.0,
      16.0,
      17.0,
      18.0,
      19.0,
      20.0,
      21.0,
      22.0,
      23.0,
      24.0,
      25.0,
      26.0,
      27.0,
      28.0,
      29.0,
      30.0,
      31.0,
      32.0,
      33.0,
      34.0,
      35.0,
      36.0,
      37.0,
      38.0,
      39.0,
      40.0,
      41.0,
      42.0,
      43.0,
      44.0,
      45.0
    ],
    "func_evals": [
      500.0,
      1398.0,
      2296.0,
      3194.0,
      4092.0,
      4990.0,
      5888.0,
      6786.0,
      7684.0,
      8582.0,
      9480.0,
      10378.0,
      11276.0,
      12174.0,
      13072.0,
      13970.0,
      14868.0,
      15766.0,
      16664.0,
      17562.0,
      18460.0,
      19358.0,
      20256.0,
      21154.0,
      22052.0,
      22950.0,
      23848.0,
      24746.0,
      25644.0,
      26542.0,
      27440.0,
      28338.0,
      29236.0,
      30134.0,
      31032.0,
      31930.0,
      32828.0,
      33726.0,
      34624.0,
      35522.0,
      36420.0,
      37318.0,
      38216.0,
      39114.0,
      40012.0,
      40910.0
    ],
    "grad_evals": [
      0.0,
      1.0,
      2.0,
      3.0,
      4.0,
      5.0,
      6.0,
      7.0,
      8.0,
      9.0,
      10.0,
      11.0,
      12.0,
      13.0,
      14.0,
      15.0,
      16.0,
      17.0,
      18.0,
      19.0,
      20.0,
      21.0,
      22.0,
      23.0,
      24.0,
      25.0,
      26.0,
      27.0,
      28.0,
      29.0,
      30.0,
      31.0,
      32.0,
      33.0,
      34.0,
      35.0,
      36.0,
      37.0,
      38.0,
      39.0,
      40.0,
      41.0,
      42.0,
      43.0,
      44.0,
      45.0
    ],
    "wall_time": [
      0.0,
      1.0466358661651611,
      2.0590877532958984,
      3.0592968463897705,
      4.068860769271851,
      5.13207221031189,
      6.1340250968933105,
      7.147618293762207,
      8.170193433761597,
      9.166386604309082,
      10.163458108901978,
      11.180643320083618,
      12.418383121490479,
      13.431976318359375,
      14.435654401779175,
      15.440808057785034,
      16.51309061050415,
      17.58864688873291,
      18.623931646347046,
      19.672690391540527,
      20.755168676376343,
      21.944789171218872,
      22.98299813270569,
      23.97605061531067,
      24.977924346923828,
      25.968833208084106,
      26.955868005752563,
      27.94057822227478,
      28.927461862564087,
      29.91507887840271,
      30.914193630218506,
      31.916030168533325,
      32.9096736907959,
      33.90114140510559,
      34.90133047103882,
      35.89865446090698,
      36.888023853302,
      37.90144109725952,
      38.89943170547485,
      39.87991714477539,
      40.876569986343384,
      41.88072085380554,
      42.87199115753174,
      43.87643384933472,
      44.86407661437988,
      45.862242460250854
    ]
  },
  "final_params": [
    1.048966364998825,
    1.5016866582790094,
    2.0147271700383405,
    -0.41067967407765665,
    -0.26313641133962934,
    -0.0036666635256124326,
    -0.008537238944085585,
    1.5639413256235608,
    4.803119276020185,
    0.07491483694729051,
    1.5715727352838358,
    0.010398268228768631,
    -0.07488553585593606,
    1.5688201880291723,
    -3.87473546732336,
    -4.726170891621495,
    -2.285141185083609,
    1.5682627187311104,
    1.5739273891355132,
    0.11750242792210527,
    3.0072477356635656,
    1.8796686952034545,
    -0.2420323051155601,
    1.762616798678252
  ]
}