{
  "optimizer": "lbfgs",
  "seed": 8,
  "n_layers": 3,
  "n_params": 24,
  "wall_time_total": 57.01893734931946,
  "final_loss": 0.3316893606809593,
  "final_train_acc": 0.8342857142857143,
  "final_test_acc": 0.82,
  "total_func_evals": 50788,
  "total_grad_evals": 56,
  "total_steps": 56,
  "trace": {
    "loss": [
      0.7145529398305658,
      0.7145529398305658,
      0.5984265629170559,
      0.524134417051676,
      0.5146675275709209,
      0.43514335534101967,
      0.6446975365066931,
      0.41469451938907687,
      0.3620530559817197,
      0.34275912082932725,
      0.3383284160509423,
      0.3367825496951292,
      0.3349495649286747,
      0.3339837363285804,
      0.3334288169841477,
      0.3328609657487738,
      0.3326530523627313,
      0.33250210986803824,
      0.3323699242428279,
      0.332447467555447,
      0.33235942918609374,
      0.3321501229190024,
      0.33230385198547413,
      0.332152079339111,
      0.332148647247234,
      0.33214696898679824,
      0.332112403359318,
      0.33200989787262025,
      0.3317688056051068,
      0.33176850685358567,
      0.3317454256330147,
      0.331727426389204,
      0.3317118732923827,
      0.33170738170518976,
      0.33168957657072756,
      0.33169017483325186,
      0.3316893606809593,
      0.3316912438197251,
      0.3316895031654484,
      0.33168938070192244,
      0.33168936398602383,
      0.3316893612435209,
      0.3316893607772275,
      0.33168936069744837,
      0.3316893606837841,
      0.33168936068144333,
      0.33168936068104227,
      0.3316893606809735,
      0.33168936068096183,
      0.3316893606809599,
      0.33168936068095933,
      0.33168936068095933,
      0.3316893606809593,
      0.3316893606809593,
      0.3316893606809594,
      0.3316893606809594,
      0.3316893606809593
    ],
    "train_acc": [
      0.5371428571428571,
      0.5371428571428571,
      0.8542857142857143,
      0.8571428571428571,
      0.8057142857142857,
      0.8628571428571429,
      0.6771428571428572,
      0.8428571428571429,
      0.84,
      0.8457142857142858,
      0.8257142857142857,
      0.8257142857142857,
      0.8314285714285714,
      0.8314285714285714,
      0.8342857142857143,
      0.8342857142857143,
      0.8342857142857143,
      0.8342857142857143,
      0.8342857142857143,
      0.8371428571428572,
      0.8342857142857143,
      0.8371428571428572,
      0.84,
      0.8371428571428572,
      0.8371428571428572,
      0.8371428571428572,
      0.8371428571428572,
      0.84,
      0.8342857142857143,
      0.8342857142857143,
      0.8371428571428572,
      0.8342857142857143,
      0.8342857142857143,
      0.8342857142857143,
      0.8342857142857143,
      0.8342857142857143,
      0.8342857142857143,
      0.8342857142857143,
      0.8342857142857143,
      0.8342857142857143,
      0.8342857142857143,
      0.8342857142857143,
      0.8342857142857143,
      0.8342857142857143,
      0.8342857142857143,
      0.8342857142857143,
      0.8342857142857143,
      0.8342857142857143,
      0.8342857142857143,
      0.8342857142857143,
      0.8342857142857143,
      0.8342857142857143,
      0.8342857142857143,
      0.8342857142857143,
      0.8342857142857143,
      0.8342857142857143,
      0.8342857142857143
    ],
    "test_acc": [
      0.5,
      0.5,
      0.8066666666666666,
      0.8,
      0.7933333333333333,
      0.8066666666666666,
      0.6933333333333334,
      0.8266666666666667,
      0.8066666666666666,
      0.82,
      0.82,
      0.8266666666666667,
      0.8133333333333334,
      0.8133333333333334,
      0.82,
      0.82,
      0.82,
      0.82,
      0.82,
      0.8266666666666667,
      0.82,
      0.82,
      0.8266666666666667,
      0.82,
      0.82,
      0.82,
      0.82,
      0.8266666666666667,
      0.82,
      0.82,
      0.82,
      0.82,
      0.82,
      0.82,
      0.82,
      0.82,
      0.82,
      0.82,
      0.82,
      0.82,
      0.82,
      0.82,
      0.82,
      0.82,
      0.82,
      0.82,
      0.82,
      0.82,
      0.82,
      0.82,
      0.82,
      0.82,
      0.82,
      0.82,
      0.82,
      0.82,
      0.82
    ],
    "step": [
      0.0,
      1.0,
      2.0,
      3.0,
      4.0,
      5.0,
      6.0,
      7.0,
      8.0,
      9.0,
      10.0,
      11.0,
      12.0,
      13.0,
      14.0,
      15.0,
      16.0,
      17.0,
      18.0,
      19.0,
      20.0,
      21.0,
      22.0,
      23.0,
      24.0,
      25.0,
      26.0,
      27.0,
      28.0,
      29.0,
      30.0,
      31.0,
      32.0,
      33.0,
      34.0,
      35.0,
      36.0,
      37.0,
      38.0,
      39.0,
      40.0,
      41.0,
      42.0,
      43.0,
      44.0,
      45.0,
      46.0,
      47.0,
      48.0,
      49.0,
      50.0,
      51.0,
      52.0,
      53.0,
      54.0,
      55.0,
      56.0
    ],
    "func_evals": [
      500.0,
      1398.0,
      2296.0,
      3194.0,
      4092.0,
      4990.0,
      5888.0,
      6786.0,
      7684.0,
      8582.0,
      9480.0,
      10378.0,
      11276.0,
      12174.0,
      13072.0,
      13970.0,
      14868.0,
      15766.0,
      16664.0,
      17562.0,
      18460.0,
      19358.0,
      20256.0,
      21154.0,
      22052.0,
      22950.0,
      23848.0,
      24746.0,
      25644.0,
      26542.0,
      27440.0,
      28338.0,
      29236.0,
      30134.0,
      31032.0,
      31930.0,
      32828.0,
      33726.0,
      34624.0,
      35522.0,
      36420.0,
      37318.0,
      38216.0,
      39114.0,
      40012.0,
      40910.0,
      41808.0,
      42706.0,
      43604.0,
      44502.0,
      45400.0,
      46298.0,
      47196.0,
      48094.0,
      48992.0,
      49890.0,
      50788.0
    ],
    "grad_evals": [
      0.0,
      1.0,
      2.0,
      3.0,
      4.0,
      5.0,
      6.0,
      7.0,
      8.0,
      9.0,
      10.0,
      11.0,
      12.0,
      13.0,
      14.0,
      15.0,
      16.0,
      17.0,
      18.0,
      19.0,
      20.0,
      21.0,
      22.0,
      23.0,
      24.0,
      25.0,
      26.0,
      27.0,
      28.0,
      29.0,
      30.0,
      31.0,
      32.0,
      33.0,
      34.0,
      35.0,
      36.0,
      37.0,
      38.0,
      39.0,
      40.0,
      41.0,
      42.0,
      43.0,
      44.0,
      45.0,
      46.0,
      47.0,
      48.0,
      49.0,
      50.0,
      51.0,
      52.0,
      53.0,
      54.0,
      55.0,
      56.0
    ],
    "wall_time": [
      0.0,
      1.0730807781219482,
      2.116299629211426,
      3.1350884437561035,
      4.220433950424194,
      5.299703359603882,
      6.431201696395874,
      7.449731826782227,
      8.499389410018921,
      9.519848346710205,
      10.52965784072876,
      11.591616153717041,
      12.627607583999634,
      13.625542879104614,
      14.643999338150024,
      15.667148351669312,
      16.694047927856445,
      17.7044837474823,
      18.747236967086792,
      19.758816480636597,
      20.754528760910034,
      21.756794929504395,
      22.77777338027954,
      23.766751527786255,
      24.782949924468994,
      25.780264377593994,
      26.82119870185852,
      27.83708119392395,
      28.841068983078003,
      29.841954708099365,
      30.860830307006836,
      31.879889011383057,
      32.89605140686035,
      33.898823976516724,
      34.910536766052246,
      35.91824555397034,
      36.93497347831726,
      37.930537700653076,
      38.92413640022278,
      39.91495060920715,
      40.90591502189636,
      41.90315580368042,
      42.90514016151428,
      43.8928017616272,
      44.883102893829346,
      45.91417360305786,
      46.89779591560364,
      47.949774503707886,
      48.95183610916138,
      49.98731565475464,
      51.00513935089111,
      52.00196671485901,
      53.077582597732544,
      54.05130910873413,
      55.02847504615784,
      56.01796221733093,
      57.018779039382935
    ]
  },