{
  "optimizer": "krotov",
  "seed": 6,
  "n_layers": 3,
  "n_params": 24,
  "wall_time_total": 144.18759322166443,
  "final_loss": 0.40486089643371265,
  "final_train_acc": 0.86,
  "final_test_acc": 0.8733333333333333,
  "total_func_evals": 120500,
  "total_grad_evals": 100,
  "total_steps": 100,
  "trace": {
    "loss": [
      0.7621515350697944,
      0.3843228034592698,
      0.3539587336872594,
      0.44824539710431044,
      0.35411283291628065,
      0.3197735453592627,
      0.5822931155688251,
      0.41167884374037483,
      0.3934485433135405,
      0.4122626091085448,
      0.4033295316689972,
      0.4072890281399577,
      0.5092495493366924,
      0.4574902171085293,
      0.3957047366746534,
      0.4124737578502225,
      0.40216265514483684,
      0.40836123035725735,
      0.42831845277734715,
      0.4574078425617839,
      0.47208277619509237,
      0.41333730225331317,
      0.4573082158575259,
      0.3970891613750331,
      0.40432550872321077,
      0.40939795827319164,
      0.4211402292980473,
      0.42117205444484795,
      0.4094745817028039,
      0.5057839002290736,
      0.4126884625567647,
      0.42105359253955305,
      0.39943138776742315,
      0.4191774479090048,
      0.4737737786057494,
      0.4360851166268565,
      0.42181878085671654,
      0.43232655520604346,
      0.4387841282357903,
      0.4240235021306205,
      0.4131119908112898,
      0.4130618226039777,
      0.40917033281009124,
      0.4394640757630406,
      0.41383342674963786,
      0.441869078773482,
      0.4376734151304884,
      0.4009149078348133,
      0.4085743615830231,
      0.4083564302627698,
      0.40338362349463797,
      0.40048496026427666,
      0.43336769680284076,
      0.40669879282793203,
      0.42506105454572773,
      0.4105692093025029,
      0.4269140462864635,
      0.5003644039642913,
      0.42363664751330316,
      0.40024835347192567,
      0.49567659324644703,
      0.40808311888410165,
      0.4300583538603343,
      0.40970961169749087,
      0.3956151376361711,
      0.4233402919121239,
      0.40457551990552865,
      0.40862276631523514,
      0.41604401955773607,
      0.43397661137724014,
      0.4275530995340658,
      0.4155654589993673,
      0.411797098905755,
      0.40138423759809094,
      0.40355473106075435,
      0.39683095226799514,
      0.4689891056457375,
      0.4222044968387013,
      0.4237961963248271,
      0.4133780075574417,
      0.405732275895353,
      0.4072163349787436,
      0.4037514769875353,
      0.4076458218592669,
      0.3994910020124855,
      0.4179403532079763,
      0.4686373012704872,
      0.4224329519621631,
      0.41676999925315766,
      0.41346963253529445,
      0.42590865577444853,
      0.4817556505721286,
      0.37310355826873187,
      0.3564156647806821,
      0.47399740050363415,
      0.44438664115483456,
      0.44269560056723783,
      0.451220438658116,
      0.41064514885851844,
      0.4313411788098539,
      0.40486089643371265
    ],
    "train_acc": [
      0.2885714285714286,
      0.8314285714285714,
      0.8542857142857143,
      0.8371428571428572,
      0.8457142857142858,
      0.8485714285714285,
      0.78,
      0.8714285714285714,
      0.88,
      0.8742857142857143,
      0.86,
      0.8885714285714286,
      0.7971428571428572,
      0.8257142857142857,
      0.88,
      0.8628571428571429,
      0.88,
      0.8742857142857143,
      0.8285714285714286,
      0.86,
      0.8371428571428572,
      0.8542857142857143,
      0.8342857142857143,
      0.8742857142857143,
      0.8714285714285714,
      0.8742857142857143,
      0.8428571428571429,
      0.8514285714285714,
      0.8571428571428571,
      0.8171428571428572,
      0.8685714285714285,
      0.8542857142857143,
      0.8942857142857142,
      0.8685714285714285,
      0.8714285714285714,
      0.8114285714285714,
      0.84,
      0.8457142857142858,
      0.8685714285714285,
      0.8514285714285714,
      0.8485714285714285,
      0.8571428571428571,
      0.8857142857142857,
      0.8771428571428571,
      0.8542857142857143,
      0.8571428571428571,
      0.8342857142857143,
      0.8428571428571429,
      0.8714285714285714,
      0.86,
      0.8428571428571429,
      0.8628571428571429,
      0.8485714285714285,
      0.8457142857142858,
      0.8657142857142858,
      0.8514285714285714,
      0.8828571428571429,
      0.7942857142857143,
      0.8428571428571429,
      0.8714285714285714,
      0.8371428571428572,
      0.8457142857142858,
      0.8342857142857143,
      0.8285714285714286,
      0.88,
      0.8428571428571429,
      0.8657142857142858,
      0.8771428571428571,
      0.8371428571428572,
      0.8542857142857143,
      0.8742857142857143,
      0.8485714285714285,
      0.8657142857142858,
      0.8542857142857143,
      0.88,
      0.8771428571428571,
      0.8057142857142857,
      0.8257142857142857,
      0.8685714285714285,
      0.8457142857142858,
      0.8628571428571429,
      0.8514285714285714,
      0.8485714285714285,
      0.8971428571428571,
      0.88,
      0.8228571428571428,
      0.8,
      0.8457142857142858,
      0.8571428571428571,
      0.8628571428571429,
      0.8771428571428571,
      0.7514285714285714,
      0.8457142857142858,
      0.8342857142857143,
      0.8342857142857143,
      0.8514285714285714,
      0.86,
      0.8285714285714286,
      0.88,
      0.8514285714285714,
      0.86
    ],
    "test_acc": [
      0.29333333333333333,
      0.8333333333333334,
      0.86,
      0.78,
      0.8466666666666667,
      0.8666666666666667,
      0.8066666666666666,
      0.88,
      0.9066666666666666,
      0.9133333333333333,
      0.9,
      0.92,
      0.78,
      0.8,
      0.9066666666666666,
      0.8933333333333333,
      0.9266666666666666,
      0.8933333333333333,
      0.8466666666666667,
      0.8666666666666667,
      0.82,
      0.86,
      0.82,
      0.88,
      0.9066666666666666,
      0.9133333333333333,
      0.8533333333333334,
      0.8266666666666667,
      0.8333333333333334,
      0.7933333333333333,
      0.88,
      0.8933333333333333,
      0.8933333333333333,
      0.88,
      0.88,
      0.8133333333333334,
      0.8466666666666667,
      0.86,
      0.84,
      0.86,
      0.8666666666666667,
      0.9,
      0.88,
      0.8733333333333333,
      0.8933333333333333,
      0.86,
      0.8333333333333334,
      0.8533333333333334,
      0.8866666666666667,
      0.8733333333333333,
      0.86,
      0.8733333333333333,
      0.8133333333333334,
      0.86,
      0.9133333333333333,
      0.8666666666666667,
      0.8733333333333333,
      0.72,
      0.9,
      0.88,
      0.8266666666666667,
      0.8666666666666667,
      0.8466666666666667,
      0.86,
      0.8933333333333333,
      0.8533333333333334,
      0.8733333333333333,
      0.8933333333333333,
      0.86,
      0.8533333333333334,
      0.8733333333333333,
      0.8066666666666666,
      0.8866666666666667,
      0.88,
      0.9,
      0.8866666666666667,
      0.8,
      0.8466666666666667,
      0.8466666666666667,
      0.9,
      0.8666666666666667,
      0.8866666666666667,
      0.8533333333333334,
      0.86,
      0.8733333333333333,
      0.8466666666666667,
      0.82,
      0.8533333333333334,
      0.8866666666666667,
      0.8733333333333333,
      0.8866666666666667,
      0.74,
      0.8466666666666667,
      0.8333333333333334,
      0.8533333333333334,
      0.8333333333333334,
      0.88,
      0.8533333333333334,
      0.9333333333333333,
      0.84,
      0.8733333333333333
    ],