{
  "optimizer": "lbfgs",
  "seed": 7,
  "n_layers": 3,
  "n_params": 24,
  "wall_time_total": 70.3942289352417,
  "final_loss": 0.4084003535084496,
  "final_train_acc": 0.8457142857142858,
  "final_test_acc": 0.9066666666666666,
  "total_func_evals": 64258,
  "total_grad_evals": 71,
  "total_steps": 71,
  "trace": {
    "loss": [
      0.7239619196419029,
      0.7239619196419029,
      0.6134332401141686,
      0.5486133890566754,
      0.5225953949378157,
      0.4650300813147665,
      0.43228494574324583,
      0.414220046559319,
      0.4121932649148038,
      0.41252036997063335,
      0.4121688628267183,
      0.4114273532189024,
      0.41114812903075615,
      0.41040822796450227,
      0.4102416540122895,
      0.4097158898028457,
      0.4099705118688283,
      0.40961121999752076,
      0.40985084150949913,
      0.40959510540418365,
      0.40880517187876136,
      0.4098172425739602,
      0.4088517053103515,
      0.4087929995382918,
      0.4088230073204865,
      0.4087940055119368,
      0.4087928820722363,
      0.40879336281506046,
      0.4087928945534454,
      0.4087928820722363,
      0.4306484232286209,
      0.4084003535084496,
      0.48927085741275245,
      0.40847739579937337,
      0.40841141258273994,
      0.40840238547072366,
      0.4084007441541004,
      0.40840042926487863,
      0.4084003682243417,
      0.4084003563679858,
      0.40840035406413905,
      0.4084003536164372,
      0.408400353529435,
      0.40840035351252774,
      0.40840035350924203,
      0.4084003535086035,
      0.4084003535084794,
      0.4084003535084553,
      0.4084003535084506,
      0.4084003535084498,
      0.40840035350844944,
      0.4084003535084497,
      0.4085199615041125,
      0.4084151915636002,
      0.40840265730907277,
      0.4084007270495983,
      0.4084004145191886,
      0.40840036348535763,
      0.4084003551402652,
      0.40840035377535666,
      0.40840035355210635,
      0.40840035351559023,
      0.4084003535096175,
      0.40840035350864057,
      0.4084003535084808,
      0.40840035350845477,
      0.40840035350845044,
      0.4084003535084497,
      0.40840035350844955,
      0.4084003535084496,
      0.4084003535084496,
      0.4084003535084496
    ],
    "train_acc": [
      0.5485714285714286,
      0.5485714285714286,
      0.64,
      0.7371428571428571,
      0.8657142857142858,
      0.8428571428571429,
      0.8314285714285714,
      0.8428571428571429,
      0.8428571428571429,
      0.8457142857142858,
      0.8428571428571429,
      0.8457142857142858,
      0.84,
      0.8371428571428572,
      0.8371428571428572,
      0.8428571428571429,
      0.8457142857142858,
      0.8457142857142858,
      0.8457142857142858,
      0.8457142857142858,
      0.8457142857142858,
      0.8457142857142858,
      0.8457142857142858,
      0.8457142857142858,
      0.8457142857142858,
      0.8457142857142858,
      0.8457142857142858,
      0.8457142857142858,
      0.8457142857142858,
      0.8457142857142858,
      0.8285714285714286,
      0.8457142857142858,
      0.7314285714285714,
      0.8457142857142858,
      0.8457142857142858,
      0.8457142857142858,
      0.8457142857142858,
      0.8457142857142858,
      0.8457142857142858,
      0.8457142857142858,
      0.8457142857142858,
      0.8457142857142858,
      0.8457142857142858,
      0.8457142857142858,
      0.8457142857142858,
      0.8457142857142858,
      0.8457142857142858,
      0.8457142857142858,
      0.8457142857142858,
      0.8457142857142858,
      0.8457142857142858,
      0.8457142857142858,
      0.8457142857142858,
      0.8457142857142858,
      0.8457142857142858,
      0.8457142857142858,
      0.8457142857142858,
      0.8457142857142858,
      0.8457142857142858,
      0.8457142857142858,
      0.8457142857142858,
      0.8457142857142858,
      0.8457142857142858,
      0.8457142857142858,
      0.8457142857142858,
      0.8457142857142858,
      0.8457142857142858,
      0.8457142857142858,
      0.8457142857142858,
      0.8457142857142858,
      0.8457142857142858,
      0.8457142857142858
    ],
    "test_acc": [
      0.5666666666666667,
      0.5666666666666667,
      0.6466666666666666,
      0.76,
      0.9,
      0.9,
      0.9,
      0.9,
      0.9,
      0.9066666666666666,
      0.9,
      0.9,
      0.9,
      0.9,
      0.9,
      0.9,
      0.9066666666666666,
      0.9,
      0.9066666666666666,
      0.9066666666666666,
      0.9066666666666666,
      0.9066666666666666,
      0.9066666666666666,
      0.9066666666666666,
      0.9066666666666666,
      0.9066666666666666,
      0.9066666666666666,
      0.9066666666666666,
      0.9066666666666666,
      0.9066666666666666,
      0.8866666666666667,
      0.9066666666666666,
      0.7866666666666666,
      0.9066666666666666,
      0.9066666666666666,
      0.9066666666666666,
      0.9066666666666666,
      0.9066666666666666,
      0.9066666666666666,
      0.9066666666666666,
      0.9066666666666666,
      0.9066666666666666,
      0.9066666666666666,
      0.9066666666666666,
      0.9066666666666666,
      0.9066666666666666,
      0.9066666666666666,
      0.9066666666666666,
      0.9066666666666666,
      0.9066666666666666,
      0.9066666666666666,
      0.9066666666666666,
      0.9066666666666666,
      0.9066666666666666,
      0.9066666666666666,
      0.9066666666666666,
      0.9066666666666666,
      0.9066666666666666,
      0.9066666666666666,
      0.9066666666666666,
      0.9066666666666666,
      0.9066666666666666,
      0.9066666666666666,
      0.9066666666666666,
      0.9066666666666666,
      0.9066666666666666,
      0.9066666666666666,
      0.9066666666666666,
      0.9066666666666666,
      0.9066666666666666,
      0.9066666666666666,
      0.9066666666666666
    ],
    "step": [
      0.0,
      1.0,
      2.0,
      3.0,
      4.0,
      5.0,
      6.0,
      7.0,
      8.0,
      9.0,
      10.0,
      11.0,
      12.0,
      13.0,
      14.0,
      15.0,
      16.0,
      17.0,
      18.0,
      19.0,
      20.0,
      21.0,
      22.0,
      23.0,
      24.0,
      25.0,
      26.0,
      27.0,
      28.0,
      29.0,
      30.0,
      31.0,
      32.0,
      33.0,
      34.0,
      35.0,
      36.0,
      37.0,
      38.0,
      39.0,
      40.0,
      41.0,
      42.0,
      43.0,
      44.0,
      45.0,
      46.0,
      47.0,
      48.0,
      49.0,
      50.0,
      51.0,
      52.0,
      53.0,
      54.0,
      55.0,
      56.0,
      57.0,
      58.0,
      59.0,
      60.0,
      61.0,
      62.0,
      63.0,
      64.0,
      65.0,
      66.0,
      67.0,
      68.0,
      69.0,
      70.0,
      71.0
    ],
    "func_evals": [
      500.0,
      1398.0,
      2296.0,
      3194.0,
      4092.0,
      4990.0,
      5888.0,
      6786.0,
      7684.0,
      8582.0,
      9480.0,
      10378.0,
      11276.0,
      12174.0,
      13072.0,
      13970.0,
      14868.0,
      15766.0,
      16664.0,
      17562.0,
      18460.0,
      19358.0,
      20256.0,
      21154.0,
      22052.0,
      22950.0,
      23848.0,
      24746.0,
      25644.0,
      26542.0,
      27440.0,
      28338.0,
      29236.0,
      30134.0,
      31032.0,
      31930.0,
      32828.0,
      33726.0,
      34624.0,
      35522.0,
      36420.0,
      37318.0,
      38216.0,
      39114.0,
      40012.0,
      40910.0,
      41808.0,
      42706.0,
      43604.0,
      44502.0,
      45400.0,
      46298.0,
      47196.0,
      48094.0,
      48992.0,
      49890.0,
      50788.0,
      51686.0,
      52584.0,
      53482.0,
      54380.0,
      55278.0,
      56176.0,
      57074.0,
      57972.0,
      58870.0,
      59768.0,
      60666.0,
      61564.0,
      62462.0,
      63360.0,
      64258.0
    ],