{
  "optimizer": "adam",
  "seed": 4,
  "n_layers": 3,
  "n_params": 24,
  "wall_time_total": 97.43145108222961,
  "final_loss": 0.36497069807258126,
  "final_train_acc": 0.8542857142857143,
  "final_test_acc": 0.8733333333333333,
  "total_func_evals": 55300,
  "total_grad_evals": 100,
  "total_steps": 100,
  "trace": {
    "loss": [
      0.7286458836657745,
      0.6843341710319785,
      0.6473382727966615,
      0.6184447115103444,
      0.5963786116476499,
      0.5787009590083865,
      0.5636366692080996,
      0.5503078945509926,
      0.5382808587626853,
      0.527285684008545,
      0.517127702927556,
      0.5076804048436149,
      0.49887288419928494,
      0.49064013428435876,
      0.4828707804952491,
      0.4754092288986294,
      0.46810559377445493,
      0.4608554202849917,
      0.45361859983562325,
      0.4464216599600021,
      0.4393460480604867,
      0.4325091860338356,
      0.42603333207336813,
      0.42000538356846157,
      0.4144569666007024,
      0.4093892557539559,
      0.40481468400684484,
      0.40076386011327914,
      0.39724966272012635,
      0.3942298385077364,
      0.39161251650191237,
      0.3892986266610743,
      0.38721727620359103,
      0.3853335304184403,
      0.38363637676265805,
      0.382119986251772,
      0.38076975597777213,
      0.3795611250768491,
      0.3784717853442651,
      0.3774979577807905,
      0.37666054158264306,
      0.37599346480492574,
      0.3755207114637958,
      0.37523708378636933,
      0.3751028562132855,
      0.375051821209756,
      0.375007365149218,
      0.37490160780114185,
      0.37469194520593985,
      0.37436856825824055,
      0.3739498397826535,
      0.3734684077078459,
      0.37295514925696516,
      0.37242833142760917,
      0.37189197034483423,
      0.3713420171864999,
      0.3707748999164219,
      0.370192771568582,
      0.3696031434211259,
      0.3690145468636218,
      0.36843193136275193,
      0.36785493892589133,
      0.36727980913214464,
      0.36670311850556103,
      0.3661244843302481,
      0.3655463618293405,
      0.3649712800220113,
      0.3643986950901912,
      0.36382388599267446,
      0.3632398594983063,
      0.3626410946500339,
      0.36202674603751095,
      0.3614016523782041,
      0.3607755705212659,
      0.3601626683748931,
      0.35958300813072613,
      0.3590656883809269,
      0.35865117550899467,
      0.35838986940602896,
      0.3583352613786327,
      0.3585319245792329,
      0.3590002625239263,
      0.35972195932361817,
      0.36063252118089006,
      0.3616275650157047,
      0.3625843383723823,
      0.3633916398655952,
      0.3639770540668546,
      0.3643224817946407,
      0.36446340822348144,
      0.36447239407069293,
      0.36443313649071174,
      0.36441536674066716,
      0.3644592075969693,
      0.3645714842084183,
      0.3647310914525942,
      0.3648992893500564,
      0.3650323906667439,
      0.365095133925119,
      0.3650717373174866,
      0.36497069807258126
    ],
    "train_acc": [
      0.5228571428571429,
      0.5485714285714286,
      0.5742857142857143,
      0.6,
      0.64,
      0.6628571428571428,
      0.6942857142857143,
      0.7371428571428571,
      0.8171428571428572,
      0.86,
      0.86,
      0.8542857142857143,
      0.8542857142857143,
      0.8514285714285714,
      0.8457142857142858,
      0.8457142857142858,
      0.8457142857142858,
      0.8457142857142858,
      0.8514285714285714,
      0.8514285714285714,
      0.8457142857142858,
      0.8457142857142858,
      0.84,
      0.8342857142857143,
      0.8371428571428572,
      0.8314285714285714,
      0.8314285714285714,
      0.8342857142857143,
      0.8371428571428572,
      0.8371428571428572,
      0.8342857142857143,
      0.8314285714285714,
      0.8285714285714286,
      0.8285714285714286,
      0.8314285714285714,
      0.8314285714285714,
      0.8314285714285714,
      0.8314285714285714,
      0.8342857142857143,
      0.8342857142857143,
      0.8371428571428572,
      0.8371428571428572,
      0.84,
      0.8457142857142858,
      0.8457142857142858,
      0.8457142857142858,
      0.8457142857142858,
      0.8457142857142858,
      0.8457142857142858,
      0.8457142857142858,
      0.8457142857142858,
      0.8457142857142858,
      0.8457142857142858,
      0.8457142857142858,
      0.8457142857142858,
      0.8457142857142858,
      0.8457142857142858,
      0.8457142857142858,
      0.8457142857142858,
      0.8457142857142858,
      0.8457142857142858,
      0.84,
      0.84,
      0.84,
      0.84,
      0.84,
      0.84,
      0.84,
      0.8371428571428572,
      0.8371428571428572,
      0.8371428571428572,
      0.8371428571428572,
      0.8371428571428572,
      0.8314285714285714,
      0.8371428571428572,
      0.8428571428571429,
      0.8428571428571429,
      0.8428571428571429,
      0.8485714285714285,
      0.8514285714285714,
      0.8571428571428571,
      0.8514285714285714,
      0.8571428571428571,
      0.8628571428571429,
      0.8628571428571429,
      0.8571428571428571,
      0.8542857142857143,
      0.8542857142857143,
      0.8571428571428571,
      0.8571428571428571,
      0.8571428571428571,
      0.86,
      0.86,
      0.86,
      0.8571428571428571,
      0.8571428571428571,
      0.8571428571428571,
      0.8571428571428571,
      0.8571428571428571,
      0.8571428571428571,
      0.8542857142857143
    ],
    "test_acc": [
      0.5866666666666667,
      0.6066666666666667,
      0.62,
      0.66,
      0.68,
      0.74,
      0.7466666666666667,
      0.8,
      0.84,
      0.8933333333333333,
      0.8933333333333333,
      0.8933333333333333,
      0.8933333333333333,
      0.8933333333333333,
      0.8933333333333333,
      0.8933333333333333,
      0.8866666666666667,
      0.88,
      0.8733333333333333,
      0.88,
      0.88,
      0.88,
      0.8733333333333333,
      0.8733333333333333,
      0.88,
      0.88,
      0.8666666666666667,
      0.8666666666666667,
      0.8666666666666667,
      0.86,
      0.86,
      0.86,
      0.8533333333333334,
      0.8466666666666667,
      0.8466666666666667,
      0.8466666666666667,
      0.8466666666666667,
      0.8466666666666667,
      0.8466666666666667,
      0.8466666666666667,
      0.8466666666666667,
      0.8466666666666667,
      0.8466666666666667,
      0.8466666666666667,
      0.84,
      0.84,
      0.8466666666666667,
      0.8466666666666667,
      0.8466666666666667,
      0.8466666666666667,
      0.8466666666666667,
      0.8466666666666667,
      0.8466666666666667,
      0.8466666666666667,
      0.8466666666666667,
      0.8533333333333334,
      0.8533333333333334,
      0.8533333333333334,
      0.8533333333333334,
      0.8533333333333334,
      0.8533333333333334,
      0.8533333333333334,
      0.8533333333333334,
      0.8533333333333334,
      0.8533333333333334,
      0.8533333333333334,
      0.8533333333333334,
      0.8533333333333334,
      0.86,
      0.86,
      0.8666666666666667,
      0.8733333333333333,
      0.8733333333333333,
      0.8866666666666667,
      0.8866666666666667,
      0.8866666666666667,
      0.8866666666666667,
      0.8933333333333333,
      0.8866666666666667,
      0.88,
      0.8666666666666667,
      0.8666666666666667,
      0.86,
      0.8533333333333334,
      0.86,
      0.8733333333333333,
      0.8733333333333333,
      0.8733333333333333,
      0.8733333333333333,
      0.8733333333333333,
      0.8733333333333333,
      0.8733333333333333,
      0.8733333333333333,
      0.8733333333333333,
      0.8733333333333333,
      0.8733333333333333,
      0.8733333333333333,
      0.8733333333333333,
      0.8733333333333333,
      0.8733333333333333,
      0.8733333333333333
    ],