{
  "optimizer": "krotov",
  "seed": 0,
  "n_layers": 3,
  "n_params": 24,
  "wall_time_total": 146.57470393180847,
  "final_loss": 0.4231558244978068,
  "final_train_acc": 0.8514285714285714,
  "final_test_acc": 0.86,
  "total_func_evals": 120500,
  "total_grad_evals": 100,
  "total_steps": 100,
  "trace": {
    "loss": [
      0.6236850464872812,
      0.38326083617901285,
      0.34062933988510474,
      0.42841968817271403,
      0.4604565711875135,
      0.4611040912229898,
      0.6671832706195793,
      0.43370735636443797,
      0.378662350470667,
      0.6664046306281614,
      0.3705908550769371,
      0.4133027127163922,
      0.386204575210778,
      0.45800448091914436,
      0.33631524416516023,
      0.42914881660395493,
      0.483102296964543,
      0.3874639591872688,
      0.45007629082546363,
      0.428514002138279,
      0.4041882095046159,
      0.3733010161220641,
      0.39873070021121937,
      0.43555866702341195,
      0.37566994469070136,
      0.33954952928115933,
      0.33457005022035496,
      0.3725489108082604,
      0.3416954433809511,
      0.36414629864473624,
      0.35385046161268097,
      0.4231528178380363,
      0.47903590824877096,
      0.3365322400843896,
      0.41528727644259966,
      0.5442288872592662,
      0.4740488850679958,
      0.4847683103123198,
      0.4005248871295996,
      0.5424118082168715,
      0.41418840297361825,
      0.44311499422414474,
      0.43495378509168225,
      0.6787183782822943,
      0.3718839330967567,
      0.4495992608563295,
      0.41700815696317617,
      0.34894577705042656,
      0.4094663512931068,
      0.42360065315216894,
      0.4075178192924966,
      0.5166293963059074,
      0.36273797725102064,
      0.395051398242988,
      0.37733848497690814,
      0.5403133128741331,
      0.3688428502709764,
      0.4541671614317773,
      0.36674393577357545,
      0.47093975034234453,
      0.7481538836059979,
      0.3511781879506227,
      0.4656456887745407,
      0.3595969000515064,
      0.3952687660089805,
      0.6802167429683216,
      0.33044848285302236,
      0.3710695512107178,
      0.38068380373129473,
      0.40091640265206463,
      0.3292907936308161,
      0.35449531138852447,
      0.3495443580755958,
      0.4362630461032802,
      0.4079609934239144,
      0.33566521016624634,
      0.4265394395676784,
      0.3745840732454315,
      0.5730791055931097,
      0.4287861117832345,
      0.40858899954176253,
      0.33835271633886194,
      0.570865162414284,
      0.39164507774542073,
      0.44984038265669,
      0.34227497042297095,
      0.38101197968539297,
      0.38174341697286684,
      0.33706175177856573,
      0.3341443553349058,
      0.3369424540456978,
      0.359465451078838,
      0.33750900227696407,
      0.3373748013340733,
      0.3515117203445093,
      0.3469678009675784,
      0.43732877588798147,
      0.4838591685300719,
      0.37152358152476317,
      0.412981396097713,
      0.4231558244978068
    ],
    "train_acc": [
      0.6485714285714286,
      0.8657142857142858,
      0.8457142857142858,
      0.8628571428571429,
      0.8457142857142858,
      0.8714285714285714,
      0.6228571428571429,
      0.8685714285714285,
      0.8457142857142858,
      0.6771428571428572,
      0.84,
      0.8371428571428572,
      0.8314285714285714,
      0.8285714285714286,
      0.8542857142857143,
      0.8628571428571429,
      0.8514285714285714,
      0.8371428571428572,
      0.82,
      0.8342857142857143,
      0.8457142857142858,
      0.8685714285714285,
      0.8285714285714286,
      0.8257142857142857,
      0.8457142857142858,
      0.8485714285714285,
      0.8514285714285714,
      0.8485714285714285,
      0.8542857142857143,
      0.8485714285714285,
      0.8628571428571429,
      0.8342857142857143,
      0.8114285714285714,
      0.8571428571428571,
      0.8285714285714286,
      0.7771428571428571,
      0.8542857142857143,
      0.8514285714285714,
      0.8571428571428571,
      0.7714285714285715,
      0.8228571428571428,
      0.8314285714285714,
      0.8371428571428572,
      0.6628571428571428,
      0.8485714285714285,
      0.8371428571428572,
      0.8571428571428571,
      0.8514285714285714,
      0.84,
      0.8771428571428571,
      0.84,
      0.8085714285714286,
      0.8542857142857143,
      0.8457142857142858,
      0.86,
      0.7857142857142857,
      0.8314285714285714,
      0.7885714285714286,
      0.8428571428571429,
      0.8828571428571429,
      0.5771428571428572,
      0.8485714285714285,
      0.8285714285714286,
      0.8457142857142858,
      0.8742857142857143,
      0.4685714285714286,
      0.84,
      0.8485714285714285,
      0.8428571428571429,
      0.8342857142857143,
      0.8428571428571429,
      0.8514285714285714,
      0.8514285714285714,
      0.8085714285714286,
      0.8342857142857143,
      0.88,
      0.8285714285714286,
      0.8314285714285714,
      0.7514285714285714,
      0.8657142857142858,
      0.8542857142857143,
      0.8571428571428571,
      0.7657142857142857,
      0.8285714285714286,
      0.8514285714285714,
      0.8542857142857143,
      0.8371428571428572,
      0.8542857142857143,
      0.84,
      0.8371428571428572,
      0.8485714285714285,
      0.84,
      0.8371428571428572,
      0.8428571428571429,
      0.84,
      0.8457142857142858,
      0.8085714285714286,
      0.7914285714285715,
      0.8571428571428571,
      0.8971428571428571,
      0.8514285714285714
    ],
    "test_acc": [
      0.6333333333333333,
      0.82,
      0.8266666666666667,
      0.8133333333333334,
      0.8333333333333334,
      0.8666666666666667,
      0.6133333333333333,
      0.8466666666666667,
      0.8333333333333334,
      0.6533333333333333,
      0.8,
      0.7666666666666667,
      0.76,
      0.7466666666666667,
      0.8266666666666667,
      0.84,
      0.84,
      0.82,
      0.84,
      0.8,
      0.8333333333333334,
      0.8466666666666667,
      0.8333333333333334,
      0.8533333333333334,
      0.7666666666666667,
      0.7733333333333333,
      0.82,
      0.82,
      0.82,
      0.8,
      0.8333333333333334,
      0.8266666666666667,
      0.8,
      0.8333333333333334,
      0.82,
      0.7333333333333333,
      0.8933333333333333,
      0.8333333333333334,
      0.8333333333333334,
      0.7533333333333333,
      0.8133333333333334,
      0.7466666666666667,
      0.76,
      0.7,
      0.7733333333333333,
      0.7933333333333333,
      0.8,
      0.8133333333333334,
      0.78,
      0.8533333333333334,
      0.8,
      0.8066666666666666,
      0.8333333333333334,
      0.8,
      0.84,
      0.7133333333333334,
      0.76,
      0.7533333333333333,
      0.8333333333333334,
      0.8466666666666667,
      0.5466666666666666,
      0.8,
      0.76,
      0.8133333333333334,
      0.82,
      0.4866666666666667,
      0.8,
      0.8333333333333334,
      0.8133333333333334,
      0.78,
      0.8,
      0.82,
      0.8266666666666667,
      0.8133333333333334,
      0.82,
      0.8266666666666667,
      0.8,
      0.8466666666666667,
      0.7533333333333333,
      0.8333333333333334,
      0.8466666666666667,
      0.82,
      0.72,
      0.7666666666666667,
      0.8066666666666666,
      0.8266666666666667,
      0.7733333333333333,
      0.84,
      0.8066666666666666,
      0.8066666666666666,
      0.82,
      0.8133333333333334,
      0.8066666666666666,
      0.7933333333333333,
      0.8066666666666666,
      0.8133333333333334,
      0.8066666666666666,
      0.7333333333333333,
      0.8066666666666666,
      0.8733333333333333,
      0.86
    ],