{
  "optimizer": "krotov",
  "seed": 9,
  "n_layers": 3,
  "n_params": 24,
  "wall_time_total": 143.71993494033813,
  "final_loss": 0.7055805883167328,
  "final_train_acc": 0.6828571428571428,
  "final_test_acc": 0.7666666666666667,
  "total_func_evals": 120500,
  "total_grad_evals": 100,
  "total_steps": 100,
  "trace": {
    "loss": [
      0.5904241551038374,
      0.49408059106777186,
      0.3947886311867642,
      0.5462241209148418,
      0.5536328642023858,
      0.5110788149503462,
      0.3711870649467628,
      0.6922678092981354,
      0.39484017175131586,
      0.42471151542501145,
      0.5755002722401212,
      0.4059791040296295,
      0.3779359380088095,
      0.5775322272321978,
      0.607613068099119,
      0.5349871231190237,
      0.5373363147847917,
      0.3756964033177714,
      0.741755156568197,
      0.3938000382665912,
      0.4590865816228896,
      0.3758530271065469,
      0.36014289355817386,
      0.8308203822300517,
      0.3844507525694203,
      0.41824337818518587,
      0.3594380953323317,
      0.48607723013369275,
      0.3696038511074094,
      0.5024996599833288,
      0.42719273123606877,
      0.3838685443445323,
      0.40738921744493983,
      0.4401534158527813,
      0.402560213697126,
      0.39432124941244995,
      0.5698505764475381,
      0.39928951527069284,
      0.4818073963568518,
      0.37189655054615206,
      0.38255266599465665,
      0.4182226300066138,
      0.4082652410100929,
      0.40167426007638524,
      0.46540278897705367,
      0.5720542886895883,
      0.4469132267595068,
      0.42944851197394135,
      0.38706288802830696,
      0.3834728973802461,
      0.572862398802927,
      0.4897871255786596,
      0.7105590833478547,
      0.43617551710483315,
      0.40797909713823793,
      0.3752212885720389,
      0.4664054965453043,
      0.46842332526883557,
      0.5506569303194582,
      0.5727746280763925,
      0.4583361620683599,
      0.4102438117603893,
      0.5373845336531907,
      0.43869176982541686,
      0.5191420863742924,
      0.45160798186122164,
      0.42061607444299104,
      0.5462359870257609,
      0.6455730799354866,
      0.4490854211950955,
      0.3729739361773152,
      0.3930934788890096,
      0.545030354552085,
      0.3268415720268028,
      0.45845993524600087,
      0.6936027940012605,
      0.36001551678732896,
      0.396915383508319,
      0.38187984968014266,
      0.543797203380932,
      0.3929033853794918,
      0.42691291375324136,
      0.5370310409838548,
      0.36744271776376447,
      0.4129594292320369,
      0.44559222507383195,
      0.36773185292563126,
      0.4263926791285324,
      0.37501281557592975,
      0.37238800994240284,
      0.4107528773586523,
      0.4596006759834462,
      0.614797241904849,
      0.38032210793069954,
      0.3592047945226447,
      0.6913299743828527,
      0.41658818680012166,
      0.3754009883388616,
      0.37629275882943247,
      0.4567151494809614,
      0.7055805883167328
    ],
    "train_acc": [
      0.8742857142857143,
      0.7028571428571428,
      0.8057142857142857,
      0.7742857142857142,
      0.7857142857142857,
      0.8171428571428572,
      0.8257142857142857,
      0.4657142857142857,
      0.8314285714285714,
      0.8371428571428572,
      0.7714285714285715,
      0.82,
      0.8057142857142857,
      0.7685714285714286,
      0.7828571428571428,
      0.7885714285714286,
      0.7885714285714286,
      0.8371428571428572,
      0.54,
      0.8314285714285714,
      0.8114285714285714,
      0.8171428571428572,
      0.8171428571428572,
      0.5,
      0.8342857142857143,
      0.8314285714285714,
      0.82,
      0.8314285714285714,
      0.8114285714285714,
      0.8142857142857143,
      0.8257142857142857,
      0.8285714285714286,
      0.8257142857142857,
      0.8057142857142857,
      0.84,
      0.8171428571428572,
      0.6657142857142857,
      0.84,
      0.8028571428571428,
      0.8142857142857143,
      0.82,
      0.8,
      0.8057142857142857,
      0.8314285714285714,
      0.7914285714285715,
      0.6685714285714286,
      0.8942857142857142,
      0.8285714285714286,
      0.84,
      0.8057142857142857,
      0.7571428571428571,
      0.8,
      0.5371428571428571,
      0.8171428571428572,
      0.8257142857142857,
      0.8285714285714286,
      0.8257142857142857,
      0.8114285714285714,
      0.8257142857142857,
      0.8285714285714286,
      0.8085714285714286,
      0.88,
      0.78,
      0.8314285714285714,
      0.8028571428571428,
      0.8457142857142858,
      0.8742857142857143,
      0.74,
      0.7657142857142857,
      0.8371428571428572,
      0.84,
      0.8628571428571429,
      0.7371428571428571,
      0.8542857142857143,
      0.8342857142857143,
      0.5114285714285715,
      0.8457142857142858,
      0.8171428571428572,
      0.8571428571428571,
      0.8,
      0.84,
      0.8,
      0.7257142857142858,
      0.8342857142857143,
      0.8342857142857143,
      0.84,
      0.8171428571428572,
      0.8228571428571428,
      0.8285714285714286,
      0.8228571428571428,
      0.8171428571428572,
      0.8257142857142857,
      0.7285714285714285,
      0.8314285714285714,
      0.8142857142857143,
      0.5628571428571428,
      0.8228571428571428,
      0.8314285714285714,
      0.8428571428571429,
      0.8028571428571428,
      0.6828571428571428
    ],
    "test_acc": [
      0.92,
      0.7133333333333334,
      0.86,
      0.7933333333333333,
      0.7666666666666667,
      0.84,
      0.88,
      0.42,
      0.88,
      0.8733333333333333,
      0.76,
      0.8466666666666667,
      0.8733333333333333,
      0.74,
      0.8066666666666666,
      0.7933333333333333,
      0.78,
      0.8866666666666667,
      0.6066666666666667,
      0.8533333333333334,
      0.82,
      0.88,
      0.88,
      0.5,
      0.8666666666666667,
      0.8466666666666667,
      0.8733333333333333,
      0.9,
      0.86,
      0.84,
      0.8933333333333333,
      0.86,
      0.8466666666666667,
      0.82,
      0.8666666666666667,
      0.8666666666666667,
      0.7333333333333333,
      0.8733333333333333,
      0.8133333333333334,
      0.8666666666666667,
      0.8666666666666667,
      0.84,
      0.86,
      0.8933333333333333,
      0.7933333333333333,
      0.7066666666666667,
      0.9266666666666666,
      0.9,
      0.9066666666666666,
      0.8733333333333333,
      0.74,
      0.7666666666666667,
      0.5133333333333333,
      0.8466666666666667,
      0.8533333333333334,
      0.8733333333333333,
      0.8733333333333333,
      0.84,
      0.8866666666666667,
      0.8666666666666667,
      0.8866666666666667,
      0.9333333333333333,
      0.7666666666666667,
      0.8666666666666667,
      0.8733333333333333,
      0.9066666666666666,
      0.92,
      0.8133333333333334,
      0.7533333333333333,
      0.8933333333333333,
      0.8666666666666667,
      0.9266666666666666,
      0.7533333333333333,
      0.88,
      0.8533333333333334,
      0.46,
      0.8933333333333333,
      0.8666666666666667,
      0.92,
      0.7866666666666666,
      0.88,
      0.8466666666666667,
      0.72,
      0.86,
      0.8933333333333333,
      0.84,
      0.8733333333333333,
      0.8333333333333334,
      0.8533333333333334,
      0.8666666666666667,
      0.8333333333333334,
      0.8466666666666667,
      0.7933333333333333,
      0.8533333333333334,
      0.8733333333333333,
      0.6133333333333333,
      0.9066666666666666,
      0.86,
      0.9066666666666666,
      0.8,
      0.7666666666666667
    ],