{
  "optimizer": "krotov_hybrid_sw030",
  "optimizer_name": "krotov_hybrid",
  "optimizer_family": "krotov_hybrid",
  "is_sweep": true,
  "sweep_group": "krotov_hybrid",
  "config_overrides": {
    "hybrid_switch_iteration": 30
  },
  "seed": 4,
  "n_layers": 3,
  "model_architecture": "hea",
  "input_encoding": "tanh_0_pi",
  "n_params": 24,
  "wall_time_total": 17.62099289894104,
  "final_loss": 0.37024165704580203,
  "final_train_acc": 0.86,
  "final_test_acc": 0.8266666666666667,
  "total_cost_units": 31850,
  "total_func_evals": 31850,
  "total_grad_evals": 7000,
  "total_sample_forward_passes": 24850,
  "total_sample_backward_passes": 7000,
  "total_full_loss_evaluations": 21,
  "total_steps": 20,
  "threshold_metrics": {
    "0.45": {
      "threshold": 0.45,
      "reached": true,
      "step": 1,
      "wall_time": 0.8895449638366699,
      "cost_units": 2400
    },
    "0.40": {
      "threshold": 0.4,
      "reached": true,
      "step": 1,
      "wall_time": 0.8895449638366699,
      "cost_units": 2400
    },
    "0.38": {
      "threshold": 0.38,
      "reached": true,
      "step": 1,
      "wall_time": 0.8895449638366699,
      "cost_units": 2400
    },
    "0.36": {
      "threshold": 0.36,
      "reached": true,
      "step": 1,
      "wall_time": 0.8895449638366699,
      "cost_units": 2400
    }
  },
  "trace": {
    "loss": [
      0.7286458836657745,
      0.3578192429574031,
      0.34322969689136773,
      0.3477889101396274,
      0.3696226456803214,
      0.33295047476540324,
      0.3938393346000609,
      0.3196745785984271,
      0.3199619082524444,
      0.32537495130066607,
      0.32757183863538925,
      0.33427553298884344,
      0.3619852180737392,
      0.3407968010783005,
      0.3860518280627058,
      0.34352802265349824,
      0.3528014230627217,
      0.34034945950205026,
      0.32711409023949145,
      0.32200079895348777,
      0.37024165704580203
    ],
    "train_acc": [
      0.5228571428571429,
      0.8485714285714285,
      0.8514285714285714,
      0.8457142857142858,
      0.8485714285714285,
      0.8571428571428571,
      0.8542857142857143,
      0.8542857142857143,
      0.8485714285714285,
      0.8514285714285714,
      0.8628571428571429,
      0.8542857142857143,
      0.8628571428571429,
      0.8542857142857143,
      0.8485714285714285,
      0.8485714285714285,
      0.8485714285714285,
      0.8457142857142858,
      0.8571428571428571,
      0.8485714285714285,
      0.86
    ],
    "test_acc": [
      0.5866666666666667,
      0.8666666666666667,
      0.8866666666666667,
      0.86,
      0.8466666666666667,
      0.8733333333333333,
      0.86,
      0.88,
      0.8733333333333333,
      0.8733333333333333,
      0.86,
      0.88,
      0.8333333333333334,
      0.88,
      0.8533333333333334,
      0.8466666666666667,
      0.88,
      0.8666666666666667,
      0.86,
      0.88,
      0.8266666666666667
    ],
    "step": [
      0.0,
      1.0,
      2.0,
      3.0,
      4.0,
      5.0,
      6.0,
      7.0,
      8.0,
      9.0,
      10.0,
      11.0,
      12.0,
      13.0,
      14.0,
      15.0,
      16.0,
      17.0,
      18.0,
      19.0,
      20.0
    ],
    "phase": [
      "init",
      "online",
      "online",
      "online",
      "online",
      "online",
      "online",
      "online",
      "online",
      "online",
      "online",
      "online",
      "online",
      "online",
      "online",
      "online",
      "online",
      "online",
      "online",
      "online",
      "online"
    ],
    "wall_time": [
      0.0,
      0.8895449638366699,
      1.790672779083252,
      2.667479991912842,
      3.5594847202301025,
      4.415306806564331,
      5.2938597202301025,
      6.181437969207764,
      7.073765754699707,
      7.9524290561676025,
      8.839362859725952,
      9.721852779388428,
      10.606485843658447,
      11.482633829116821,
      12.323308944702148,
      13.207729816436768,
      14.077175855636597,
      14.975517749786377,
      15.861405849456787,
      16.744924783706665,
      17.620961904525757
    ],
    "func_evals": [
      850.0,
      2400.0,
      3950.0,
      5500.0,
      7050.0,
      8600.0,
      10150.0,
      11700.0,
      13250.0,
      14800.0,
      16350.0,
      17900.0,
      19450.0,
      21000.0,
      22550.0,
      24100.0,
      25650.0,
      27200.0,
      28750.0,
      30300.0,
      31850.0
    ],
    "grad_evals": [
      0.0,
      350.0,
      700.0,
      1050.0,
      1400.0,
      1750.0,
      2100.0,
      2450.0,
      2800.0,
      3150.0,
      3500.0,
      3850.0,
      4200.0,
      4550.0,
      4900.0,
      5250.0,
      5600.0,
      5950.0,
      6300.0,
      6650.0,
      7000.0
    ],
    "sample_forward_passes": [
      850.0,
      2050.0,
      3250.0,
      4450.0,
      5650.0,
      6850.0,
      8050.0,
      9250.0,
      10450.0,
      11650.0,
      12850.0,
      14050.0,
      15250.0,
      16450.0,
      17650.0,
      18850.0,
      20050.0,
      21250.0,
      22450.0,
      23650.0,
      24850.0
    ],
    "sample_backward_passes": [
      0.0,
      350.0,
      700.0,
      1050.0,
      1400.0,
      1750.0,
      2100.0,
      2450.0,
      2800.0,
      3150.0,
      3500.0,
      3850.0,
      4200.0,
      4550.0,
      4900.0,
      5250.0,
      5600.0,
      5950.0,
      6300.0,
      6650.0,
      7000.0
    ],
    "full_loss_evaluations": [
      1.0,
      2.0,
      3.0,
      4.0,
      5.0,
      6.0,
      7.0,
      8.0,
      9.0,
      10.0,
      11.0,
      12.0,
      13.0,
      14.0,
      15.0,
      16.0,
      17.0,
      18.0,
      19.0,
      20.0,
      21.0
    ],
    "gradient_evaluations": [
      0.0,
      350.0,
      700.0,
      1050.0,
      1400.0,
      1750.0,
      2100.0,
      2450.0,
      2800.0,
      3150.0,
      3500.0,
      3850.0,
      4200.0,
      4550.0,
      4900.0,
      5250.0,
      5600.0,
      5950.0,
      6300.0,
      6650.0,
      7000.0
    ],
    "cost_units": [
      850.0,
      2400.0,
      3950.0,
      5500.0,
      7050.0,
      8600.0,
      10150.0,
      11700.0,
      13250.0,
      14800.0,
      16350.0,
      17900.0,
      19450.0,
      21000.0,
      22550.0,
      24100.0,
      25650.0,
      27200.0,
      28750.0,
      30300.0,
      31850.0
    ],
    "step_size": [
      0.0,
      0.3,
      0.3,
      0.3,
      0.3,
      0.3,
      0.3,
      0.3,
      0.3,
      0.3,
      0.3,
      0.3,
      0.3,
      0.3,
      0.3,
      0.3,
      0.3,
      0.3,
      0.3,
      0.3,
      0.3
    ],
    "update_norm": [
      0.0,
      3.9336463562831883,
      0.9064330137015167,
      1.1573257801356085,
      1.2763838081981294,
      1.2212431093657128,
      1.7270666413776372,
      1.173152755084994,
      0.968611629688156,
      1.196519036447892,
      0.9575551758529022,
      1.1555955437726362,
      1.2634843788858563,
      1.319129678220278,
      1.2320695829685016,
      1.8141281208065752,
      1.264832066407487,
      4.68678377416716,
      1.1466991823346302,
      0.8733571377211452,
      1.2259896459361608
    ],
    "gradient_norm": [
      0.0,
      0.03746329863126845,
      0.0086326953685859,
      0.01102215028700579,
      0.01215603626855363,
      0.011630886755863904,
      0.016448253727406048,
      0.011172883381761839,
      0.009224872663696726,
      0.011395419394741873,
      0.009119573103360968,
      0.011005671845453683,
      0.012033184560817584,
      0.012563139792574063,
      0.011733996028271446,
      0.01727741067434836,
      0.012046019680071282,
      0.04463603594444915,
      0.010920944593663169,
      0.008317687025915663,
      0.011676091866058814
    ],