{
  "optimizer": "lbfgs",
  "seed": 2,
  "n_layers": 3,
  "n_params": 24,
  "wall_time_total": 63.6876654624939,
  "final_loss": 0.33518504276773997,
  "final_train_acc": 0.8657142857142858,
  "final_test_acc": 0.8266666666666667,
  "total_func_evals": 57972,
  "total_grad_evals": 64,
  "total_steps": 64,
  "trace": {
    "loss": [
      0.7072903448841147,
      0.7072903448841147,
      0.5780757100752038,
      0.8206568851459445,
      0.5091664048871809,
      0.572909532044012,
      0.47218062163929625,
      0.4460626665074861,
      0.4279199706079758,
      0.4147585390414075,
      0.5407744600075826,
      0.39998518296677105,
      0.3939139247613629,
      0.3784199574643066,
      0.3596530432277682,
      0.34700417548641593,
      0.35442334904416317,
      0.34607508875355447,
      0.3393231500012034,
      0.33822193745950824,
      0.3358589303228333,
      0.3355548716906845,
      0.33518839533209416,
      0.33519095583396225,
      0.3351851368944046,
      0.3351990696907316,
      0.33518504276773997,
      0.33522729729602685,
      0.33518786074022794,
      0.3351852919604336,
      0.3351850654455384,
      0.3351850448370102,
      0.3351850429565994,
      0.3351850427849773,
      0.3351850427693132,
      0.33518504276788363,
      0.3351850427677531,
      0.33518504276774114,
      0.33518504276774014,
      0.3351850427677401,
      0.33518504276773997,
      0.33518504276774014,
      0.33518504276773997,
      0.33518504276773997,
      0.33518504276774,
      0.33518504276773997,
      0.33518504276773997,
      0.3352004728979954,
      0.3351860264918837,
      0.33518511181001476,
      0.33518504764746404,
      0.33518504311279707,
      0.3351850427921407,
      0.3351850427694655,
      0.33518504276786215,
      0.3351850427677488,
      0.33518504276774075,
      0.3351850427677401,
      0.33518504276773997,
      0.3351850427677401,
      0.33518504276773997,
      0.3351850427677401,
      0.33518504276774,
      0.33518504276773997,
      0.33518504276773997
    ],
    "train_acc": [
      0.41714285714285715,
      0.41714285714285715,
      0.8342857142857143,
      0.17714285714285713,
      0.8285714285714286,
      0.8342857142857143,
      0.8428571428571429,
      0.8457142857142858,
      0.8428571428571429,
      0.8457142857142858,
      0.82,
      0.8485714285714285,
      0.8542857142857143,
      0.8457142857142858,
      0.8571428571428571,
      0.8628571428571429,
      0.8657142857142858,
      0.8628571428571429,
      0.8657142857142858,
      0.8657142857142858,
      0.8657142857142858,
      0.8657142857142858,
      0.8685714285714285,
      0.8657142857142858,
      0.8657142857142858,
      0.8685714285714285,
      0.8657142857142858,
      0.8657142857142858,
      0.8657142857142858,
      0.8657142857142858,
      0.8657142857142858,
      0.8657142857142858,
      0.8657142857142858,
      0.8657142857142858,
      0.8657142857142858,
      0.8657142857142858,
      0.8657142857142858,
      0.8657142857142858,
      0.8657142857142858,
      0.8657142857142858,
      0.8657142857142858,
      0.8657142857142858,
      0.8657142857142858,
      0.8657142857142858,
      0.8657142857142858,
      0.8657142857142858,
      0.8657142857142858,
      0.8657142857142858,
      0.8657142857142858,
      0.8657142857142858,
      0.8657142857142858,
      0.8657142857142858,
      0.8657142857142858,
      0.8657142857142858,
      0.8657142857142858,
      0.8657142857142858,
      0.8657142857142858,
      0.8657142857142858,
      0.8657142857142858,
      0.8657142857142858,
      0.8657142857142858,
      0.8657142857142858,
      0.8657142857142858,
      0.8657142857142858,
      0.8657142857142858
    ],
    "test_acc": [
      0.44666666666666666,
      0.44666666666666666,
      0.84,
      0.18,
      0.84,
      0.8066666666666666,
      0.8533333333333334,
      0.86,
      0.8666666666666667,
      0.8666666666666667,
      0.86,
      0.8666666666666667,
      0.86,
      0.8733333333333333,
      0.86,
      0.8266666666666667,
      0.8133333333333334,
      0.82,
      0.82,
      0.82,
      0.8266666666666667,
      0.82,
      0.8266666666666667,
      0.82,
      0.8266666666666667,
      0.82,
      0.8266666666666667,
      0.82,
      0.8266666666666667,
      0.8266666666666667,
      0.8266666666666667,
      0.8266666666666667,
      0.8266666666666667,
      0.8266666666666667,
      0.8266666666666667,
      0.8266666666666667,
      0.8266666666666667,
      0.8266666666666667,
      0.8266666666666667,
      0.8266666666666667,
      0.8266666666666667,
      0.8266666666666667,
      0.8266666666666667,
      0.8266666666666667,
      0.8266666666666667,
      0.8266666666666667,
      0.8266666666666667,
      0.82,
      0.8266666666666667,
      0.8266666666666667,
      0.8266666666666667,
      0.8266666666666667,
      0.8266666666666667,
      0.8266666666666667,
      0.8266666666666667,
      0.8266666666666667,
      0.8266666666666667,
      0.8266666666666667,
      0.8266666666666667,
      0.8266666666666667,
      0.8266666666666667,
      0.8266666666666667,
      0.8266666666666667,
      0.8266666666666667,
      0.8266666666666667
    ],
    "step": [
      0.0,
      1.0,
      2.0,
      3.0,
      4.0,
      5.0,
      6.0,
      7.0,
      8.0,
      9.0,
      10.0,
      11.0,
      12.0,
      13.0,
      14.0,
      15.0,
      16.0,
      17.0,
      18.0,
      19.0,
      20.0,
      21.0,
      22.0,
      23.0,
      24.0,
      25.0,
      26.0,
      27.0,
      28.0,
      29.0,
      30.0,
      31.0,
      32.0,
      33.0,
      34.0,
      35.0,
      36.0,
      37.0,
      38.0,
      39.0,
      40.0,
      41.0,
      42.0,
      43.0,
      44.0,
      45.0,
      46.0,
      47.0,
      48.0,
      49.0,
      50.0,
      51.0,
      52.0,
      53.0,
      54.0,
      55.0,
      56.0,
      57.0,
      58.0,
      59.0,
      60.0,
      61.0,
      62.0,
      63.0,
      64.0
    ],
    "func_evals": [
      500.0,
      1398.0,
      2296.0,
      3194.0,
      4092.0,
      4990.0,
      5888.0,
      6786.0,
      7684.0,
      8582.0,
      9480.0,
      10378.0,
      11276.0,
      12174.0,
      13072.0,
      13970.0,
      14868.0,
      15766.0,
      16664.0,
      17562.0,
      18460.0,
      19358.0,
      20256.0,
      21154.0,
      22052.0,
      22950.0,
      23848.0,
      24746.0,
      25644.0,
      26542.0,
      27440.0,
      28338.0,
      29236.0,
      30134.0,
      31032.0,
      31930.0,
      32828.0,
      33726.0,
      34624.0,
      35522.0,
      36420.0,
      37318.0,
      38216.0,
      39114.0,
      40012.0,
      40910.0,
      41808.0,
      42706.0,
      43604.0,
      44502.0,
      45400.0,
      46298.0,
      47196.0,
      48094.0,
      48992.0,
      49890.0,
      50788.0,
      51686.0,
      52584.0,
      53482.0,
      54380.0,
      55278.0,
      56176.0,
      57074.0,
      57972.0
    ],
    "grad_evals": [
      0.0,
      1.0,
      2.0,
      3.0,
      4.0,
      5.0,
      6.0,
      7.0,
      8.0,
      9.0,
      10.0,
      11.0,
      12.0,
      13.0,
      14.0,
      15.0,
      16.0,
      17.0,
      18.0,
      19.0,
      20.0,
      21.0,
      22.0,
      23.0,
      24.0,
      25.0,
      26.0,
      27.0,
      28.0,
      29.0,
      30.0,
      31.0,
      32.0,
      33.0,
      34.0,
      35.0,
      36.0,
      37.0,
      38.0,
      39.0,
      40.0,
      41.0,
      42.0,
      43.0,
      44.0,
      45.0,
      46.0,
      47.0,
      48.0,
      49.0,
      50.0,
      51.0,
      52.0,
      53.0,
      54.0,
      55.0,
      56.0,
      57.0,
      58.0,
      59.0,
      60.0,
      61.0,
      62.0,
      63.0,
      64.0
    ],