{
  "optimizer": "lbfgs",
  "seed": 4,
  "n_layers": 3,
  "n_params": 24,
  "wall_time_total": 97.28060698509216,
  "final_loss": 0.40389160812415426,
  "final_train_acc": 0.8057142857142857,
  "final_test_acc": 0.84,
  "total_func_evals": 89402,
  "total_grad_evals": 99,
  "total_steps": 99,
  "trace": {
    "loss": [
      0.7286458836657745,
      0.7286458836657745,
      0.584795360399001,
      0.5496358521295516,
      0.568293806154455,
      0.5179249292014958,
      0.489369924592627,
      0.4675141217960011,
      0.4519432649821377,
      0.42374388005846914,
      0.4073954606789838,
      0.4123130591553198,
      0.4042847403887439,
      0.41262028099884834,
      0.4040567537309864,
      0.41770169761011355,
      0.40461588058958103,
      0.404070566905228,
      0.4040553768503503,
      0.4040618121092152,
      0.4040555702858603,
      0.4040553662748974,
      0.4040554578355329,
      0.40405537167275074,
      0.4040553662748974,
      0.46030310928722656,
      0.40735129657857944,
      0.40420224331195787,
      0.40406277493131815,
      0.4040559308908616,
      0.40405544151925765,
      0.40405538019261794,
      0.4040553691213796,
      0.4040553668708193,
      0.404055366400285,
      0.40405536630130817,
      0.40405536628046174,
      0.4040553662760697,
      0.40405536627514443,
      0.40405536627494953,
      0.40405536627490846,
      0.40405536627489985,
      0.40405536627489796,
      0.4040553662748977,
      0.4040553662748976,
      0.4040452737512205,
      0.4047902344907696,
      0.40409543582056145,
      0.4040514075793159,
      0.40404635986482845,
      0.4040452737512205,
      0.42099399898083706,
      0.4044125607346604,
      0.403905760508401,
      0.4040958746035374,
      0.4038916081241542,
      0.4039856861504021,
      0.40389682425292245,
      0.40389202945214453,
      0.4038916081241542,
      0.689626031069755,
      0.40531774255041925,
      0.40400231155064376,
      0.40390538161101275,
      0.4038940423719056,
      0.4038920935077429,
      0.40389170770690114,
      0.4038916286792203,
      0.4038916123723248,
      0.4038916090023645,
      0.4038916083057135,
      0.40389160816168995,
      0.40389160813191455,
      0.4038916081257586,
      0.40389160812448593,
      0.4038916081242228,
      0.4038916081241684,
      0.4038916081241572,
      0.40389160812415476,
      0.40389160812415437,
      0.4040040551963344,
      0.40391104796509936,
      0.40389525315685787,
      0.40389230333238335,
      0.40389174116119325,
      0.40389163359877883,
      0.4038916130027653,
      0.4038916090584723,
      0.40389160830308923,
      0.4038916081584229,
      0.4038916081307171,
      0.4038916081254112,
      0.40389160812439495,
      0.4038916081242002,
      0.4038916081241632,
      0.403891608124156,
      0.40389160812415453,
      0.4038916081241542,
      0.4038916081241544,
      0.40389160812415426
    ],
    "train_acc": [
      0.5228571428571429,
      0.5228571428571429,
      0.6057142857142858,
      0.62,
      0.76,
      0.8171428571428572,
      0.8057142857142857,
      0.8171428571428572,
      0.8285714285714286,
      0.8514285714285714,
      0.8457142857142858,
      0.7942857142857143,
      0.8457142857142858,
      0.7828571428571428,
      0.8342857142857143,
      0.7771428571428571,
      0.8057142857142857,
      0.8285714285714286,
      0.8342857142857143,
      0.8314285714285714,
      0.8314285714285714,
      0.8342857142857143,
      0.8342857142857143,
      0.8342857142857143,
      0.8342857142857143,
      0.7171428571428572,
      0.7857142857142857,
      0.8171428571428572,
      0.8314285714285714,
      0.8314285714285714,
      0.8342857142857143,
      0.8342857142857143,
      0.8342857142857143,
      0.8342857142857143,
      0.8342857142857143,
      0.8342857142857143,
      0.8342857142857143,
      0.8342857142857143,
      0.8342857142857143,
      0.8342857142857143,
      0.8342857142857143,
      0.8342857142857143,
      0.8342857142857143,
      0.8342857142857143,
      0.8342857142857143,
      0.8285714285714286,
      0.8028571428571428,
      0.82,
      0.8257142857142857,
      0.8285714285714286,
      0.8285714285714286,
      0.7742857142857142,
      0.7942857142857143,
      0.8171428571428572,
      0.7971428571428572,
      0.8057142857142857,
      0.8,
      0.8028571428571428,
      0.8028571428571428,
      0.8057142857142857,
      0.4942857142857143,
      0.7828571428571428,
      0.8,
      0.8028571428571428,
      0.8028571428571428,
      0.8028571428571428,
      0.8057142857142857,
      0.8057142857142857,
      0.8057142857142857,
      0.8057142857142857,
      0.8057142857142857,
      0.8057142857142857,
      0.8057142857142857,
      0.8057142857142857,
      0.8057142857142857,
      0.8057142857142857,
      0.8057142857142857,
      0.8057142857142857,
      0.8057142857142857,
      0.8057142857142857,
      0.8028571428571428,
      0.8028571428571428,
      0.8028571428571428,
      0.8057142857142857,
      0.8057142857142857,
      0.8057142857142857,
      0.8057142857142857,
      0.8057142857142857,
      0.8057142857142857,
      0.8057142857142857,
      0.8057142857142857,
      0.8057142857142857,
      0.8057142857142857,
      0.8057142857142857,
      0.8057142857142857,
      0.8057142857142857,
      0.8057142857142857,
      0.8057142857142857,
      0.8057142857142857,
      0.8057142857142857
    ],
    "test_acc": [
      0.5866666666666667,
      0.5866666666666667,
      0.66,
      0.6666666666666666,
      0.78,
      0.8666666666666667,
      0.86,
      0.8466666666666667,
      0.8533333333333334,
      0.8933333333333333,
      0.8866666666666667,
      0.8266666666666667,
      0.88,
      0.8133333333333334,
      0.84,
      0.8,
      0.8333333333333334,
      0.84,
      0.84,
      0.84,
      0.84,
      0.84,
      0.84,
      0.84,
      0.84,
      0.7133333333333334,
      0.8133333333333334,
      0.84,
      0.84,
      0.84,
      0.84,
      0.84,
      0.84,
      0.84,
      0.84,
      0.84,
      0.84,
      0.84,
      0.84,
      0.84,
      0.84,
      0.84,
      0.84,
      0.84,
      0.84,
      0.84,
      0.8266666666666667,
      0.84,
      0.84,
      0.84,
      0.84,
      0.7266666666666667,
      0.8133333333333334,
      0.84,
      0.82,
      0.84,
      0.8266666666666667,
      0.8333333333333334,
      0.84,
      0.84,
      0.5,
      0.8,
      0.8266666666666667,
      0.8333333333333334,
      0.84,
      0.84,
      0.84,
      0.84,
      0.84,
      0.84,
      0.84,
      0.84,
      0.84,
      0.84,
      0.84,
      0.84,
      0.84,
      0.84,
      0.84,
      0.84,
      0.8266666666666667,
      0.8333333333333334,
      0.84,
      0.84,
      0.84,
      0.84,
      0.84,
      0.84,
      0.84,
      0.84,
      0.84,
      0.84,
      0.84,
      0.84,
      0.84,
      0.84,
      0.84,
      0.84,
      0.84,
      0.84
    ],