{
  "optimizer": "krotov",
  "seed": 8,
  "n_layers": 3,
  "n_params": 24,
  "wall_time_total": 141.50182723999023,
  "final_loss": 0.4002274004103548,
  "final_train_acc": 0.8657142857142858,
  "final_test_acc": 0.8666666666666667,
  "total_func_evals": 120500,
  "total_grad_evals": 100,
  "total_steps": 100,
  "trace": {
    "loss": [
      0.7145529398305658,
      0.34548881987354996,
      0.5808107286564426,
      0.4043444214523002,
      0.41157605337681585,
      0.348470914969408,
      0.3404439511344504,
      0.3752649450932693,
      0.43616649698330323,
      0.36665908410508824,
      0.45967622008056475,
      0.4291884413477174,
      0.5028579286040414,
      0.5113052702825894,
      0.37545720467230476,
      0.38331449780710486,
      0.41484077432880845,
      0.391019229810607,
      0.7095406501476414,
      0.42732047765432835,
      0.38875633255777303,
      0.5188994031980749,
      0.4392066230687931,
      0.4526892089659973,
      0.43773841328741503,
      0.43807420007495224,
      0.5099853873394269,
      0.4651631512715508,
      0.34736535106050537,
      0.35726366538815124,
      0.40912269981741173,
      0.35249034662165224,
      0.3810194749774824,
      0.3878692951905777,
      0.39821299532893184,
      0.46578749765649047,
      0.40030623412602884,
      0.37367875091014885,
      0.3515044373671363,
      0.5330396321445586,
      0.4983286628512654,
      0.3728636866688237,
      0.3609478971668091,
      0.40651226748364544,
      0.37448674219030587,
      0.3497257788305696,
      0.3427328412917678,
      0.34161226281504015,
      0.3875475790518419,
      0.3512472630780296,
      0.46952816142856524,
      0.41084695303558616,
      0.5600607270223776,
      0.38684922608996997,
      0.36160019311057123,
      0.3480254540123066,
      0.35541975186517694,
      0.5119213664226848,
      0.36854489468407015,
      0.4890209133478769,
      0.3400269902492305,
      0.5384023458573316,
      0.6337718450423493,
      0.3554241768942379,
      0.4804080297045466,
      0.43967822018737046,
      0.5296449027863553,
      0.3572721530227837,
      0.5058680535375745,
      0.3592215937380444,
      0.42730470708380647,
      0.5689838909334183,
      0.42545001872525257,
      0.6478140025745367,
      0.386039151519471,
      0.38780528777378126,
      0.39178450183210967,
      0.44635125876820236,
      0.38503050918829873,
      0.37940841209515946,
      0.40572477675871144,
      0.3860071793588407,
      0.5599303572072556,
      0.40062590222547745,
      0.43903484057837877,
      0.49123389868173856,
      0.4617845575059526,
      0.5148820827482211,
      0.4294038295990315,
      0.43176901399989903,
      0.486277957850299,
      0.417784354880552,
      0.3948988640556321,
      0.4103496013444329,
      0.47714085128453554,
      0.40972391213183024,
      0.39266122245186985,
      0.3971868378164285,
      0.401162349214378,
      0.47840102987428507,
      0.4002274004103548
    ],
    "train_acc": [
      0.5371428571428571,
      0.8371428571428572,
      0.7314285714285714,
      0.8428571428571429,
      0.84,
      0.8342857142857143,
      0.8457142857142858,
      0.84,
      0.8142857142857143,
      0.8371428571428572,
      0.8171428571428572,
      0.8485714285714285,
      0.8514285714285714,
      0.8028571428571428,
      0.8628571428571429,
      0.8485714285714285,
      0.8428571428571429,
      0.84,
      0.6142857142857143,
      0.8771428571428571,
      0.8371428571428572,
      0.8828571428571429,
      0.8828571428571429,
      0.8085714285714286,
      0.8714285714285714,
      0.7571428571428571,
      0.7942857142857143,
      0.8085714285714286,
      0.84,
      0.8542857142857143,
      0.84,
      0.8371428571428572,
      0.8342857142857143,
      0.84,
      0.84,
      0.7542857142857143,
      0.8571428571428571,
      0.8371428571428572,
      0.84,
      0.78,
      0.8542857142857143,
      0.8457142857142858,
      0.8514285714285714,
      0.8342857142857143,
      0.8428571428571429,
      0.8342857142857143,
      0.8342857142857143,
      0.8257142857142857,
      0.8314285714285714,
      0.8371428571428572,
      0.7885714285714286,
      0.8428571428571429,
      0.6685714285714286,
      0.8371428571428572,
      0.8228571428571428,
      0.8371428571428572,
      0.8457142857142858,
      0.8342857142857143,
      0.8228571428571428,
      0.8085714285714286,
      0.8428571428571429,
      0.7714285714285715,
      0.7485714285714286,
      0.8542857142857143,
      0.8514285714285714,
      0.8228571428571428,
      0.7942857142857143,
      0.84,
      0.8142857142857143,
      0.8371428571428572,
      0.8314285714285714,
      0.8085714285714286,
      0.8542857142857143,
      0.6657142857142857,
      0.8457142857142858,
      0.8542857142857143,
      0.8342857142857143,
      0.8628571428571429,
      0.8514285714285714,
      0.8828571428571429,
      0.8514285714285714,
      0.8514285714285714,
      0.7257142857142858,
      0.8457142857142858,
      0.82,
      0.8142857142857143,
      0.8085714285714286,
      0.8142857142857143,
      0.86,
      0.8571428571428571,
      0.82,
      0.8571428571428571,
      0.86,
      0.8942857142857142,
      0.8828571428571429,
      0.8542857142857143,
      0.8628571428571429,
      0.8657142857142858,
      0.8971428571428571,
      0.7571428571428571,
      0.8657142857142858
    ],
    "test_acc": [
      0.5,
      0.82,
      0.7533333333333333,
      0.8133333333333334,
      0.8266666666666667,
      0.82,
      0.82,
      0.8066666666666666,
      0.8,
      0.8133333333333334,
      0.7933333333333333,
      0.84,
      0.8133333333333334,
      0.82,
      0.88,
      0.8066666666666666,
      0.8133333333333334,
      0.8066666666666666,
      0.6466666666666666,
      0.8733333333333333,
      0.8266666666666667,
      0.8666666666666667,
      0.88,
      0.7666666666666667,
      0.8933333333333333,
      0.7733333333333333,
      0.7866666666666666,
      0.7933333333333333,
      0.8133333333333334,
      0.8333333333333334,
      0.8266666666666667,
      0.82,
      0.8066666666666666,
      0.8266666666666667,
      0.8,
      0.7066666666666667,
      0.82,
      0.8133333333333334,
      0.8266666666666667,
      0.7733333333333333,
      0.8533333333333334,
      0.8266666666666667,
      0.8266666666666667,
      0.84,
      0.82,
      0.82,
      0.8133333333333334,
      0.8266666666666667,
      0.8266666666666667,
      0.8266666666666667,
      0.7733333333333333,
      0.7933333333333333,
      0.7333333333333333,
      0.8133333333333334,
      0.8066666666666666,
      0.8133333333333334,
      0.82,
      0.8066666666666666,
      0.8133333333333334,
      0.7866666666666666,
      0.8266666666666667,
      0.76,
      0.76,
      0.8266666666666667,
      0.8133333333333334,
      0.82,
      0.8066666666666666,
      0.8333333333333334,
      0.8066666666666666,
      0.8066666666666666,
      0.82,
      0.7866666666666666,
      0.8533333333333334,
      0.5933333333333334,
      0.8133333333333334,
      0.84,
      0.86,
      0.9,
      0.84,
      0.86,
      0.8466666666666667,
      0.8533333333333334,
      0.7,
      0.86,
      0.8066666666666666,
      0.82,
      0.8266666666666667,
      0.76,
      0.8533333333333334,
      0.8266666666666667,
      0.8266666666666667,
      0.84,
      0.84,
      0.8933333333333333,
      0.8933333333333333,
      0.8466666666666667,
      0.84,
      0.88,
      0.9,
      0.8,
      0.8666666666666667
    ],