{
  "optimizer": "adam",
  "seed": 9,
  "n_layers": 3,
  "n_params": 24,
  "wall_time_total": 97.30963778495789,
  "final_loss": 0.3525947755608983,
  "final_train_acc": 0.8171428571428572,
  "final_test_acc": 0.8733333333333333,
  "total_func_evals": 55300,
  "total_grad_evals": 100,
  "total_steps": 100,
  "trace": {
    "loss": [
      0.5904241551038374,
      0.5667162617921501,
      0.545900675495078,
      0.5268412748239393,
      0.5097953458796021,
      0.4947456446601809,
      0.48134157256232485,
      0.46930773189034175,
      0.458460200430297,
      0.4486968558429405,
      0.4399245860821733,
      0.43205527043534825,
      0.4249897075878669,
      0.4186666419366282,
      0.4130754168378381,
      0.4081448892252712,
      0.40371133312301605,
      0.3996056252304353,
      0.39579329525086937,
      0.3922564707188659,
      0.38891942573416,
      0.3857150371379129,
      0.38267482738615644,
      0.37980730607963475,
      0.3770691277274679,
      0.3744455389995356,
      0.371994885798255,
      0.36974095857848577,
      0.36765598737413124,
      0.3657898385975944,
      0.3642011416936556,
      0.36283701619279235,
      0.36170465487046444,
      0.360871827527569,
      0.36026770495069743,
      0.3598511168532371,
      0.35963785501385237,
      0.35950709416649235,
      0.35937831613463433,
      0.3592469243086236,
      0.35902616734164267,
      0.35870459729894794,
      0.3583324679213072,
      0.3578833540774965,
      0.35740357090499353,
      0.35694450119122284,
      0.35648982274553126,
      0.3560974990086687,
      0.35578143803190443,
      0.3555316287281899,
      0.3553805925890954,
      0.35530115856032596,
      0.3552838364547395,
      0.3553185519243442,
      0.3553752426287478,
      0.35544690176203986,
      0.3555186411259058,
      0.3555836096296884,
      0.3556365513233666,
      0.3556769099937766,
      0.3557008985078902,
      0.3557098047099006,
      0.35570474466324675,
      0.3556851998718504,
      0.35565633978411043,
      0.3556165015272911,
      0.35556838281650155,
      0.35550934044978183,
      0.35543774441326886,
      0.3553517800441451,
      0.35525057556737716,
      0.35513624596214954,
      0.3550132790667205,
      0.3548865167860209,
      0.3547652183554444,
      0.3546500794759612,
      0.3545551699135266,
      0.3544658225965063,
      0.3544138626545177,
      0.35434331786152634,
      0.3543481221496237,
      0.354268784767049,
      0.3543030191079124,
      0.35423396216855574,
      0.35419339873186556,
      0.35419967940113606,
      0.3540883779939662,
      0.3540214173554354,
      0.3539725381866118,
      0.353820612233093,
      0.35372168857649816,
      0.35363878773703666,
      0.35346922027186467,
      0.3533598999055616,
      0.3532716287623904,
      0.3531061354875853,
      0.3530020544147999,
      0.35292112084684335,
      0.3527655716911063,
      0.35266863324672176,
      0.3525947755608983
    ],
    "train_acc": [
      0.8742857142857143,
      0.8885714285714286,
      0.88,
      0.8685714285714285,
      0.8628571428571429,
      0.86,
      0.8542857142857143,
      0.8514285714285714,
      0.8514285714285714,
      0.8485714285714285,
      0.8428571428571429,
      0.84,
      0.84,
      0.8371428571428572,
      0.8342857142857143,
      0.8342857142857143,
      0.8371428571428572,
      0.8371428571428572,
      0.8257142857142857,
      0.82,
      0.82,
      0.82,
      0.8114285714285714,
      0.8142857142857143,
      0.8142857142857143,
      0.8114285714285714,
      0.8114285714285714,
      0.8114285714285714,
      0.8114285714285714,
      0.8085714285714286,
      0.8085714285714286,
      0.8085714285714286,
      0.8085714285714286,
      0.8085714285714286,
      0.8114285714285714,
      0.8142857142857143,
      0.8142857142857143,
      0.8142857142857143,
      0.8114285714285714,
      0.8114285714285714,
      0.8114285714285714,
      0.8142857142857143,
      0.8114285714285714,
      0.8085714285714286,
      0.8114285714285714,
      0.8114285714285714,
      0.8142857142857143,
      0.8142857142857143,
      0.8142857142857143,
      0.8171428571428572,
      0.8171428571428572,
      0.82,
      0.8171428571428572,
      0.8171428571428572,
      0.8171428571428572,
      0.8171428571428572,
      0.8171428571428572,
      0.8171428571428572,
      0.8171428571428572,
      0.8171428571428572,
      0.82,
      0.82,
      0.82,
      0.82,
      0.82,
      0.82,
      0.82,
      0.82,
      0.82,
      0.82,
      0.82,
      0.82,
      0.82,
      0.82,
      0.82,
      0.82,
      0.82,
      0.8228571428571428,
      0.82,
      0.8228571428571428,
      0.8171428571428572,
      0.8228571428571428,
      0.8171428571428572,
      0.82,
      0.82,
      0.8171428571428572,
      0.82,
      0.82,
      0.8171428571428572,
      0.82,
      0.82,
      0.8171428571428572,
      0.82,
      0.82,
      0.8171428571428572,
      0.82,
      0.82,
      0.8171428571428572,
      0.82,
      0.82,
      0.8171428571428572
    ],
    "test_acc": [
      0.92,
      0.94,
      0.9333333333333333,
      0.9266666666666666,
      0.9333333333333333,
      0.9333333333333333,
      0.9266666666666666,
      0.92,
      0.92,
      0.9133333333333333,
      0.9133333333333333,
      0.9133333333333333,
      0.9066666666666666,
      0.9066666666666666,
      0.9,
      0.9,
      0.9,
      0.9,
      0.8933333333333333,
      0.9,
      0.8933333333333333,
      0.8933333333333333,
      0.8866666666666667,
      0.8866666666666667,
      0.88,
      0.88,
      0.88,
      0.8733333333333333,
      0.8733333333333333,
      0.8733333333333333,
      0.8733333333333333,
      0.8733333333333333,
      0.8733333333333333,
      0.8733333333333333,
      0.88,
      0.88,
      0.88,
      0.88,
      0.88,
      0.8866666666666667,
      0.88,
      0.88,
      0.88,
      0.8733333333333333,
      0.8733333333333333,
      0.8733333333333333,
      0.8733333333333333,
      0.8733333333333333,
      0.8733333333333333,
      0.8733333333333333,
      0.8733333333333333,
      0.8666666666666667,
      0.8666666666666667,
      0.8666666666666667,
      0.8666666666666667,
      0.8666666666666667,
      0.8733333333333333,
      0.8733333333333333,
      0.88,
      0.88,
      0.88,
      0.88,
      0.88,
      0.88,
      0.88,
      0.88,
      0.88,
      0.88,
      0.88,
      0.88,
      0.88,
      0.88,
      0.88,
      0.88,
      0.88,
      0.88,
      0.88,
      0.88,
      0.88,
      0.88,
      0.88,
      0.88,
      0.88,
      0.88,
      0.88,
      0.88,
      0.88,
      0.88,
      0.88,
      0.88,
      0.88,
      0.88,
      0.88,
      0.88,
      0.88,
      0.88,
      0.88,
      0.8733333333333333,
      0.88,
      0.88,
      0.8733333333333333
    ],