{
  "optimizer": "adam",
  "seed": 0,
  "n_layers": 3,
  "n_params": 24,
  "wall_time_total": 97.65466856956482,
  "final_loss": 0.410943839414006,
  "final_train_acc": 0.8714285714285714,
  "final_test_acc": 0.8533333333333334,
  "total_func_evals": 55300,
  "total_grad_evals": 100,
  "total_steps": 100,
  "trace": {
    "loss": [
      0.6236850464872812,
      0.5993786596910052,
      0.5773983185974836,
      0.5571071619764028,
      0.538513961870363,
      0.5219196115634476,
      0.5075593661531334,
      0.49544407669186674,
      0.48539691653251354,
      0.4770688483407209,
      0.47001348059923853,
      0.4638890938468932,
      0.45852557650945164,
      0.4539206890999385,
      0.4501587257555181,
      0.44729766447626146,
      0.4453182741872063,
      0.4441221243569164,
      0.4435472584865483,
      0.4434031533963445,
      0.44350637378237384,
      0.4437038694991056,
      0.44389192221922086,
      0.4440247108518475,
      0.4440930243250671,
      0.4440829030024334,
      0.44395572252866194,
      0.4436658939934778,
      0.4431906089330263,
      0.442544843330172,
      0.4417750001279739,
      0.4409390756561444,
      0.4400843864013229,
      0.4392322670761707,
      0.4383779840827848,
      0.4375087855588682,
      0.43663057745562783,
      0.4357837718554705,
      0.4350340106166702,
      0.4344413460215547,
      0.43402709773761267,
      0.433759920698834,
      0.4335703398029109,
      0.4333839080246602,
      0.43315153935167683,
      0.4328602767600148,
      0.43252281139167514,
      0.4321571212318446,
      0.43177126923195064,
      0.4313617548210095,
      0.4309219097138396,
      0.43044978061951344,
      0.42994873042230974,
      0.4294228189454306,
      0.42887324916081654,
      0.4282994058360472,
      0.42770268459650795,
      0.4270884159481771,
      0.4264628057321419,
      0.42582653516161256,
      0.4251705893115339,
      0.424479218577547,
      0.42373948199106254,
      0.4229511658745287,
      0.422130280341582,
      0.4213040078579762,
      0.42050042895188655,
      0.41973874201498734,
      0.4190245053994579,
      0.4183512140028261,
      0.41770627930244675,
      0.41707786019272397,
      0.41645958877099293,
      0.41585219067295776,
      0.41526272064123404,
      0.41470263958294346,
      0.4141854804471181,
      0.4137242853708517,
      0.4133289342732347,
      0.4130037977707122,
      0.41274642242374043,
      0.41254794174100246,
      0.412395467296194,
      0.4122758393438567,
      0.41217921152269876,
      0.41210077069392487,
      0.4120398392154996,
      0.41199712009412603,
      0.4119718403477342,
      0.41196034522904296,
      0.4119565267216902,
      0.4119532507305647,
      0.41194356625841394,
      0.41192107404744654,
      0.41187971942458,
      0.4118136522393797,
      0.4117174642012861,
      0.4115865256901106,
      0.41141689026654377,
      0.4112044953694174,
      0.410943839414006
    ],
    "train_acc": [
      0.6485714285714286,
      0.7285714285714285,
      0.78,
      0.8,
      0.8457142857142858,
      0.8514285714285714,
      0.86,
      0.8571428571428571,
      0.8514285714285714,
      0.8457142857142858,
      0.8485714285714285,
      0.8457142857142858,
      0.8457142857142858,
      0.8514285714285714,
      0.8542857142857143,
      0.8714285714285714,
      0.8714285714285714,
      0.8771428571428571,
      0.88,
      0.88,
      0.8828571428571429,
      0.8828571428571429,
      0.8742857142857143,
      0.8742857142857143,
      0.8742857142857143,
      0.8714285714285714,
      0.8714285714285714,
      0.8714285714285714,
      0.8714285714285714,
      0.8714285714285714,
      0.8714285714285714,
      0.8771428571428571,
      0.8771428571428571,
      0.8742857142857143,
      0.8742857142857143,
      0.8771428571428571,
      0.8771428571428571,
      0.88,
      0.88,
      0.8828571428571429,
      0.88,
      0.8771428571428571,
      0.8742857142857143,
      0.8742857142857143,
      0.8742857142857143,
      0.8771428571428571,
      0.8742857142857143,
      0.8742857142857143,
      0.8742857142857143,
      0.8742857142857143,
      0.8742857142857143,
      0.8742857142857143,
      0.8685714285714285,
      0.8657142857142858,
      0.8657142857142858,
      0.8657142857142858,
      0.8657142857142858,
      0.8657142857142858,
      0.8657142857142858,
      0.8685714285714285,
      0.8714285714285714,
      0.8714285714285714,
      0.8714285714285714,
      0.8714285714285714,
      0.8742857142857143,
      0.8771428571428571,
      0.88,
      0.8771428571428571,
      0.8714285714285714,
      0.8685714285714285,
      0.8657142857142858,
      0.86,
      0.86,
      0.8657142857142858,
      0.86,
      0.8571428571428571,
      0.8542857142857143,
      0.8542857142857143,
      0.8657142857142858,
      0.8685714285714285,
      0.8714285714285714,
      0.8714285714285714,
      0.8714285714285714,
      0.8714285714285714,
      0.8714285714285714,
      0.8714285714285714,
      0.8714285714285714,
      0.8714285714285714,
      0.8714285714285714,
      0.8714285714285714,
      0.8714285714285714,
      0.8714285714285714,
      0.8714285714285714,
      0.8714285714285714,
      0.8714285714285714,
      0.8714285714285714,
      0.8714285714285714,
      0.8714285714285714,
      0.8714285714285714,
      0.8714285714285714,
      0.8714285714285714
    ],
    "test_acc": [
      0.6333333333333333,
      0.7133333333333334,
      0.7533333333333333,
      0.7866666666666666,
      0.8266666666666667,
      0.86,
      0.8733333333333333,
      0.8933333333333333,
      0.86,
      0.8333333333333334,
      0.8266666666666667,
      0.8133333333333334,
      0.82,
      0.82,
      0.84,
      0.86,
      0.88,
      0.8933333333333333,
      0.8866666666666667,
      0.8866666666666667,
      0.8866666666666667,
      0.88,
      0.88,
      0.88,
      0.88,
      0.88,
      0.8666666666666667,
      0.8733333333333333,
      0.8666666666666667,
      0.8666666666666667,
      0.8666666666666667,
      0.8666666666666667,
      0.8666666666666667,
      0.8466666666666667,
      0.8466666666666667,
      0.86,
      0.8733333333333333,
      0.88,
      0.88,
      0.8866666666666667,
      0.88,
      0.88,
      0.8866666666666667,
      0.8933333333333333,
      0.8933333333333333,
      0.8866666666666667,
      0.8866666666666667,
      0.8866666666666667,
      0.8933333333333333,
      0.8866666666666667,
      0.8866666666666667,
      0.8866666666666667,
      0.8866666666666667,
      0.8866666666666667,
      0.8933333333333333,
      0.8933333333333333,
      0.9,
      0.9,
      0.9,
      0.8933333333333333,
      0.9,
      0.9,
      0.9,
      0.9,
      0.8933333333333333,
      0.8933333333333333,
      0.9,
      0.9,
      0.9,
      0.8933333333333333,
      0.88,
      0.86,
      0.8533333333333334,
      0.86,
      0.86,
      0.8533333333333334,
      0.8533333333333334,
      0.86,
      0.86,
      0.86,
      0.8533333333333334,
      0.86,
      0.8533333333333334,
      0.8533333333333334,
      0.8533333333333334,
      0.8533333333333334,
      0.8533333333333334,
      0.8533333333333334,
      0.8533333333333334,
      0.8533333333333334,
      0.8533333333333334,
      0.8533333333333334,
      0.8533333333333334,
      0.8533333333333334,
      0.8533333333333334,
      0.8533333333333334,
      0.8533333333333334,
      0.8533333333333334,
      0.8533333333333334,
      0.8533333333333334,
      0.8533333333333334
    ],