{
  "optimizer": "lbfgs",
  "seed": 9,
  "n_layers": 3,
  "n_params": 24,
  "wall_time_total": 54.62677335739136,
  "final_loss": 0.35730580514593757,
  "final_train_acc": 0.8057142857142857,
  "final_test_acc": 0.8666666666666667,
  "total_func_evals": 49890,
  "total_grad_evals": 55,
  "total_steps": 55,
  "trace": {
    "loss": [
      0.5904241551038374,
      0.5904241551038374,
      0.5049862539043426,
      0.4592913614355693,
      0.4551729492698743,
      0.4180655166290224,
      0.39723151209929525,
      0.38664306310009516,
      0.37070691738675676,
      0.36697016080328027,
      0.36668191360010977,
      0.36514277523309246,
      0.362946023852425,
      0.35901961863811593,
      0.35976126508677997,
      0.3585319312827154,
      0.35730580514593757,
      0.3583606167488573,
      0.357398542645611,
      0.3573174419007911,
      0.3573074507543364,
      0.3573060426514521,
      0.3573058395283162,
      0.35730581012547874,
      0.35730580586716204,
      0.357305805250399,
      0.35730580516106786,
      0.35730580514812915,
      0.35730580514625515,
      0.3573058051459837,
      0.3573058051459445,
      0.35730580514593857,
      0.35730580514593774,
      0.3573058051459377,
      0.35730580514593757,
      0.35730580514593774,
      0.35730580514593757,
      0.3574267936226243,
      0.35731969421094123,
      0.3573076133609818,
      0.35730604509965164,
      0.3573058370709106,
      0.3573058093949091,
      0.3573058057114696,
      0.3573058052212097,
      0.35730580515595645,
      0.3573058051472712,
      0.3573058051461153,
      0.35730580514596133,
      0.3573058051459409,
      0.3573058051459381,
      0.35730580514593774,
      0.3573058051459377,
      0.35730580514593757,
      0.3573058051459377,
      0.35730580514593757
    ],
    "train_acc": [
      0.8742857142857143,
      0.8742857142857143,
      0.8457142857142858,
      0.8342857142857143,
      0.8057142857142857,
      0.8114285714285714,
      0.82,
      0.8257142857142857,
      0.8114285714285714,
      0.8085714285714286,
      0.8142857142857143,
      0.8142857142857143,
      0.8142857142857143,
      0.8057142857142857,
      0.8114285714285714,
      0.8142857142857143,
      0.8057142857142857,
      0.8142857142857143,
      0.8057142857142857,
      0.8057142857142857,
      0.8057142857142857,
      0.8057142857142857,
      0.8057142857142857,
      0.8057142857142857,
      0.8057142857142857,
      0.8057142857142857,
      0.8057142857142857,
      0.8057142857142857,
      0.8057142857142857,
      0.8057142857142857,
      0.8057142857142857,
      0.8057142857142857,
      0.8057142857142857,
      0.8057142857142857,
      0.8057142857142857,
      0.8057142857142857,
      0.8057142857142857,
      0.8057142857142857,
      0.8057142857142857,
      0.8057142857142857,
      0.8057142857142857,
      0.8057142857142857,
      0.8057142857142857,
      0.8057142857142857,
      0.8057142857142857,
      0.8057142857142857,
      0.8057142857142857,
      0.8057142857142857,
      0.8057142857142857,
      0.8057142857142857,
      0.8057142857142857,
      0.8057142857142857,
      0.8057142857142857,
      0.8057142857142857,
      0.8057142857142857,
      0.8057142857142857
    ],
    "test_acc": [
      0.92,
      0.92,
      0.92,
      0.8866666666666667,
      0.8533333333333334,
      0.88,
      0.88,
      0.88,
      0.8666666666666667,
      0.86,
      0.8866666666666667,
      0.88,
      0.88,
      0.86,
      0.8666666666666667,
      0.8666666666666667,
      0.8666666666666667,
      0.8666666666666667,
      0.8666666666666667,
      0.8666666666666667,
      0.8666666666666667,
      0.8666666666666667,
      0.8666666666666667,
      0.8666666666666667,
      0.8666666666666667,
      0.8666666666666667,
      0.8666666666666667,
      0.8666666666666667,
      0.8666666666666667,
      0.8666666666666667,
      0.8666666666666667,
      0.8666666666666667,
      0.8666666666666667,
      0.8666666666666667,
      0.8666666666666667,
      0.8666666666666667,
      0.8666666666666667,
      0.8666666666666667,
      0.8666666666666667,
      0.8666666666666667,
      0.8666666666666667,
      0.8666666666666667,
      0.8666666666666667,
      0.8666666666666667,
      0.8666666666666667,
      0.8666666666666667,
      0.8666666666666667,
      0.8666666666666667,
      0.8666666666666667,
      0.8666666666666667,
      0.8666666666666667,
      0.8666666666666667,
      0.8666666666666667,
      0.8666666666666667,
      0.8666666666666667,
      0.8666666666666667
    ],
    "step": [
      0.0,
      1.0,
      2.0,
      3.0,
      4.0,
      5.0,
      6.0,
      7.0,
      8.0,
      9.0,
      10.0,
      11.0,
      12.0,
      13.0,
      14.0,
      15.0,
      16.0,
      17.0,
      18.0,
      19.0,
      20.0,
      21.0,
      22.0,
      23.0,
      24.0,
      25.0,
      26.0,
      27.0,
      28.0,
      29.0,
      30.0,
      31.0,
      32.0,
      33.0,
      34.0,
      35.0,
      36.0,
      37.0,
      38.0,
      39.0,
      40.0,
      41.0,
      42.0,
      43.0,
      44.0,
      45.0,
      46.0,
      47.0,
      48.0,
      49.0,
      50.0,
      51.0,
      52.0,
      53.0,
      54.0,
      55.0
    ],
    "func_evals": [
      500.0,
      1398.0,
      2296.0,
      3194.0,
      4092.0,
      4990.0,
      5888.0,
      6786.0,
      7684.0,
      8582.0,
      9480.0,
      10378.0,
      11276.0,
      12174.0,
      13072.0,
      13970.0,
      14868.0,
      15766.0,
      16664.0,
      17562.0,
      18460.0,
      19358.0,
      20256.0,
      21154.0,
      22052.0,
      22950.0,
      23848.0,
      24746.0,
      25644.0,
      26542.0,
      27440.0,
      28338.0,
      29236.0,
      30134.0,
      31032.0,
      31930.0,
      32828.0,
      33726.0,
      34624.0,
      35522.0,
      36420.0,
      37318.0,
      38216.0,
      39114.0,
      40012.0,
      40910.0,
      41808.0,
      42706.0,
      43604.0,
      44502.0,
      45400.0,
      46298.0,
      47196.0,
      48094.0,
      48992.0,
      49890.0
    ],
    "grad_evals": [
      0.0,
      1.0,
      2.0,
      3.0,
      4.0,
      5.0,
      6.0,
      7.0,
      8.0,
      9.0,
      10.0,
      11.0,
      12.0,
      13.0,
      14.0,
      15.0,
      16.0,
      17.0,
      18.0,
      19.0,
      20.0,
      21.0,
      22.0,
      23.0,
      24.0,
      25.0,
      26.0,
      27.0,
      28.0,
      29.0,
      30.0,
      31.0,
      32.0,
      33.0,
      34.0,
      35.0,
      36.0,
      37.0,
      38.0,
      39.0,
      40.0,
      41.0,
      42.0,
      43.0,
      44.0,
      45.0,
      46.0,
      47.0,
      48.0,
      49.0,
      50.0,
      51.0,
      52.0,
      53.0,
      54.0,
      55.0
    ],