{
  "optimizer": "lbfgs",
  "seed": 3,
  "n_layers": 3,
  "n_params": 24,
  "wall_time_total": 100.79194235801697,
  "final_loss": 0.3636674300438079,
  "final_train_acc": 0.8285714285714286,
  "final_test_acc": 0.8533333333333334,
  "total_func_evals": 91198,
  "total_grad_evals": 101,
  "total_steps": 101,
  "trace": {
    "loss": [
      0.7776607606106513,
      0.7776607606106513,
      0.6121337286442016,
      0.595417092401556,
      0.526133748934209,
      0.4845698985991146,
      0.4250882933101808,
      0.38769695653196307,
      0.36720723481959533,
      0.3658363948336007,
      0.3639811429633726,
      0.3637180198691597,
      0.36379339393243787,
      0.36372002941969017,
      0.3637179313499046,
      0.36371888692633747,
      0.36371799264908156,
      0.3637179382369301,
      0.3637179313499046,
      0.36387205867205846,
      0.36370953891737656,
      0.3638646717868765,
      0.36370668214277674,
      0.36394289617013026,
      0.3637078699740883,
      0.36370497714713673,
      0.3637053367126197,
      0.36409956578393904,
      0.3637077618492675,
      0.3637027706269821,
      0.363703600818196,
      0.364449381026869,
      0.36371231338376725,
      0.36370045417945296,
      0.3637041262301564,
      0.36369991489029374,
      0.36370158471792996,
      0.3636999125069579,
      0.363700716247429,
      0.3636999847363377,
      0.3636999125069579,
      0.36544215183173434,
      0.3637218640847949,
      0.3636939847794106,
      0.3637031791702395,
      0.3636931334255062,
      0.36369734350507876,
      0.3669479294663375,
      0.36377077830511384,
      0.36369646433151487,
      0.363730048297155,
      0.3636988655015458,
      0.3636967949916263,
      0.36369646433151487,
      0.36858987912066987,
      0.36379163816565496,
      0.3636922899630492,
      0.36373413702299034,
      0.3636943183869796,
      0.3636924744158864,
      0.3636922899630492,
      0.37067682433451166,
      0.36379194116902003,
      0.3636844213546135,
      0.3637269299507443,
      0.3636854517797245,
      0.3636843522333828,
      0.36368483253935735,
      0.36368437560281386,
      0.3636843522333828,
      0.37037064315053997,
      0.3638120167427075,
      0.36368547022029046,
      0.36368374470626585,
      0.36368416006001075,
      0.3636836054693527,
      0.3636837786244458,
      0.3636835806925343,
      0.3636836594621808,
      0.3636835806976594,
      0.3636835806925343,
      0.37066914878973123,
      0.3636674300438079,
      0.37398481046544685,
      0.3639121168731247,
      0.36368845300476865,
      0.36366973331479274,
      0.36366768995447973,
      0.36366745947236445,
      0.3636674333771511,
      0.36366743042138866,
      0.3636674300865781,
      0.36366743004865254,
      0.3636674300443567,
      0.3636674300438702,
      0.3636674300438148,
      0.3636674300438088,
      0.3636674300438079,
      0.3636674300438085,
      0.3636674300438081,
      0.36366743004380797,
      0.3636674300438079
    ],
    "train_acc": [
      0.2714285714285714,
      0.2714285714285714,
      0.8257142857142857,
      0.7057142857142857,
      0.8428571428571429,
      0.8142857142857143,
      0.82,
      0.8314285714285714,
      0.8257142857142857,
      0.8285714285714286,
      0.8257142857142857,
      0.8285714285714286,
      0.8228571428571428,
      0.8285714285714286,
      0.8285714285714286,
      0.8285714285714286,
      0.8285714285714286,
      0.8285714285714286,
      0.8285714285714286,
      0.8257142857142857,
      0.8285714285714286,
      0.8257142857142857,
      0.8257142857142857,
      0.8285714285714286,
      0.8228571428571428,
      0.8228571428571428,
      0.8228571428571428,
      0.8285714285714286,
      0.8228571428571428,
      0.8228571428571428,
      0.8228571428571428,
      0.8285714285714286,
      0.8257142857142857,
      0.8257142857142857,
      0.8257142857142857,
      0.8257142857142857,
      0.8257142857142857,
      0.8257142857142857,
      0.8257142857142857,
      0.8257142857142857,
      0.8257142857142857,
      0.8257142857142857,
      0.8285714285714286,
      0.8257142857142857,
      0.8257142857142857,
      0.8257142857142857,
      0.8257142857142857,
      0.8257142857142857,
      0.8285714285714286,
      0.8285714285714286,
      0.8285714285714286,
      0.8285714285714286,
      0.8285714285714286,
      0.8285714285714286,
      0.8257142857142857,
      0.8285714285714286,
      0.8285714285714286,
      0.8285714285714286,
      0.8285714285714286,
      0.8285714285714286,
      0.8285714285714286,
      0.8228571428571428,
      0.8285714285714286,
      0.8285714285714286,
      0.8285714285714286,
      0.8285714285714286,
      0.8285714285714286,
      0.8285714285714286,
      0.8285714285714286,
      0.8285714285714286,
      0.8228571428571428,
      0.8285714285714286,
      0.8285714285714286,
      0.8285714285714286,
      0.8285714285714286,
      0.8285714285714286,
      0.8285714285714286,
      0.8285714285714286,
      0.8285714285714286,
      0.8285714285714286,
      0.8285714285714286,
      0.8257142857142857,
      0.8285714285714286,
      0.8314285714285714,
      0.8257142857142857,
      0.8285714285714286,
      0.8285714285714286,
      0.8285714285714286,
      0.8285714285714286,
      0.8285714285714286,
      0.8285714285714286,
      0.8285714285714286,
      0.8285714285714286,
      0.8285714285714286,
      0.8285714285714286,
      0.8285714285714286,
      0.8285714285714286,
      0.8285714285714286,
      0.8285714285714286,
      0.8285714285714286,
      0.8285714285714286,
      0.8285714285714286
    ],