{
  "optimizer": "krotov",
  "seed": 5,
  "n_layers": 3,
  "n_params": 24,
  "wall_time_total": 147.46472692489624,
  "final_loss": 0.34838690175748116,
  "final_train_acc": 0.8714285714285714,
  "final_test_acc": 0.82,
  "total_func_evals": 120500,
  "total_grad_evals": 100,
  "total_steps": 100,
  "trace": {
    "loss": [
      0.7998389287110315,
      0.41399759255811797,
      0.346979037700139,
      0.4391246079149317,
      0.3389735426025737,
      0.44441905408703497,
      0.3516310931665214,
      0.34263858376722706,
      0.447193741837402,
      0.38126795188098406,
      0.7604433857766442,
      0.33644770316397205,
      0.38000232318231697,
      0.3717462608437222,
      0.34145386844410625,
      0.3445148798216925,
      0.31460221809191136,
      0.34080555708543264,
      0.731746948867313,
      0.32888390668803513,
      0.3686067851697671,
      0.34166035375077985,
      0.3597673339818357,
      0.3756910174164207,
      0.48049604010460534,
      0.37521605464037067,
      0.531326909477863,
      0.5377712085019649,
      0.3978525597242653,
      0.43884027341543175,
      0.38230128724538737,
      0.4019727495856682,
      0.46725069763950466,
      0.40110271347424276,
      0.3709352371942037,
      0.35601519040303076,
      0.5607917543282085,
      0.4212050335167731,
      0.3600433316561343,
      0.47456466596696745,
      0.3768389791392001,
      0.4135259438962711,
      0.3805798922192887,
      0.40380348544150046,
      0.34889446009266706,
      0.4720990842637918,
      0.5121584262064491,
      0.3961888548187166,
      0.3814915502799848,
      0.39250516330953605,
      0.3022397802476783,
      0.33753203279151933,
      0.6001848814128151,
      0.46715478211202976,
      0.5365240420992673,
      0.3877294927995841,
      0.40080758372315106,
      0.4314520926008428,
      0.4497619167814657,
      0.3896197517455964,
      0.3701899433734874,
      0.46765056844212244,
      0.4283774540443522,
      0.3614814249162078,
      0.4551769895118878,
      0.5330083738973648,
      0.37469241883005955,
      0.37977160741286703,
      0.41528416055956535,
      0.45312169384427,
      0.4158356083112463,
      0.430642937204051,
      0.40606575031169223,
      0.36917601212030793,
      0.41121884381226126,
      0.3921743856022132,
      0.45077003520251496,
      0.3892102556654699,
      0.41201442740452066,
      0.42972848021116467,
      0.37953132603414214,
      0.3946959985408016,
      0.4258324784943238,
      0.42336636764288116,
      0.48040208049335636,
      0.42035851008109326,
      0.3629750706077864,
      0.3408646553414364,
      0.34108372386605224,
      0.5280446866090207,
      0.324260458179278,
      0.6047205906559353,
      0.3226533304386397,
      0.36312313635876176,
      0.3550304560736277,
      0.32256373230437263,
      0.36478280178927686,
      0.3280925008885316,
      0.3994595793121029,
      0.32216783590774023,
      0.34838690175748116
    ],
    "train_acc": [
      0.3514285714285714,
      0.8285714285714286,
      0.86,
      0.82,
      0.8542857142857143,
      0.7971428571428572,
      0.8571428571428571,
      0.8485714285714285,
      0.9057142857142857,
      0.8457142857142858,
      0.5,
      0.8514285714285714,
      0.8485714285714285,
      0.8457142857142858,
      0.8514285714285714,
      0.8657142857142858,
      0.86,
      0.8342857142857143,
      0.5942857142857143,
      0.8714285714285714,
      0.8428571428571429,
      0.8571428571428571,
      0.8485714285714285,
      0.8914285714285715,
      0.84,
      0.8971428571428571,
      0.8857142857142857,
      0.7628571428571429,
      0.8485714285714285,
      0.8657142857142858,
      0.9085714285714286,
      0.9085714285714286,
      0.8285714285714286,
      0.88,
      0.8542857142857143,
      0.8371428571428572,
      0.7714285714285715,
      0.8285714285714286,
      0.8571428571428571,
      0.8142857142857143,
      0.8485714285714285,
      0.8485714285714285,
      0.8742857142857143,
      0.82,
      0.9085714285714286,
      0.8857142857142857,
      0.8428571428571429,
      0.88,
      0.9057142857142857,
      0.9057142857142857,
      0.8514285714285714,
      0.8485714285714285,
      0.7142857142857143,
      0.86,
      0.8342857142857143,
      0.9228571428571428,
      0.8714285714285714,
      0.9,
      0.7942857142857143,
      0.9228571428571428,
      0.8828571428571429,
      0.8685714285714285,
      0.8742857142857143,
      0.8514285714285714,
      0.7342857142857143,
      0.8514285714285714,
      0.9171428571428571,
      0.9228571428571428,
      0.9228571428571428,
      0.8971428571428571,
      0.8971428571428571,
      0.8857142857142857,
      0.84,
      0.9228571428571428,
      0.9114285714285715,
      0.9085714285714286,
      0.8257142857142857,
      0.9142857142857143,
      0.8257142857142857,
      0.8628571428571429,
      0.9228571428571428,
      0.9028571428571428,
      0.8742857142857143,
      0.8542857142857143,
      0.8857142857142857,
      0.8857142857142857,
      0.8942857142857142,
      0.9,
      0.8628571428571429,
      0.7,
      0.8485714285714285,
      0.5857142857142857,
      0.8571428571428571,
      0.8542857142857143,
      0.8571428571428571,
      0.8457142857142858,
      0.84,
      0.8371428571428572,
      0.8742857142857143,
      0.88,
      0.8714285714285714
    ],
    "test_acc": [
      0.42,
      0.7666666666666667,
      0.78,
      0.7666666666666667,
      0.8066666666666666,
      0.8,
      0.8066666666666666,
      0.8,
      0.8333333333333334,
      0.7933333333333333,
      0.47333333333333333,
      0.8066666666666666,
      0.8066666666666666,
      0.78,
      0.8,
      0.8,
      0.8133333333333334,
      0.7933333333333333,
      0.5933333333333334,
      0.8266666666666667,
      0.8266666666666667,
      0.8133333333333334,
      0.8133333333333334,
      0.8266666666666667,
      0.8133333333333334,
      0.8333333333333334,
      0.8066666666666666,
      0.72,
      0.78,
      0.8333333333333334,
      0.8466666666666667,
      0.8333333333333334,
      0.7933333333333333,
      0.8333333333333334,
      0.8,
      0.8,
      0.76,
      0.8133333333333334,
      0.8133333333333334,
      0.78,
      0.8066666666666666,
      0.7933333333333333,
      0.8266666666666667,
      0.8,
      0.8333333333333334,
      0.8533333333333334,
      0.7866666666666666,
      0.84,
      0.84,
      0.8533333333333334,
      0.8,
      0.8066666666666666,
      0.6866666666666666,
      0.78,
      0.7866666666666666,
      0.86,
      0.8133333333333334,
      0.8333333333333334,
      0.7666666666666667,
      0.88,
      0.8333333333333334,
      0.7733333333333333,
      0.8066666666666666,
      0.8,
      0.6933333333333334,
      0.7733333333333333,
      0.8466666666666667,
      0.86,
      0.8866666666666667,
      0.82,
      0.84,
      0.8133333333333334,
      0.8066666666666666,
      0.86,
      0.86,
      0.8333333333333334,
      0.7666666666666667,
      0.84,
      0.8,
      0.7866666666666666,
      0.8466666666666667,
      0.8266666666666667,
      0.8133333333333334,
      0.8,
      0.84,
      0.82,
      0.8133333333333334,
      0.8466666666666667,
      0.8133333333333334,
      0.62,
      0.8133333333333334,
      0.56,
      0.7866666666666666,
      0.8066666666666666,
      0.8066666666666666,
      0.7933333333333333,
      0.8133333333333334,
      0.78,
      0.8066666666666666,
      0.8133333333333334,
      0.82
    ],