{
  "optimizer": "krotov_online",
  "optimizer_name": "krotov_online",
  "optimizer_family": "krotov_online",
  "is_sweep": false,
  "sweep_group": null,
  "config_overrides": {},
  "seed": 1,
  "n_layers": 3,
  "model_architecture": "hea",
  "input_encoding": "tanh_0_pi",
  "n_params": 24,
  "wall_time_total": 22.239573001861572,
  "final_loss": 0.34788011863657087,
  "final_train_acc": 0.8371428571428572,
  "final_test_acc": 0.8533333333333334,
  "total_cost_units": 38050,
  "total_func_evals": 38050,
  "total_grad_evals": 8400,
  "total_sample_forward_passes": 29650,
  "total_sample_backward_passes": 8400,
  "total_full_loss_evaluations": 25,
  "total_steps": 24,
  "threshold_metrics": {
    "0.45": {
      "threshold": 0.45,
      "reached": true,
      "step": 1,
      "wall_time": 0.9264729022979736,
      "cost_units": 2400
    },
    "0.40": {
      "threshold": 0.4,
      "reached": true,
      "step": 1,
      "wall_time": 0.9264729022979736,
      "cost_units": 2400
    },
    "0.38": {
      "threshold": 0.38,
      "reached": true,
      "step": 2,
      "wall_time": 1.8679938316345215,
      "cost_units": 3950
    },
    "0.36": {
      "threshold": 0.36,
      "reached": true,
      "step": 3,
      "wall_time": 2.8055880069732666,
      "cost_units": 5500
    }
  },
  "trace": {
    "loss": [
      0.7323774784518631,
      0.39510499508504493,
      0.37787728225412726,
      0.3452906518032391,
      0.3698136081301384,
      0.35947945704257117,
      0.3540144346219356,
      0.3850631786588172,
      0.40887771202185635,
      0.35320149527201183,
      0.35128636137605573,
      0.43041254752006947,
      0.34196406546446984,
      0.34745310431180615,
      0.3555868556768834,
      0.3426053256809132,
      0.4346495905175977,
      0.3687989805714771,
      0.4515463117932638,
      0.36578677598811704,
      0.3591994337980582,
      0.35744348566891143,
      0.3742886620731864,
      0.3623597579736344,
      0.34788011863657087
    ],
    "train_acc": [
      0.42,
      0.8257142857142857,
      0.8257142857142857,
      0.8371428571428572,
      0.8457142857142858,
      0.8371428571428572,
      0.84,
      0.8342857142857143,
      0.8457142857142858,
      0.84,
      0.8314285714285714,
      0.8257142857142857,
      0.8342857142857143,
      0.8428571428571429,
      0.8485714285714285,
      0.8428571428571429,
      0.8085714285714286,
      0.84,
      0.8028571428571428,
      0.8371428571428572,
      0.8342857142857143,
      0.8371428571428572,
      0.8371428571428572,
      0.8371428571428572,
      0.8371428571428572
    ],
    "test_acc": [
      0.3933333333333333,
      0.8533333333333334,
      0.84,
      0.8533333333333334,
      0.8533333333333334,
      0.86,
      0.8666666666666667,
      0.8533333333333334,
      0.8733333333333333,
      0.84,
      0.8466666666666667,
      0.8533333333333334,
      0.8533333333333334,
      0.8533333333333334,
      0.86,
      0.84,
      0.8066666666666666,
      0.8533333333333334,
      0.8,
      0.8533333333333334,
      0.8533333333333334,
      0.8533333333333334,
      0.8533333333333334,
      0.86,
      0.8533333333333334
    ],
    "step": [
      0.0,
      1.0,
      2.0,
      3.0,
      4.0,
      5.0,
      6.0,
      7.0,
      8.0,
      9.0,
      10.0,
      11.0,
      12.0,
      13.0,
      14.0,
      15.0,
      16.0,
      17.0,
      18.0,
      19.0,
      20.0,
      21.0,
      22.0,
      23.0,
      24.0
    ],
    "phase": [
      "init",
      "online",
      "online",
      "online",
      "online",
      "online",
      "online",
      "online",
      "online",
      "online",
      "online",
      "online",
      "online",
      "online",
      "online",
      "online",
      "online",
      "online",
      "online",
      "online",
      "online",
      "online",
      "online",
      "online",
      "online"
    ],
    "wall_time": [
      0.0,
      0.9264729022979736,
      1.8679938316345215,
      2.8055880069732666,
      3.727731943130493,
      4.660831928253174,
      5.588616847991943,
      6.527739763259888,
      7.4523327350616455,
      8.399219989776611,
      9.3328218460083,
      10.276428699493408,
      11.147150754928589,
      12.073354959487915,
      13.014549970626831,
      13.944483757019043,
      14.891909837722778,
      15.777653694152832,
      16.710399866104126,
      17.637399673461914,
      18.584712982177734,
      19.510581016540527,
      20.445603847503662,
      21.3538076877594,
      22.23954486846924
    ],
    "func_evals": [
      850.0,
      2400.0,
      3950.0,
      5500.0,
      7050.0,
      8600.0,
      10150.0,
      11700.0,
      13250.0,
      14800.0,
      16350.0,
      17900.0,
      19450.0,
      21000.0,
      22550.0,
      24100.0,
      25650.0,
      27200.0,
      28750.0,
      30300.0,
      31850.0,
      33400.0,
      34950.0,
      36500.0,
      38050.0
    ],
    "grad_evals": [
      0.0,
      350.0,
      700.0,
      1050.0,
      1400.0,
      1750.0,
      2100.0,
      2450.0,
      2800.0,
      3150.0,
      3500.0,
      3850.0,
      4200.0,
      4550.0,
      4900.0,
      5250.0,
      5600.0,
      5950.0,
      6300.0,
      6650.0,
      7000.0,
      7350.0,
      7700.0,
      8050.0,
      8400.0
    ],
    "sample_forward_passes": [
      850.0,
      2050.0,
      3250.0,
      4450.0,
      5650.0,
      6850.0,
      8050.0,
      9250.0,
      10450.0,
      11650.0,
      12850.0,
      14050.0,
      15250.0,
      16450.0,
      17650.0,
      18850.0,
      20050.0,
      21250.0,
      22450.0,
      23650.0,
      24850.0,
      26050.0,
      27250.0,
      28450.0,
      29650.0
    ],
    "sample_backward_passes": [
      0.0,
      350.0,
      700.0,
      1050.0,
      1400.0,
      1750.0,
      2100.0,
      2450.0,
      2800.0,
      3150.0,
      3500.0,
      3850.0,
      4200.0,
      4550.0,
      4900.0,
      5250.0,
      5600.0,
      5950.0,
      6300.0,
      6650.0,
      7000.0,
      7350.0,
      7700.0,
      8050.0,
      8400.0
    ],
    "full_loss_evaluations": [
      1.0,
      2.0,
      3.0,
      4.0,
      5.0,
      6.0,
      7.0,
      8.0,
      9.0,
      10.0,
      11.0,
      12.0,
      13.0,
      14.0,
      15.0,
      16.0,
      17.0,
      18.0,
      19.0,
      20.0,
      21.0,
      22.0,
      23.0,
      24.0,
      25.0
    ],
    "gradient_evaluations": [
      0.0,
      350.0,
      700.0,
      1050.0,
      1400.0,
      1750.0,
      2100.0,
      2450.0,
      2800.0,
      3150.0,
      3500.0,
      3850.0,
      4200.0,
      4550.0,
      4900.0,
      5250.0,
      5600.0,
      5950.0,
      6300.0,
      6650.0,
      7000.0,
      7350.0,
      7700.0,
      8050.0,
      8400.0
    ],
    "cost_units": [
      850.0,
      2400.0,
      3950.0,
      5500.0,
      7050.0,
      8600.0,
      10150.0,
      11700.0,
      13250.0,
      14800.0,
      16350.0,
      17900.0,
      19450.0,
      21000.0,
      22550.0,
      24100.0,
      25650.0,
      27200.0,
      28750.0,
      30300.0,
      31850.0,
      33400.0,
      34950.0,
      36500.0,
      38050.0
    ],
    "step_size": [
      0.0,
      0.3,
      0.3,
      0.3,
      0.3,
      0.3,
      0.3,
      0.3,
      0.3,
      0.3,
      0.3,
      0.3,
      0.3,
      0.3,
      0.3,
      0.3,
      0.3,
      0.3,
      0.3,
      0.3,
      0.3,
      0.3,
      0.3,
      0.3,
      0.3
    ],