{
  "optimizer": "lbfgs",
  "seed": 1,
  "n_layers": 3,
  "n_params": 24,
  "wall_time_total": 88.45278334617615,
  "final_loss": 0.3439564970083688,
  "final_train_acc": 0.8371428571428572,
  "final_test_acc": 0.84,
  "total_func_evals": 76830,
  "total_grad_evals": 85,
  "total_steps": 85,
  "trace": {
    "loss": [
      0.7323774784518631,
      0.7323774784518631,
      0.6737057574996049,
      0.6471732618501204,
      0.7957618683383745,
      0.6271706967365949,
      0.6098384212578877,
      0.5853034853935587,
      0.7594966175580711,
      0.5596579896903848,
      0.5495982097191469,
      0.5406446693919037,
      0.5212770169799352,
      0.514660583735214,
      0.48578399177247855,
      0.4930076167754271,
      0.4709044172260609,
      0.46098435956198663,
      0.4530379365391702,
      0.4444990392647877,
      0.42642328287133136,
      0.4007045735123964,
      0.7206581260143673,
      0.37144923627124815,
      0.38994791246493965,
      0.36185392846169234,
      0.35884941310522095,
      0.35785782154003615,
      0.35691342363159795,
      0.35590557416629925,
      0.4136152732722473,
      0.35409531144078676,
      0.35170475621481934,
      0.34807442411314454,
      0.3520894515028089,
      0.34749348125465573,
      0.34369254514316827,
      0.3440095563471433,
      0.344833344195692,
      0.3439573130159657,
      0.3444178434924705,
      0.343965032558891,
      0.3439551168766159,
      0.34395859261028827,
      0.3439548586502309,
      0.3439564970083688,
      0.3443868112377625,
      0.34397676875014693,
      0.3439582414389273,
      0.3439567574967362,
      0.3439565461642781,
      0.34395650685842644,
      0.3439564990078026,
      0.3439564974153085,
      0.34395649709123727,
      0.34395649702524583,
      0.34395649701180614,
      0.3439564970090689,
      0.34395649700851133,
      0.3439564970083979,
      0.3439564970083749,
      0.34395649700837005,
      0.34395649700836906,
      0.34395649700836883,
      0.3439564970083688,
      0.3439564970083688,
      0.3439984819419235,
      0.34396219935368966,
      0.3439573559146352,
      0.34395662887007944,
      0.3439565173134853,
      0.34395650013657675,
      0.3439564974903357,
      0.3439564970826269,
      0.34395649701981,
      0.3439564970101317,
      0.3439564970086404,
      0.3439564970084107,
      0.34395649700837533,
      0.3439564970083698,
      0.34395649700836894,
      0.34395649700836883,
      0.34395649700836883,
      0.3439564970083688,
      0.3439564970083688,
      0.3439564970083688
    ],
    "train_acc": [
      0.42,
      0.42,
      0.6257142857142857,
      0.68,
      0.32857142857142857,
      0.7085714285714285,
      0.7657142857142857,
      0.7885714285714286,
      0.24,
      0.8428571428571429,
      0.8628571428571429,
      0.86,
      0.8571428571428571,
      0.8542857142857143,
      0.8714285714285714,
      0.8371428571428572,
      0.8542857142857143,
      0.8457142857142858,
      0.8485714285714285,
      0.8485714285714285,
      0.8514285714285714,
      0.8485714285714285,
      0.39714285714285713,
      0.84,
      0.8285714285714286,
      0.8257142857142857,
      0.8342857142857143,
      0.8342857142857143,
      0.8342857142857143,
      0.8342857142857143,
      0.8485714285714285,
      0.8342857142857143,
      0.8371428571428572,
      0.8371428571428572,
      0.84,
      0.8371428571428572,
      0.8371428571428572,
      0.8371428571428572,
      0.84,
      0.8371428571428572,
      0.8371428571428572,
      0.8371428571428572,
      0.8371428571428572,
      0.8371428571428572,
      0.8371428571428572,
      0.8371428571428572,
      0.8371428571428572,
      0.8371428571428572,
      0.8371428571428572,
      0.8371428571428572,
      0.8371428571428572,
      0.8371428571428572,
      0.8371428571428572,
      0.8371428571428572,
      0.8371428571428572,
      0.8371428571428572,
      0.8371428571428572,
      0.8371428571428572,
      0.8371428571428572,
      0.8371428571428572,
      0.8371428571428572,
      0.8371428571428572,
      0.8371428571428572,
      0.8371428571428572,
      0.8371428571428572,
      0.8371428571428572,
      0.8371428571428572,
      0.8371428571428572,
      0.8371428571428572,
      0.8371428571428572,
      0.8371428571428572,
      0.8371428571428572,
      0.8371428571428572,
      0.8371428571428572,
      0.8371428571428572,
      0.8371428571428572,
      0.8371428571428572,
      0.8371428571428572,
      0.8371428571428572,
      0.8371428571428572,
      0.8371428571428572,
      0.8371428571428572,
      0.8371428571428572,
      0.8371428571428572,
      0.8371428571428572,
      0.8371428571428572
    ],
    "test_acc": [
      0.3933333333333333,
      0.3933333333333333,
      0.5466666666666666,
      0.64,
      0.32666666666666666,
      0.7066666666666667,
      0.7333333333333333,
      0.76,
      0.20666666666666667,
      0.7866666666666666,
      0.8666666666666667,
      0.8733333333333333,
      0.8666666666666667,
      0.86,
      0.8666666666666667,
      0.8666666666666667,
      0.8933333333333333,
      0.8733333333333333,
      0.86,
      0.8733333333333333,
      0.88,
      0.8666666666666667,
      0.4,
      0.8533333333333334,
      0.8533333333333334,
      0.8333333333333334,
      0.84,
      0.84,
      0.8466666666666667,
      0.8466666666666667,
      0.8533333333333334,
      0.8466666666666667,
      0.8466666666666667,
      0.8466666666666667,
      0.8466666666666667,
      0.84,
      0.84,
      0.84,
      0.8466666666666667,
      0.84,
      0.84,
      0.84,
      0.84,
      0.84,
      0.84,
      0.84,
      0.8466666666666667,
      0.8466666666666667,
      0.84,
      0.84,
      0.84,
      0.84,
      0.84,
      0.84,
      0.84,
      0.84,
      0.84,
      0.84,
      0.84,
      0.84,
      0.84,
      0.84,
      0.84,
      0.84,
      0.84,
      0.84,
      0.8466666666666667,
      0.84,
      0.84,
      0.84,
      0.84,
      0.84,
      0.84,
      0.84,
      0.84,
      0.84,
      0.84,
      0.84,
      0.84,
      0.84,
      0.84,
      0.84,
      0.84,
      0.84,
      0.84,
      0.84
    ],
    "step": [
      0.0,
      1.0,
      2.0,
      3.0,
      4.0,
      5.0,
      6.0,
      7.0,
      8.0,
      9.0,
      10.0,
      11.0,
      12.0,
      13.0,
      14.0,
      15.0,
      16.0,
      17.0,
      18.0,
      19.0,
      20.0,
      21.0,
      22.0,
      23.0,
      24.0,
      25.0,
      26.0,
      27.0,
      28.0,
      29.0,
      30.0,
      31.0,
      32.0,
      33.0,
      34.0,
      35.0,
      36.0,
      37.0,
      38.0,
      39.0,
      40.0,
      41.0,
      42.0,
      43.0,
      44.0,
      45.0,
      46.0,
      47.0,
      48.0,
      49.0,
      50.0,
      51.0,
      52.0,
      53.0,
      54.0,
      55.0,
      56.0,
      57.0,
      58.0,
      59.0,
      60.0,
      61.0,
      62.0,
      63.0,
      64.0,
      65.0,
      66.0,
      67.0,
      68.0,
      69.0,
      70.0,
      71.0,
      72.0,
      73.0,
      74.0,
      75.0,
      76.0,
      77.0,
      78.0,
      79.0,
      80.0,
      81.0,
      82.0,
      83.0,
      84.0,
      85.0
    ],