{
  "optimizer": "adam",
  "seed": 1,
  "n_layers": 3,
  "n_params": 24,
  "wall_time_total": 99.00007033348083,
  "final_loss": 0.33322591615315894,
  "final_train_acc": 0.86,
  "final_test_acc": 0.8933333333333333,
  "total_func_evals": 55300,
  "total_grad_evals": 100,
  "total_steps": 100,
  "trace": {
    "loss": [
      0.7323774784518631,
      0.7080294794014919,
      0.6893842460665489,
      0.6757860585776748,
      0.666016846629764,
      0.6582670731770944,
      0.6509797122067699,
      0.6433369776263808,
      0.6351058422738791,
      0.6262529110162705,
      0.6167509845927551,
      0.6066528422063299,
      0.5962098881407504,
      0.5858295294353939,
      0.5759351845933223,
      0.5668696520915982,
      0.5588640000929326,
      0.5519987877643081,
      0.5461405496861618,
      0.5409458474801976,
      0.5360088822569226,
      0.531073489357579,
      0.5261614749954947,
      0.5215590288841069,
      0.5176813856353276,
      0.514869775133472,
      0.5132102005257333,
      0.512476754503695,
      0.5122371135428425,
      0.5120408320830786,
      0.511567782076552,
      0.5106779785900835,
      0.5093761702109344,
      0.5077314253646875,
      0.5057948368569551,
      0.50354929397982,
      0.5008990327625118,
      0.4976827978868445,
      0.4936971656099387,
      0.48872394287569965,
      0.4825528115518572,
      0.47499995556378166,
      0.465938687708523,
      0.45535051319192704,
      0.44337709199414455,
      0.4303400165014219,
      0.4167141589341723,
      0.40306717607577186,
      0.38998852365250625,
      0.37802280214456313,
      0.3676038010343725,
      0.35898804856318606,
      0.3522232528677518,
      0.34718646739073317,
      0.34365542444560776,
      0.3413571339703568,
      0.33999460634871914,
      0.33927220772046546,
      0.33892356703040993,
      0.33874100275967783,
      0.33859947966484316,
      0.33845830873080435,
      0.33833021605568403,
      0.3382290569504858,
      0.33812482880686395,
      0.33793302067536635,
      0.33754511247072555,
      0.33688211793242356,
      0.3359407922710223,
      0.33480921100469924,
      0.3336466361519977,
      0.33263872824361834,
      0.33194626292327206,
      0.3316643673946141,
      0.33180347219727635,
      0.33229522169801695,
      0.33301833946789594,
      0.33383352787517584,
      0.3346154164449418,
      0.33527337919146327,
      0.33575892696256937,
      0.33606213159721887,
      0.3362016558533248,
      0.33621275340961804,
      0.3361361814311902,
      0.336009441531501,
      0.33586080805589824,
      0.33570630009695734,
      0.3355497267076484,
      0.3353857003610338,
      0.3352048697505348,
      0.33499981995945893,
      0.33476965999837816,
      0.3345216806051349,
      0.33426958547354135,
      0.33402918298139783,
      0.33381341366314843,
      0.3336287296281493,
      0.33347411563494045,
      0.3333428387315029,
      0.33322591615315894
    ],
    "train_acc": [
      0.42,
      0.5142857142857142,
      0.5714285714285714,
      0.5885714285714285,
      0.6285714285714286,
      0.6571428571428571,
      0.6628571428571428,
      0.6628571428571428,
      0.6771428571428572,
      0.6857142857142857,
      0.7,
      0.7114285714285714,
      0.7228571428571429,
      0.7342857142857143,
      0.7514285714285714,
      0.7771428571428571,
      0.8114285714285714,
      0.84,
      0.8342857142857143,
      0.8342857142857143,
      0.8257142857142857,
      0.8257142857142857,
      0.8371428571428572,
      0.8314285714285714,
      0.84,
      0.8485714285714285,
      0.8485714285714285,
      0.8371428571428572,
      0.8371428571428572,
      0.8428571428571429,
      0.8342857142857143,
      0.8371428571428572,
      0.8371428571428572,
      0.8371428571428572,
      0.8371428571428572,
      0.8457142857142858,
      0.8457142857142858,
      0.8457142857142858,
      0.8514285714285714,
      0.8514285714285714,
      0.8485714285714285,
      0.8457142857142858,
      0.8457142857142858,
      0.8457142857142858,
      0.8457142857142858,
      0.8457142857142858,
      0.8514285714285714,
      0.8542857142857143,
      0.8542857142857143,
      0.8542857142857143,
      0.86,
      0.8628571428571429,
      0.8628571428571429,
      0.8657142857142858,
      0.8685714285714285,
      0.8685714285714285,
      0.8685714285714285,
      0.8685714285714285,
      0.8685714285714285,
      0.8685714285714285,
      0.8685714285714285,
      0.8657142857142858,
      0.8657142857142858,
      0.86,
      0.86,
      0.86,
      0.86,
      0.8571428571428571,
      0.8571428571428571,
      0.8571428571428571,
      0.8571428571428571,
      0.8628571428571429,
      0.8628571428571429,
      0.8628571428571429,
      0.8628571428571429,
      0.86,
      0.86,
      0.86,
      0.8571428571428571,
      0.8571428571428571,
      0.8571428571428571,
      0.8571428571428571,
      0.8571428571428571,
      0.8571428571428571,
      0.8571428571428571,
      0.8571428571428571,
      0.8571428571428571,
      0.8571428571428571,
      0.8571428571428571,
      0.86,
      0.86,
      0.8571428571428571,
      0.8571428571428571,
      0.8571428571428571,
      0.8514285714285714,
      0.8542857142857143,
      0.86,
      0.86,
      0.86,
      0.86,
      0.86
    ],
    "test_acc": [
      0.3933333333333333,
      0.47333333333333333,
      0.5066666666666667,
      0.5333333333333333,
      0.5733333333333334,
      0.56,
      0.58,
      0.6066666666666667,
      0.64,
      0.6666666666666666,
      0.6733333333333333,
      0.7133333333333334,
      0.72,
      0.74,
      0.7533333333333333,
      0.7533333333333333,
      0.8133333333333334,
      0.8533333333333334,
      0.8666666666666667,
      0.8733333333333333,
      0.84,
      0.84,
      0.84,
      0.8533333333333334,
      0.8733333333333333,
      0.8666666666666667,
      0.8666666666666667,
      0.8733333333333333,
      0.8733333333333333,
      0.8666666666666667,
      0.86,
      0.86,
      0.86,
      0.86,
      0.86,
      0.86,
      0.86,
      0.86,
      0.86,
      0.86,
      0.8533333333333334,
      0.8533333333333334,
      0.86,
      0.86,
      0.86,
      0.86,
      0.86,
      0.86,
      0.8666666666666667,
      0.88,
      0.8866666666666667,
      0.8666666666666667,
      0.8733333333333333,
      0.88,
      0.88,
      0.8933333333333333,
      0.8933333333333333,
      0.8933333333333333,
      0.8933333333333333,
      0.8933333333333333,
      0.8933333333333333,
      0.8866666666666667,
      0.8866666666666667,
      0.8866666666666667,
      0.8866666666666667,
      0.8866666666666667,
      0.8866666666666667,
      0.8866666666666667,
      0.8866666666666667,
      0.8866666666666667,
      0.8866666666666667,
      0.8866666666666667,
      0.8866666666666667,
      0.8933333333333333,
      0.8933333333333333,
      0.8933333333333333,
      0.8933333333333333,
      0.8933333333333333,
      0.8933333333333333,
      0.8933333333333333,
      0.8933333333333333,
      0.8866666666666667,
      0.8866666666666667,
      0.8866666666666667,
      0.8866666666666667,
      0.8866666666666667,
      0.8933333333333333,
      0.8933333333333333,
      0.8933333333333333,
      0.8933333333333333,
      0.8933333333333333,
      0.8933333333333333,
      0.8933333333333333,
      0.8933333333333333,
      0.8933333333333333,
      0.8933333333333333,
      0.8933333333333333,
      0.8933333333333333,
      0.8933333333333333,
      0.8933333333333333,
      0.8933333333333333
    ],