{
  "optimizer": "adam",
  "seed": 8,
  "n_layers": 3,
  "n_params": 24,
  "wall_time_total": 97.24369955062866,
  "final_loss": 0.33162180826564464,
  "final_train_acc": 0.8342857142857143,
  "final_test_acc": 0.8266666666666667,
  "total_func_evals": 55300,
  "total_grad_evals": 100,
  "total_steps": 100,
  "trace": {
    "loss": [
      0.7145529398305658,
      0.681673275128597,
      0.6557615208926189,
      0.6365439097382827,
      0.6228315046684986,
      0.6130530750620271,
      0.6052693956103861,
      0.5976300549928912,
      0.5887893882931757,
      0.5781521387946741,
      0.5659506151984588,
      0.5528903967602393,
      0.5398010917036565,
      0.5273744686602986,
      0.5159226866612355,
      0.505218279040483,
      0.49460021745238625,
      0.48333265543500864,
      0.47094657454056377,
      0.45739266451686683,
      0.4430317453041588,
      0.42853691582328607,
      0.41473254058556236,
      0.4023824124746441,
      0.39200707288147346,
      0.3838390567807186,
      0.3778286561282313,
      0.3736146410259664,
      0.37058574727001864,
      0.3680733935709633,
      0.3655623654764205,
      0.36279162799077613,
      0.3597166083241697,
      0.3564120533324687,
      0.3530045521459992,
      0.3496509384358937,
      0.34653150690038226,
      0.34382688801977923,
      0.34166109441805714,
      0.3400357385062783,
      0.338814805944629,
      0.33779086739878245,
      0.3367907465391995,
      0.3357474075259725,
      0.33470738205157335,
      0.33378976086242745,
      0.33312390171586503,
      0.3327903865652332,
      0.33278734287607414,
      0.3330347167240397,
      0.33340932143625107,
      0.33378842797014524,
      0.33408174907145816,
      0.33424368333079535,
      0.33426821636599574,
      0.33417479779754866,
      0.33399477179484516,
      0.3337636848009364,
      0.3335176893099096,
      0.33328916383251245,
      0.3331001477894047,
      0.3329570705272946,
      0.33285116109167867,
      0.3327657444734605,
      0.33268725008156563,
      0.3326139425215107,
      0.3325570865609036,
      0.3325336155002433,
      0.3325546452560608,
      0.3326166972433244,
      0.33270074773435804,
      0.3327795090350034,
      0.3328285977823052,
      0.33283537961391707,
      0.33280130503317934,
      0.3327377385486947,
      0.3326587020332682,
      0.33257477981127276,
      0.33249078645550023,
      0.33240714038710106,
      0.33232295558479014,
      0.33223860805741545,
      0.33215661482373454,
      0.33208098432238775,
      0.3320158833768493,
      0.33196437040668625,
      0.3319274934400851,
      0.3319037666589845,
      0.3318891018645279,
      0.33187743095781047,
      0.33186215278066333,
      0.33183810595663765,
      0.331803318649976,
      0.33175971910014385,
      0.33171243855298377,
      0.33166803695253394,
      0.3316324792262584,
      0.33160968995070533,
      0.3316010760705888,
      0.3316058658279298,
      0.33162180826564464
    ],
    "train_acc": [
      0.5371428571428571,
      0.6028571428571429,
      0.6542857142857142,
      0.6771428571428572,
      0.7114285714285714,
      0.7628571428571429,
      0.7942857142857143,
      0.8057142857142857,
      0.8028571428571428,
      0.8142857142857143,
      0.8171428571428572,
      0.8171428571428572,
      0.8171428571428572,
      0.8285714285714286,
      0.8342857142857143,
      0.8285714285714286,
      0.8257142857142857,
      0.8257142857142857,
      0.8314285714285714,
      0.8314285714285714,
      0.8314285714285714,
      0.8314285714285714,
      0.8342857142857143,
      0.8428571428571429,
      0.8457142857142858,
      0.8428571428571429,
      0.8342857142857143,
      0.84,
      0.8342857142857143,
      0.8314285714285714,
      0.8342857142857143,
      0.8314285714285714,
      0.8342857142857143,
      0.8371428571428572,
      0.8428571428571429,
      0.8428571428571429,
      0.8342857142857143,
      0.8285714285714286,
      0.8228571428571428,
      0.8285714285714286,
      0.8314285714285714,
      0.8314285714285714,
      0.8314285714285714,
      0.8314285714285714,
      0.8314285714285714,
      0.8314285714285714,
      0.8285714285714286,
      0.8285714285714286,
      0.8342857142857143,
      0.8371428571428572,
      0.84,
      0.8428571428571429,
      0.8457142857142858,
      0.8457142857142858,
      0.8457142857142858,
      0.8457142857142858,
      0.8457142857142858,
      0.8428571428571429,
      0.84,
      0.8371428571428572,
      0.8371428571428572,
      0.8342857142857143,
      0.8342857142857143,
      0.8342857142857143,
      0.8342857142857143,
      0.8342857142857143,
      0.8371428571428572,
      0.8371428571428572,
      0.84,
      0.8428571428571429,
      0.8428571428571429,
      0.8428571428571429,
      0.8428571428571429,
      0.8428571428571429,
      0.8428571428571429,
      0.8428571428571429,
      0.84,
      0.84,
      0.8371428571428572,
      0.8371428571428572,
      0.8371428571428572,
      0.8342857142857143,
      0.8342857142857143,
      0.8342857142857143,
      0.8342857142857143,
      0.8342857142857143,
      0.8342857142857143,
      0.8371428571428572,
      0.8371428571428572,
      0.8371428571428572,
      0.8371428571428572,
      0.8371428571428572,
      0.8371428571428572,
      0.8371428571428572,
      0.8342857142857143,
      0.8342857142857143,
      0.8342857142857143,
      0.8342857142857143,
      0.8342857142857143,
      0.8342857142857143,
      0.8342857142857143
    ],
    "test_acc": [
      0.5,
      0.58,
      0.62,
      0.64,
      0.7066666666666667,
      0.7466666666666667,
      0.76,
      0.7666666666666667,
      0.7666666666666667,
      0.7666666666666667,
      0.7666666666666667,
      0.7666666666666667,
      0.78,
      0.7866666666666666,
      0.7933333333333333,
      0.7933333333333333,
      0.8,
      0.8,
      0.8,
      0.8066666666666666,
      0.8066666666666666,
      0.8,
      0.7933333333333333,
      0.8,
      0.8,
      0.8,
      0.8133333333333334,
      0.8066666666666666,
      0.8066666666666666,
      0.8133333333333334,
      0.8066666666666666,
      0.8133333333333334,
      0.82,
      0.82,
      0.82,
      0.8133333333333334,
      0.8133333333333334,
      0.8133333333333334,
      0.82,
      0.82,
      0.82,
      0.82,
      0.82,
      0.82,
      0.82,
      0.82,
      0.82,
      0.82,
      0.82,
      0.82,
      0.82,
      0.8266666666666667,
      0.8266666666666667,
      0.8266666666666667,
      0.8266666666666667,
      0.8266666666666667,
      0.8266666666666667,
      0.82,
      0.82,
      0.82,
      0.82,
      0.82,
      0.82,
      0.82,
      0.82,
      0.82,
      0.82,
      0.82,
      0.8266666666666667,
      0.8266666666666667,
      0.8266666666666667,
      0.8266666666666667,
      0.8266666666666667,
      0.8266666666666667,
      0.8266666666666667,
      0.8266666666666667,
      0.8266666666666667,
      0.82,
      0.82,
      0.82,
      0.82,
      0.82,
      0.82,
      0.82,
      0.82,
      0.82,
      0.82,
      0.82,
      0.8266666666666667,
      0.8266666666666667,
      0.8266666666666667,
      0.8266666666666667,
      0.8266666666666667,
      0.8266666666666667,
      0.8266666666666667,
      0.8266666666666667,
      0.8266666666666667,
      0.8266666666666667,
      0.8266666666666667,
      0.8266666666666667,
      0.8266666666666667
    ],