{
  "optimizer": "krotov_hybrid_sw050",
  "optimizer_name": "krotov_hybrid",
  "optimizer_family": "krotov_hybrid",
  "is_sweep": true,
  "sweep_group": "krotov_hybrid",
  "config_overrides": {
    "hybrid_switch_iteration": 50
  },
  "seed": 3,
  "n_layers": 3,
  "model_architecture": "hea",
  "input_encoding": "tanh_0_pi",
  "n_params": 24,
  "wall_time_total": 24.775056838989258,
  "final_loss": 0.3548206895794466,
  "final_train_acc": 0.8285714285714286,
  "final_test_acc": 0.8533333333333334,
  "total_cost_units": 44250,
  "total_func_evals": 44250,
  "total_grad_evals": 9800,
  "total_sample_forward_passes": 34450,
  "total_sample_backward_passes": 9800,
  "total_full_loss_evaluations": 29,
  "total_steps": 28,
  "threshold_metrics": {
    "0.45": {
      "threshold": 0.45,
      "reached": true,
      "step": 1,
      "wall_time": 0.946343183517456,
      "cost_units": 2400
    },
    "0.40": {
      "threshold": 0.4,
      "reached": true,
      "step": 1,
      "wall_time": 0.946343183517456,
      "cost_units": 2400
    },
    "0.38": {
      "threshold": 0.38,
      "reached": true,
      "step": 1,
      "wall_time": 0.946343183517456,
      "cost_units": 2400
    },
    "0.36": {
      "threshold": 0.36,
      "reached": true,
      "step": 6,
      "wall_time": 5.376387119293213,
      "cost_units": 10150
    }
  },
  "trace": {
    "loss": [
      0.7776607606106509,
      0.36778882805262314,
      0.3674725109413464,
      0.3625601356458697,
      0.3630450895532841,
      0.38145258694586703,
      0.35398670595952936,
      0.35616037034235987,
      0.37240312797826813,
      0.35387312707844787,
      0.36097672925132773,
      0.3824367769610364,
      0.3603465760235757,
      0.3509724494693657,
      0.36107004911032864,
      0.38597662369429525,
      0.3507966155522733,
      0.3516005689766318,
      0.35625477142609857,
      0.3847957708879452,
      0.35832894867807896,
      0.48910943368526083,
      0.3525085137055626,
      0.3615502845154998,
      0.36616515084082724,
      0.3592573398788684,
      0.36036956153159566,
      0.3612157464723234,
      0.3548206895794466
    ],
    "train_acc": [
      0.2714285714285714,
      0.8171428571428572,
      0.8257142857142857,
      0.8314285714285714,
      0.8285714285714286,
      0.82,
      0.82,
      0.82,
      0.8342857142857143,
      0.8285714285714286,
      0.8228571428571428,
      0.8314285714285714,
      0.8285714285714286,
      0.8171428571428572,
      0.8257142857142857,
      0.8257142857142857,
      0.82,
      0.8285714285714286,
      0.8257142857142857,
      0.8228571428571428,
      0.8314285714285714,
      0.8114285714285714,
      0.82,
      0.8257142857142857,
      0.8285714285714286,
      0.8285714285714286,
      0.8257142857142857,
      0.8285714285714286,
      0.8285714285714286
    ],
    "test_acc": [
      0.28,
      0.86,
      0.8533333333333334,
      0.86,
      0.8533333333333334,
      0.8533333333333334,
      0.8533333333333334,
      0.8466666666666667,
      0.8733333333333333,
      0.86,
      0.8533333333333334,
      0.8466666666666667,
      0.8533333333333334,
      0.8466666666666667,
      0.86,
      0.8533333333333334,
      0.8466666666666667,
      0.86,
      0.86,
      0.8533333333333334,
      0.8533333333333334,
      0.82,
      0.8533333333333334,
      0.8666666666666667,
      0.86,
      0.8666666666666667,
      0.8533333333333334,
      0.86,
      0.8533333333333334
    ],
    "step": [
      0.0,
      1.0,
      2.0,
      3.0,
      4.0,
      5.0,
      6.0,
      7.0,
      8.0,
      9.0,
      10.0,
      11.0,
      12.0,
      13.0,
      14.0,
      15.0,
      16.0,
      17.0,
      18.0,
      19.0,
      20.0,
      21.0,
      22.0,
      23.0,
      24.0,
      25.0,
      26.0,
      27.0,
      28.0
    ],
    "phase": [
      "init",
      "online",
      "online",
      "online",
      "online",
      "online",
      "online",
      "online",
      "online",
      "online",
      "online",
      "online",
      "online",
      "online",
      "online",
      "online",
      "online",
      "online",
      "online",
      "online",
      "online",
      "online",
      "online",
      "online",
      "online",
      "online",
      "online",
      "online",
      "online"
    ],
    "wall_time": [
      0.0,
      0.946343183517456,
      1.8266019821166992,
      2.700308084487915,
      3.5953691005706787,
      4.4736151695251465,
      5.376387119293213,
      6.216289043426514,
      7.109385013580322,
      7.988551139831543,
      8.879461288452148,
      9.72571325302124,
      10.60039496421814,
      11.500746011734009,
      12.389148950576782,
      13.284029960632324,
      14.161478281021118,
      15.020673990249634,
      15.9237220287323,
      16.820957899093628,
      17.69611430168152,
      18.594266176223755,
      19.48042607307434,
      20.32160210609436,
      21.213420152664185,
      22.088083028793335,
      22.98632311820984,
      23.87298321723938,
      24.77503800392151
    ],
    "func_evals": [
      850.0,
      2400.0,
      3950.0,
      5500.0,
      7050.0,
      8600.0,
      10150.0,
      11700.0,
      13250.0,
      14800.0,
      16350.0,
      17900.0,
      19450.0,
      21000.0,
      22550.0,
      24100.0,
      25650.0,
      27200.0,
      28750.0,
      30300.0,
      31850.0,
      33400.0,
      34950.0,
      36500.0,
      38050.0,
      39600.0,
      41150.0,
      42700.0,
      44250.0
    ],
    "grad_evals": [
      0.0,
      350.0,
      700.0,
      1050.0,
      1400.0,
      1750.0,
      2100.0,
      2450.0,
      2800.0,
      3150.0,
      3500.0,
      3850.0,
      4200.0,
      4550.0,
      4900.0,
      5250.0,
      5600.0,
      5950.0,
      6300.0,
      6650.0,
      7000.0,
      7350.0,
      7700.0,
      8050.0,
      8400.0,
      8750.0,
      9100.0,
      9450.0,
      9800.0
    ],
    "sample_forward_passes": [
      850.0,
      2050.0,
      3250.0,
      4450.0,
      5650.0,
      6850.0,
      8050.0,
      9250.0,
      10450.0,
      11650.0,
      12850.0,
      14050.0,
      15250.0,
      16450.0,
      17650.0,
      18850.0,
      20050.0,
      21250.0,
      22450.0,
      23650.0,
      24850.0,
      26050.0,
      27250.0,
      28450.0,
      29650.0,
      30850.0,
      32050.0,
      33250.0,
      34450.0
    ],
    "sample_backward_passes": [
      0.0,
      350.0,
      700.0,
      1050.0,
      1400.0,
      1750.0,
      2100.0,
      2450.0,
      2800.0,
      3150.0,
      3500.0,
      3850.0,
      4200.0,
      4550.0,
      4900.0,
      5250.0,
      5600.0,
      5950.0,
      6300.0,
      6650.0,
      7000.0,
      7350.0,
      7700.0,
      8050.0,
      8400.0,
      8750.0,
      9100.0,
      9450.0,
      9800.0
    ],
    "full_loss_evaluations": [
      1.0,
      2.0,
      3.0,
      4.0,
      5.0,
      6.0,
      7.0,
      8.0,
      9.0,
      10.0,
      11.0,
      12.0,
      13.0,
      14.0,
      15.0,
      16.0,
      17.0,
      18.0,
      19.0,
      20.0,
      21.0,
      22.0,
      23.0,
      24.0,
      25.0,
      26.0,
      27.0,
      28.0,
      29.0
    ],
    "gradient_evaluations": [
      0.0,
      350.0,
      700.0,
      1050.0,
      1400.0,
      1750.0,
      2100.0,
      2450.0,
      2800.0,
      3150.0,
      3500.0,
      3850.0,
      4200.0,
      4550.0,
      4900.0,
      5250.0,
      5600.0,
      5950.0,
      6300.0,
      6650.0,
      7000.0,
      7350.0,
      7700.0,
      8050.0,
      8400.0,
      8750.0,
      9100.0,
      9450.0,
      9800.0
    ],