{
  "optimizer": "adam",
  "seed": 3,
  "n_layers": 3,
  "n_params": 24,
  "wall_time_total": 97.70763874053955,
  "final_loss": 0.3232194947856731,
  "final_train_acc": 0.82,
  "final_test_acc": 0.8733333333333333,
  "total_func_evals": 55300,
  "total_grad_evals": 100,
  "total_steps": 100,
  "trace": {
    "loss": [
      0.7776607606106513,
      0.74618717622367,
      0.7151715315664443,
      0.6848265307769865,
      0.6561153129161045,
      0.6299342563630452,
      0.606437360323298,
      0.5854991117406392,
      0.5670604771232332,
      0.5510746110349081,
      0.5374390091372709,
      0.5258842215812431,
      0.5159397208031448,
      0.5070343499235339,
      0.4986458182771852,
      0.49045133396642104,
      0.48240775249029233,
      0.47467864547135336,
      0.4674720184991474,
      0.4609060062208806,
      0.4549533119181276,
      0.449455992435455,
      0.4441817058246429,
      0.4388918627017207,
      0.4333997372462659,
      0.42760762130244995,
      0.4215211174027545,
      0.4152437430420262,
      0.40895747458501686,
      0.40289473014469585,
      0.397303595845653,
      0.39240365324900284,
      0.38833313596209207,
      0.38510405235007567,
      0.3825922069226468,
      0.3805715882607048,
      0.37878102141946296,
      0.3770015607358637,
      0.3751120152829039,
      0.3730970965280754,
      0.3710084683418243,
      0.3689031874411221,
      0.36679938403172474,
      0.36467686204864413,
      0.36250997931497836,
      0.36029829585488404,
      0.35807519368942,
      0.3558934765216357,
      0.35379750877269184,
      0.3517994443686447,
      0.3498764296112397,
      0.3479912328313271,
      0.34612092780301007,
      0.34427425654879973,
      0.3424903631508608,
      0.34082539841175497,
      0.33933810475413057,
      0.3380806396308549,
      0.33709234924648684,
      0.33639084854435614,
      0.335960791833143,
      0.33574901796024975,
      0.33567496856542584,
      0.335654038162549,
      0.3356190544646461,
      0.3355282062332134,
      0.33536198587988547,
      0.3351177511247634,
      0.33480569348737466,
      0.334444109390775,
      0.3340511063680528,
      0.33363458092397574,
      0.3331873750686125,
      0.3326930718138389,
      0.3321394098367761,
      0.331529291950953,
      0.3308817801416199,
      0.3302238995277597,
      0.32957962111504735,
      0.3289620940762117,
      0.3283716775540429,
      0.32779881658814775,
      0.32722931385961773,
      0.32665015719222545,
      0.3260550690827836,
      0.3254488666419826,
      0.324849038199236,
      0.3242832293678465,
      0.32378303284271837,
      0.32337631286901064,
      0.32308081545710643,
      0.322900829001655,
      0.32282711231328276,
      0.32283927412581653,
      0.3229096422992855,
      0.3230079612279617,
      0.3231063531227081,
      0.3231837007890655,
      0.32322836471342603,
      0.32323842731402475,
      0.3232194947856731
    ],
    "train_acc": [
      0.2714285714285714,
      0.35428571428571426,
      0.4114285714285714,
      0.48,
      0.6857142857142857,
      0.7571428571428571,
      0.8171428571428572,
      0.8485714285714285,
      0.8514285714285714,
      0.8457142857142858,
      0.8628571428571429,
      0.8685714285714285,
      0.8714285714285714,
      0.8714285714285714,
      0.8714285714285714,
      0.8714285714285714,
      0.8714285714285714,
      0.8714285714285714,
      0.8714285714285714,
      0.8742857142857143,
      0.8771428571428571,
      0.88,
      0.88,
      0.88,
      0.88,
      0.88,
      0.8828571428571429,
      0.88,
      0.8771428571428571,
      0.8657142857142858,
      0.8542857142857143,
      0.8542857142857143,
      0.8571428571428571,
      0.86,
      0.8571428571428571,
      0.8542857142857143,
      0.8514285714285714,
      0.8485714285714285,
      0.8485714285714285,
      0.8485714285714285,
      0.8542857142857143,
      0.86,
      0.8571428571428571,
      0.8571428571428571,
      0.8542857142857143,
      0.86,
      0.8628571428571429,
      0.8657142857142858,
      0.8657142857142858,
      0.8628571428571429,
      0.86,
      0.8542857142857143,
      0.8514285714285714,
      0.8542857142857143,
      0.8514285714285714,
      0.8514285714285714,
      0.8485714285714285,
      0.8485714285714285,
      0.8457142857142858,
      0.84,
      0.84,
      0.8371428571428572,
      0.8314285714285714,
      0.8314285714285714,
      0.8342857142857143,
      0.8371428571428572,
      0.8342857142857143,
      0.8371428571428572,
      0.8371428571428572,
      0.8371428571428572,
      0.8314285714285714,
      0.8228571428571428,
      0.82,
      0.82,
      0.82,
      0.8171428571428572,
      0.8171428571428572,
      0.82,
      0.82,
      0.8228571428571428,
      0.8228571428571428,
      0.8228571428571428,
      0.8228571428571428,
      0.8228571428571428,
      0.8228571428571428,
      0.8228571428571428,
      0.8228571428571428,
      0.82,
      0.82,
      0.82,
      0.8228571428571428,
      0.8228571428571428,
      0.8228571428571428,
      0.82,
      0.82,
      0.82,
      0.82,
      0.82,
      0.82,
      0.82,
      0.82
    ],
    "test_acc": [
      0.28,
      0.38,
      0.44,
      0.4866666666666667,
      0.66,
      0.7733333333333333,
      0.84,
      0.8733333333333333,
      0.9066666666666666,
      0.8733333333333333,
      0.8866666666666667,
      0.8933333333333333,
      0.9,
      0.9,
      0.9,
      0.9,
      0.8933333333333333,
      0.9,
      0.9,
      0.9,
      0.9,
      0.9,
      0.9066666666666666,
      0.9066666666666666,
      0.9066666666666666,
      0.9066666666666666,
      0.9066666666666666,
      0.9133333333333333,
      0.9066666666666666,
      0.9066666666666666,
      0.8933333333333333,
      0.8866666666666667,
      0.88,
      0.88,
      0.88,
      0.8866666666666667,
      0.8933333333333333,
      0.9,
      0.8933333333333333,
      0.8866666666666667,
      0.8866666666666667,
      0.8933333333333333,
      0.8933333333333333,
      0.8866666666666667,
      0.8933333333333333,
      0.8933333333333333,
      0.8933333333333333,
      0.8866666666666667,
      0.8866666666666667,
      0.8866666666666667,
      0.8866666666666667,
      0.8866666666666667,
      0.88,
      0.88,
      0.88,
      0.8733333333333333,
      0.88,
      0.8866666666666667,
      0.8866666666666667,
      0.88,
      0.88,
      0.88,
      0.8866666666666667,
      0.8933333333333333,
      0.8933333333333333,
      0.8866666666666667,
      0.8866666666666667,
      0.88,
      0.88,
      0.8733333333333333,
      0.8733333333333333,
      0.8733333333333333,
      0.8733333333333333,
      0.8733333333333333,
      0.8733333333333333,
      0.8666666666666667,
      0.8666666666666667,
      0.8666666666666667,
      0.8666666666666667,
      0.8666666666666667,
      0.8666666666666667,
      0.8666666666666667,
      0.8666666666666667,
      0.8666666666666667,
      0.8666666666666667,
      0.8666666666666667,
      0.8666666666666667,
      0.8666666666666667,
      0.8666666666666667,
      0.8666666666666667,
      0.8733333333333333,
      0.8733333333333333,
      0.8733333333333333,
      0.8733333333333333,
      0.8733333333333333,
      0.8733333333333333,
      0.8733333333333333,
      0.8733333333333333,
      0.8733333333333333,
      0.8733333333333333,
      0.8733333333333333
    ],