{
  "model_name": "hea",
  "model_label": "HEA",
  "dataset": {
    "dataset": "two_moons",
    "n_samples": 500,
    "noise": 0.15,
    "test_fraction": 0.3,
    "input_encoding": "tanh_0_pi"
  },
  "loss_function": "bce",
  "optimizer": "adam",
  "seed": 0,
  "model_metadata": {
    "class": "VQCModel",
    "n_qubits": 4,
    "n_layers": 3,
    "n_params": 24,
    "architecture": "hea",
    "observable": "Z0Z1"
  },
  "n_train": 350,
  "n_test": 150,
  "wall_time_total": 0.8359711170196533,
  "final_loss": 0.5993786607943736,
  "final_train_acc": 0.7285714285714285,
  "final_test_acc": 0.7133333333333334,
  "total_cost_units": 2400,
  "total_steps": 1,
  "trace": {
    "loss": [
      0.6236850464872812,
      0.5993786607943736
    ],
    "train_acc": [
      0.6485714285714286,
      0.7285714285714285
    ],
    "test_acc": [
      0.6333333333333333,
      0.7133333333333334
    ],
    "step": [
      0.0,
      1.0
    ],
    "phase": [
      "init",
      "adam"
    ],
    "wall_time": [
      0.0,
      0.8358969688415527
    ],
    "func_evals": [
      850.0,
      2400.0
    ],
    "grad_evals": [
      0.0,
      1.0
    ],
    "sample_forward_passes": [
      850.0,
      2050.0
    ],
    "sample_backward_passes": [
      0.0,
      350.0
    ],
    "full_loss_evaluations": [
      1.0,
      2.0
    ],
    "gradient_evaluations": [
      0.0,
      1.0
    ],
    "cost_units": [
      850.0,
      2400.0
    ],
    "step_size": [
      0.0,
      0.05
    ],
    "update_norm": [
      0.0,
      0.2236065926923891
    ],
    "gradient_norm": [
      0.0,
      0.14099447101986923
    ],
    "contribution_variance": [
      NaN,
      NaN
    ]
  },
  "initial_params": [
    0.30670429066811994,
    1.352074665052471,
    0.645681334649523,
    0.282009355945555,
    -0.4796910430674712,
    0.916679747624411,
    -0.39215111717435397,
    2.4615823622636204,
    2.9132790442663947,
    -0.732358536341042,
    1.8329624730174034,
    0.18155213524358263,
    0.4275365864988792,
    2.6741025445054727,
    -2.695259936440876,
    -2.594143117880226,
    -3.014556715858021,
    2.0899121264231475,
    1.747710410660912,
    2.324854893342369,
    3.0072477356635536,
    1.8796686952034585,
    -0.24203230511556598,
    1.762616798678249
  ],
  "final_params": [
    0.2567042983535403,
    1.4020746518907148,
    0.5956813542547447,
    0.3320092930650902,
    -0.42969107437068965,
    0.866679757361289,
    -0.34215113874892417,
    2.4115823726822048,
    2.9632790317940056,
    -0.7823584815249534,
    1.782962536310368,
    0.2315519714618154,
    0.37753659802361744,
    2.624102778496409,
    -2.7452599003997733,
    -2.6441430651734974,
    -3.064556684229114,
    2.039912181589773,
    1.7977103956378309,
    2.274854903576961,
    3.007247735663663,
    1.8796686951961494,
    -0.24203230511855722,
    1.762616798678249
  ]
}