{
  "optimizer": "krotov_hybrid",
  "optimizer_name": "krotov_hybrid",
  "optimizer_family": "krotov_hybrid",
  "is_sweep": false,
  "sweep_group": null,
  "config_overrides": {},
  "seed": 3,
  "n_layers": 4,
  "model_architecture": "two_moons_dense_angle",
  "input_encoding": "linear_pm_pi",
  "n_params": 22,
  "wall_time_total": 23.548964977264404,
  "final_loss": 0.32694717905127185,
  "final_train_acc": 0.9085714285714286,
  "final_test_acc": 0.88,
  "total_cost_units": 72150,
  "total_func_evals": 72150,
  "total_grad_evals": 3536,
  "total_sample_forward_passes": 56050,
  "total_sample_backward_passes": 16100,
  "total_full_loss_evaluations": 47,
  "total_steps": 46,
  "threshold_metrics": {
    "0.45": {
      "threshold": 0.45,
      "reached": true,
      "step": 1,
      "wall_time": 0.8886489868164062,
      "cost_units": 2400
    },
    "0.40": {
      "threshold": 0.4,
      "reached": true,
      "step": 1,
      "wall_time": 0.8886489868164062,
      "cost_units": 2400
    },
    "0.38": {
      "threshold": 0.38,
      "reached": true,
      "step": 1,
      "wall_time": 0.8886489868164062,
      "cost_units": 2400
    },
    "0.36": {
      "threshold": 0.36,
      "reached": true,
      "step": 3,
      "wall_time": 2.0871880054473877,
      "cost_units": 5500
    }
  },
  "trace": {
    "loss": [
      0.8037131281138915,
      0.3691715514388905,
      0.4102979487196803,
      0.35224225318975616,
      0.3771165698088326,
      0.33023310666132644,
      0.34934964087509685,
      0.34750947015134603,
      0.3347426337357839,
      0.4163954055609287,
      0.3519562801775569,
      0.3418534339472605,
      0.33606325491501915,
      0.3326628515108782,
      0.3306243671701157,
      0.32937844879514566,
      0.32860188803695894,
      0.32810775862251207,
      0.32778626307355013,
      0.32757199991842995,
      0.32742548625667717,
      0.32732256357922257,
      0.3272482435050357,
      0.32719309055525314,
      0.3271510724537839,
      0.32711826866066984,
      0.327092086021995,
      0.3270707771022366,
      0.3270531410074017,
      0.3270383353627904,
      0.32702575670362916,
      0.3270149634231946,
      0.32700562548478734,
      0.32699749115373644,
      0.32699036467686915,
      0.32698409108584264,
      0.32697854569163787,
      0.32697362670617214,
      0.32696924997478977,
      0.3269653451522672,
      0.3269618528793354,
      0.3269587226624304,
      0.3269559112549181,
      0.3269533814012929,
      0.3269511008481424,
      0.3269490415541983,
      0.32694717905127185
    ],
    "train_acc": [
      0.5857142857142857,
      0.8514285714285714,
      0.8114285714285714,
      0.8542857142857143,
      0.8514285714285714,
      0.8885714285714286,
      0.9028571428571428,
      0.86,
      0.8971428571428571,
      0.8228571428571428,
      0.86,
      0.8685714285714285,
      0.8714285714285714,
      0.8771428571428571,
      0.8885714285714286,
      0.8885714285714286,
      0.8971428571428571,
      0.8971428571428571,
      0.9,
      0.9114285714285715,
      0.9142857142857143,
      0.9114285714285715,
      0.9085714285714286,
      0.9085714285714286,
      0.9114285714285715,
      0.9114285714285715,
      0.9114285714285715,
      0.9114285714285715,
      0.9114285714285715,
      0.9114285714285715,
      0.9114285714285715,
      0.9114285714285715,
      0.9114285714285715,
      0.9114285714285715,
      0.9114285714285715,
      0.9114285714285715,
      0.9114285714285715,
      0.9114285714285715,
      0.9114285714285715,
      0.9114285714285715,
      0.9085714285714286,
      0.9085714285714286,
      0.9085714285714286,
      0.9085714285714286,
      0.9085714285714286,
      0.9085714285714286,
      0.9085714285714286
    ],
    "test_acc": [
      0.6066666666666667,
      0.86,
      0.82,
      0.84,
      0.82,
      0.88,
      0.86,
      0.8333333333333334,
      0.8666666666666667,
      0.8066666666666666,
      0.84,
      0.8466666666666667,
      0.84,
      0.8466666666666667,
      0.86,
      0.8666666666666667,
      0.88,
      0.88,
      0.8866666666666667,
      0.8933333333333333,
      0.8866666666666667,
      0.8866666666666667,
      0.8866666666666667,
      0.8866666666666667,
      0.88,
      0.88,
      0.88,
      0.88,
      0.88,
      0.88,
      0.88,
      0.88,
      0.88,
      0.88,
      0.88,
      0.88,
      0.88,
      0.88,
      0.88,
      0.88,
      0.88,
      0.88,
      0.88,
      0.88,
      0.88,
      0.88,
      0.88
    ],
    "step": [
      0.0,
      1.0,
      2.0,
      3.0,
      4.0,
      5.0,
      6.0,
      7.0,
      8.0,
      9.0,
      10.0,
      11.0,
      12.0,
      13.0,
      14.0,
      15.0,
      16.0,
      17.0,
      18.0,
      19.0,
      20.0,
      21.0,
      22.0,
      23.0,
      24.0,
      25.0,
      26.0,
      27.0,
      28.0,
      29.0,
      30.0,
      31.0,
      32.0,
      33.0,
      34.0,
      35.0,
      36.0,
      37.0,
      38.0,
      39.0,
      40.0,
      41.0,
      42.0,
      43.0,
      44.0,
      45.0,
      46.0
    ],
    "phase": [
      "init",
      "online",
      "online",
      "online",
      "online",
      "online",
      "online",
      "online",
      "online",
      "online",
      "online",
      "batch",
      "batch",
      "batch",
      "batch",
      "batch",
      "batch",
      "batch",
      "batch",
      "batch",
      "batch",
      "batch",
      "batch",
      "batch",
      "batch",
      "batch",
      "batch",
      "batch",
      "batch",
      "batch",
      "batch",
      "batch",
      "batch",
      "batch",
      "batch",
      "batch",
      "batch",
      "batch",
      "batch",
      "batch",
      "batch",
      "batch",
      "batch",
      "batch",
      "batch",
      "batch",
      "batch"
    ],
    "wall_time": [
      0.0,
      0.8886489868164062,
      1.4646668434143066,
      2.0871880054473877,
      2.6527910232543945,
      3.215920925140381,
      3.842503070831299,
      4.446055889129639,
      5.019752025604248,
      5.635998010635376,
      6.2005720138549805,
      6.707195043563843,
      7.171319007873535,
      7.674268007278442,
      8.13703989982605,
      8.600210905075073,
      9.1127769947052,
      9.595340013504028,
      10.063476085662842,
      10.525695085525513,
      11.028951168060303,
      11.508271932601929,
      11.97228193283081,
      12.43333101272583,
      12.953646898269653,
      13.434530019760132,
      13.906275033950806,
      14.410633087158203,
      14.875661134719849,
      15.357042074203491,
      15.822441101074219,
      16.330198049545288,
      16.783480167388916,
      17.27093195915222,
      17.76188611984253,
      18.23398518562317,
      18.7477970123291,
      19.23331904411316,
      19.692419052124023,
      20.15195083618164,
      20.61551594734192,
      21.141358137130737,
      21.60524296760559,
      22.0762619972229,
      22.553738117218018,
      23.078161001205444,
      23.54894208908081
    ],
    "func_evals": [
      850.0,
      2400.0,
      3950.0,
      5500.0,
      7050.0,
      8600.0,
      10150.0,
      11700.0,
      13250.0,
      14800.0,
      16350.0,
      17900.0,
      19450.0,
      21000.0,
      22550.0,
      24100.0,
      25650.0,
      27200.0,
      28750.0,
      30300.0,
      31850.0,
      33400.0,
      34950.0,
      36500.0,
      38050.0,
      39600.0,
      41150.0,
      42700.0,
      44250.0,
      45800.0,
      47350.0,
      48900.0,
      50450.0,
      52000.0,
      53550.0,
      55100.0,
      56650.0,
      58200.0,
      59750.0,
      61300.0,
      62850.0,
      64400.0,
      65950.0,
      67500.0,
      69050.0,
      70600.0,
      72150.0
    ],