{
  "optimizer": "lbfgs",
  "optimizer_name": "lbfgs",
  "optimizer_family": "lbfgs",
  "is_sweep": false,
  "sweep_group": null,
  "config_overrides": {},
  "seed": 1,
  "n_layers": 4,
  "model_architecture": "two_moons_dense_angle",
  "input_encoding": "linear_pm_pi",
  "n_params": 22,
  "wall_time_total": 18.209503889083862,
  "final_loss": 0.3723040541646223,
  "final_train_acc": 0.8685714285714285,
  "final_test_acc": 0.8466666666666667,
  "total_cost_units": 53550,
  "total_func_evals": 53550,
  "total_grad_evals": 34,
  "total_sample_forward_passes": 41650,
  "total_sample_backward_passes": 11900,
  "total_full_loss_evaluations": 35,
  "total_steps": 34,
  "threshold_metrics": {
    "0.45": {
      "threshold": 0.45,
      "reached": true,
      "step": 9,
      "wall_time": 4.96045708656311,
      "cost_units": 14800
    },
    "0.40": {
      "threshold": 0.4,
      "reached": true,
      "step": 16,
      "wall_time": 8.433928966522217,
      "cost_units": 25650
    },
    "0.38": {
      "threshold": 0.38,
      "reached": true,
      "step": 18,
      "wall_time": 9.55738115310669,
      "cost_units": 28750
    },
    "0.36": {
      "threshold": 0.36,
      "reached": false,
      "step": null,
      "wall_time": null,
      "cost_units": null
    }
  },
  "trace": {
    "loss": [
      1.0118249425671741,
      1.0118249425671741,
      1.0099371749961237,
      0.6141677742058078,
      0.5749594282114099,
      0.5389852747296954,
      0.5172956687209872,
      0.4719439517515811,
      0.45343549160714525,
      0.44172268492275685,
      0.4342854199613443,
      0.4309191856478422,
      0.4211112498191384,
      0.41645918176755686,
      0.415031052243678,
      0.404946871837782,
      0.39116911030461715,
      0.3837316863720356,
      0.37960683919316246,
      0.37775000162824396,
      0.3753878192046356,
      0.37348189494409567,
      0.3726290923411924,
      0.372357205679371,
      0.37234273658892564,
      0.3723379158879986,
      0.3723248376681366,
      0.3723103766385642,
      0.3723211616163999,
      0.37230784093863395,
      0.37230436628452823,
      0.37230406312567743,
      0.3723040542378893,
      0.37230405416690926,
      0.3723040541646223
    ],
    "train_acc": [
      0.5542857142857143,
      0.5542857142857143,
      0.5914285714285714,
      0.6371428571428571,
      0.6742857142857143,
      0.7742857142857142,
      0.8057142857142857,
      0.76,
      0.7771428571428571,
      0.7685714285714286,
      0.6971428571428572,
      0.7028571428571428,
      0.6971428571428572,
      0.7028571428571428,
      0.7028571428571428,
      0.7485714285714286,
      0.8228571428571428,
      0.8428571428571429,
      0.84,
      0.8485714285714285,
      0.8657142857142858,
      0.8685714285714285,
      0.8685714285714285,
      0.8685714285714285,
      0.8685714285714285,
      0.8685714285714285,
      0.8685714285714285,
      0.8685714285714285,
      0.8685714285714285,
      0.8685714285714285,
      0.8685714285714285,
      0.8685714285714285,
      0.8685714285714285,
      0.8685714285714285,
      0.8685714285714285
    ],
    "test_acc": [
      0.5533333333333333,
      0.5533333333333333,
      0.6266666666666667,
      0.64,
      0.7066666666666667,
      0.7733333333333333,
      0.78,
      0.7066666666666667,
      0.8066666666666666,
      0.7866666666666666,
      0.6533333333333333,
      0.6666666666666666,
      0.6666666666666666,
      0.6666666666666666,
      0.6666666666666666,
      0.7533333333333333,
      0.82,
      0.84,
      0.8466666666666667,
      0.8533333333333334,
      0.8466666666666667,
      0.84,
      0.8466666666666667,
      0.84,
      0.84,
      0.84,
      0.8466666666666667,
      0.8466666666666667,
      0.8466666666666667,
      0.8466666666666667,
      0.8466666666666667,
      0.8466666666666667,
      0.8466666666666667,
      0.8466666666666667,
      0.8466666666666667
    ],
    "step": [
      0.0,
      1.0,
      2.0,
      3.0,
      4.0,
      5.0,
      6.0,
      7.0,
      8.0,
      9.0,
      10.0,
      11.0,
      12.0,
      13.0,
      14.0,
      15.0,
      16.0,
      17.0,
      18.0,
      19.0,
      20.0,
      21.0,
      22.0,
      23.0,
      24.0,
      25.0,
      26.0,
      27.0,
      28.0,
      29.0,
      30.0,
      31.0,
      32.0,
      33.0,
      34.0
    ],
    "phase": [
      "init",
      "lbfgs",
      "lbfgs",
      "lbfgs",
      "lbfgs",
      "lbfgs",
      "lbfgs",
      "lbfgs",
      "lbfgs",
      "lbfgs",
      "lbfgs",
      "lbfgs",
      "lbfgs",
      "lbfgs",
      "lbfgs",
      "lbfgs",
      "lbfgs",
      "lbfgs",
      "lbfgs",
      "lbfgs",
      "lbfgs",
      "lbfgs",
      "lbfgs",
      "lbfgs",
      "lbfgs",
      "lbfgs",
      "lbfgs",
      "lbfgs",
      "lbfgs",
      "lbfgs",
      "lbfgs",
      "lbfgs",
      "lbfgs",
      "lbfgs",
      "lbfgs"
    ],
    "wall_time": [
      0.0,
      0.930610179901123,
      1.3999240398406982,
      1.8915462493896484,
      2.416741132736206,
      2.8820691108703613,
      3.3546230792999268,
      3.915196180343628,
      4.387358903884888,
      4.96045708656311,
      5.455694198608398,
      5.970031261444092,
      6.447407245635986,
      6.916236162185669,
      7.459708213806152,
      7.96445631980896,
      8.433928966522217,
      8.906958103179932,
      9.55738115310669,
      10.189435243606567,
      10.712342977523804,
      11.213385105133057,
      11.717539072036743,
      12.223334074020386,
      12.759239196777344,
      13.419942140579224,
      14.255887031555176,
      14.726511240005493,
      15.237896919250488,
      15.76715898513794,
      16.257877111434937,
      16.734827041625977,
      17.21074604988098,
      17.7316951751709,
      18.209320306777954
    ],
    "func_evals": [
      850.0,
      2400.0,
      3950.0,
      5500.0,
      7050.0,
      8600.0,
      10150.0,
      11700.0,
      13250.0,
      14800.0,
      16350.0,
      17900.0,
      19450.0,
      21000.0,
      22550.0,
      24100.0,
      25650.0,
      27200.0,
      28750.0,
      30300.0,
      31850.0,
      33400.0,
      34950.0,
      36500.0,
      38050.0,
      39600.0,
      41150.0,
      42700.0,
      44250.0,
      45800.0,
      47350.0,
      48900.0,
      50450.0,
      52000.0,
      53550.0
    ],
    "grad_evals": [
      0.0,
      1.0,
      2.0,
      3.0,
      4.0,
      5.0,
      6.0,
      7.0,
      8.0,
      9.0,
      10.0,
      11.0,
      12.0,
      13.0,
      14.0,
      15.0,
      16.0,
      17.0,
      18.0,
      19.0,
      20.0,
      21.0,
      22.0,
      23.0,
      24.0,
      25.0,
      26.0,
      27.0,
      28.0,
      29.0,
      30.0,
      31.0,
      32.0,
      33.0,
      34.0
    ],
    "sample_forward_passes": [
      850.0,
      2050.0,
      3250.0,
      4450.0,
      5650.0,
      6850.0,
      8050.0,
      9250.0,
      10450.0,
      11650.0,
      12850.0,
      14050.0,
      15250.0,
      16450.0,
      17650.0,
      18850.0,
      20050.0,
      21250.0,
      22450.0,
      23650.0,
      24850.0,
      26050.0,
      27250.0,
      28450.0,
      29650.0,
      30850.0,
      32050.0,
      33250.0,
      34450.0,
      35650.0,
      36850.0,
      38050.0,
      39250.0,
      40450.0,
      41650.0
    ],
    "sample_backward_passes": [
      0.0,
      350.0,
      700.0,
      1050.0,
      1400.0,
      1750.0,
      2100.0,
      2450.0,
      2800.0,
      3150.0,
      3500.0,
      3850.0,
      4200.0,
      4550.0,
      4900.0,
      5250.0,
      5600.0,
      5950.0,
      6300.0,
      6650.0,
      7000.0,
      7350.0,
      7700.0,
      8050.0,
      8400.0,
      8750.0,
      9100.0,
      9450.0,
      9800.0,
      10150.0,
      10500.0,
      10850.0,
      11200.0,
      11550.0,
      11900.0
    ],