{
  "optimizer": "krotov_hybrid",
  "optimizer_name": "krotov_hybrid",
  "optimizer_family": "krotov_hybrid",
  "is_sweep": false,
  "sweep_group": null,
  "config_overrides": {},
  "seed": 0,
  "n_layers": 4,
  "model_architecture": "two_moons_dense_angle",
  "input_encoding": "linear_pm_pi",
  "n_params": 22,
  "wall_time_total": 10.97885012626648,
  "final_loss": 0.322979844556223,
  "final_train_acc": 0.8914285714285715,
  "final_test_acc": 0.86,
  "total_cost_units": 31850,
  "total_func_evals": 31850,
  "total_grad_evals": 3510,
  "total_sample_forward_passes": 24850,
  "total_sample_backward_passes": 7000,
  "total_full_loss_evaluations": 21,
  "total_steps": 20,
  "threshold_metrics": {
    "0.45": {
      "threshold": 0.45,
      "reached": true,
      "step": 1,
      "wall_time": 0.8397238254547119,
      "cost_units": 2400
    },
    "0.40": {
      "threshold": 0.4,
      "reached": true,
      "step": 1,
      "wall_time": 0.8397238254547119,
      "cost_units": 2400
    },
    "0.38": {
      "threshold": 0.38,
      "reached": true,
      "step": 1,
      "wall_time": 0.8397238254547119,
      "cost_units": 2400
    },
    "0.36": {
      "threshold": 0.36,
      "reached": true,
      "step": 1,
      "wall_time": 0.8397238254547119,
      "cost_units": 2400
    }
  },
  "trace": {
    "loss": [
      0.6416230002589989,
      0.3527191705834225,
      0.34002964477668174,
      0.350782972064068,
      0.3394335569627063,
      0.33639686254069706,
      0.3228563394645849,
      0.35590139119859854,
      0.33629466366893707,
      0.33161567952516535,
      0.3612384586905837,
      0.3457062746604781,
      0.33672253206809183,
      0.3314560786148099,
      0.3283060896168689,
      0.32636843673224064,
      0.3251323477331845,
      0.32430845473674613,
      0.3237318061836156,
      0.3233074248620766,
      0.322979844556223
    ],
    "train_acc": [
      0.5714285714285714,
      0.8657142857142858,
      0.8914285714285715,
      0.8914285714285715,
      0.8885714285714286,
      0.8857142857142857,
      0.9057142857142857,
      0.8371428571428572,
      0.8828571428571429,
      0.9114285714285715,
      0.8457142857142858,
      0.8714285714285714,
      0.8742857142857143,
      0.8742857142857143,
      0.8742857142857143,
      0.88,
      0.8828571428571429,
      0.8857142857142857,
      0.88,
      0.8857142857142857,
      0.8914285714285715
    ],
    "test_acc": [
      0.5733333333333334,
      0.86,
      0.92,
      0.9066666666666666,
      0.88,
      0.8733333333333333,
      0.9066666666666666,
      0.8866666666666667,
      0.86,
      0.88,
      0.82,
      0.8266666666666667,
      0.8333333333333334,
      0.84,
      0.84,
      0.8533333333333334,
      0.8533333333333334,
      0.8666666666666667,
      0.8666666666666667,
      0.86,
      0.86
    ],
    "step": [
      0.0,
      1.0,
      2.0,
      3.0,
      4.0,
      5.0,
      6.0,
      7.0,
      8.0,
      9.0,
      10.0,
      11.0,
      12.0,
      13.0,
      14.0,
      15.0,
      16.0,
      17.0,
      18.0,
      19.0,
      20.0
    ],
    "phase": [
      "init",
      "online",
      "online",
      "online",
      "online",
      "online",
      "online",
      "online",
      "online",
      "online",
      "online",
      "batch",
      "batch",
      "batch",
      "batch",
      "batch",
      "batch",
      "batch",
      "batch",
      "batch",
      "batch"
    ],
    "wall_time": [
      0.0,
      0.8397238254547119,
      1.4437439441680908,
      2.0283620357513428,
      2.5946459770202637,
      3.2094197273254395,
      3.790127754211426,
      4.365990877151489,
      4.972041845321655,
      5.594785690307617,
      6.160648822784424,
      6.665891885757446,
      7.141243934631348,
      7.617825746536255,
      8.089947938919067,
      8.605824708938599,
      9.078800916671753,
      9.57040286064148,
      10.036906003952026,
      10.514481782913208,
      10.978816032409668
    ],
    "func_evals": [
      850.0,
      2400.0,
      3950.0,
      5500.0,
      7050.0,
      8600.0,
      10150.0,
      11700.0,
      13250.0,
      14800.0,
      16350.0,
      17900.0,
      19450.0,
      21000.0,
      22550.0,
      24100.0,
      25650.0,
      27200.0,
      28750.0,
      30300.0,
      31850.0
    ],
    "grad_evals": [
      0.0,
      350.0,
      700.0,
      1050.0,
      1400.0,
      1750.0,
      2100.0,
      2450.0,
      2800.0,
      3150.0,
      3500.0,
      3501.0,
      3502.0,
      3503.0,
      3504.0,
      3505.0,
      3506.0,
      3507.0,
      3508.0,
      3509.0,
      3510.0
    ],
    "sample_forward_passes": [
      850.0,
      2050.0,
      3250.0,
      4450.0,
      5650.0,
      6850.0,
      8050.0,
      9250.0,
      10450.0,
      11650.0,
      12850.0,
      14050.0,
      15250.0,
      16450.0,
      17650.0,
      18850.0,
      20050.0,
      21250.0,
      22450.0,
      23650.0,
      24850.0
    ],
    "sample_backward_passes": [
      0.0,
      350.0,
      700.0,
      1050.0,
      1400.0,
      1750.0,
      2100.0,
      2450.0,
      2800.0,
      3150.0,
      3500.0,
      3850.0,
      4200.0,
      4550.0,
      4900.0,
      5250.0,
      5600.0,
      5950.0,
      6300.0,
      6650.0,
      7000.0
    ],
    "full_loss_evaluations": [
      1.0,
      2.0,
      3.0,
      4.0,
      5.0,
      6.0,
      7.0,
      8.0,
      9.0,
      10.0,
      11.0,
      12.0,
      13.0,
      14.0,
      15.0,
      16.0,
      17.0,
      18.0,
      19.0,
      20.0,
      21.0
    ],
    "gradient_evaluations": [
      0.0,
      350.0,
      700.0,
      1050.0,
      1400.0,
      1750.0,
      2100.0,
      2450.0,
      2800.0,
      3150.0,
      3500.0,
      3501.0,
      3502.0,
      3503.0,
      3504.0,
      3505.0,
      3506.0,
      3507.0,
      3508.0,
      3509.0,
      3510.0
    ],
    "cost_units": [
      850.0,
      2400.0,
      3950.0,
      5500.0,
      7050.0,
      8600.0,
      10150.0,
      11700.0,
      13250.0,
      14800.0,
      16350.0,
      17900.0,
      19450.0,
      21000.0,
      22550.0,
      24100.0,
      25650.0,
      27200.0,
      28750.0,
      30300.0,
      31850.0
    ],
    "step_size": [
      0.0,
      0.05,
      0.05,
      0.05,
      0.05,
      0.05,
      0.05,
      0.05,
      0.05,
      0.05,
      0.05,
      0.1,
      0.1,
      0.1,
      0.1,
      0.1,
      0.1,
      0.1,
      0.1,
      0.1,
      0.1
    ],
    "update_norm": [
      0.0,
      1.4502845596710727,
      0.40836490889307336,
      0.4021613710127054,
      0.40654534864870406,
      0.39773292149923556,
      0.3460836304268525,
      0.29531687927915495,
      0.37980962716740113,
      0.18008639543734448,
      0.3675483046183651,
      0.042026560346136464,
      0.03192464651907403,
      0.02439876282849566,
      0.018819969846854055,
      0.014707972414272972,
      0.011694565360845517,
      0.009497386088684197,
      0.007900335261754736,
      0.006738956978462443,
      0.00588955237554931
    ],
    "gradient_norm": [
      0.0,
      0.0828734034097757,
      0.023335137651032803,
      0.022980649772154457,
      0.023231162779925908,
      0.022727595514242086,
      0.019776207452963105,
      0.01687525024452299,
      0.021703407266708503,
      0.010290651167848148,
      0.02100276026390663,
      0.4202656034613646,
      0.3192464651907403,
      0.2439876282849566,
      0.18819969846854054,
      0.1470797241427297,
      0.11694565360845517,
      0.09497386088684197,
      0.07900335261754735,
      0.06738956978462443,
      0.0588955237554931
    ],