{
  "optimizer": "lbfgs",
  "optimizer_name": "lbfgs",
  "optimizer_family": "lbfgs",
  "is_sweep": false,
  "sweep_group": null,
  "config_overrides": {},
  "seed": 3,
  "n_layers": 4,
  "model_architecture": "two_moons_dense_angle",
  "input_encoding": "linear_pm_pi",
  "n_params": 22,
  "wall_time_total": 11.873391151428223,
  "final_loss": 0.3269261697980092,
  "final_train_acc": 0.9085714285714286,
  "final_test_acc": 0.88,
  "total_cost_units": 38050,
  "total_func_evals": 38050,
  "total_grad_evals": 24,
  "total_sample_forward_passes": 29650,
  "total_sample_backward_passes": 8400,
  "total_full_loss_evaluations": 25,
  "total_steps": 24,
  "threshold_metrics": {
    "0.45": {
      "threshold": 0.45,
      "reached": true,
      "step": 5,
      "wall_time": 2.6808972358703613,
      "cost_units": 8600
    },
    "0.40": {
      "threshold": 0.4,
      "reached": true,
      "step": 7,
      "wall_time": 3.6177549362182617,
      "cost_units": 11700
    },
    "0.38": {
      "threshold": 0.38,
      "reached": true,
      "step": 7,
      "wall_time": 3.6177549362182617,
      "cost_units": 11700
    },
    "0.36": {
      "threshold": 0.36,
      "reached": true,
      "step": 7,
      "wall_time": 3.6177549362182617,
      "cost_units": 11700
    }
  },
  "trace": {
    "loss": [
      0.8037131281138915,
      0.8037131281138915,
      0.7402625386149458,
      0.5219935991131959,
      0.4940411810700768,
      0.4034629797839741,
      0.5618437458078916,
      0.3565639149863802,
      0.34003510852428165,
      0.33252444815586696,
      0.32857054028418936,
      0.3276924098003434,
      0.3272363577480272,
      0.32693445662798565,
      0.3269544703337954,
      0.32692766903330717,
      0.3269264058723075,
      0.32692621187008636,
      0.32692617501946913,
      0.32692617153188935,
      0.32692617030873705,
      0.32692616984560385,
      0.32692616980180733,
      0.3269261697987352,
      0.3269261697980092
    ],
    "train_acc": [
      0.5857142857142857,
      0.5857142857142857,
      0.6771428571428572,
      0.7428571428571429,
      0.8,
      0.8742857142857143,
      0.72,
      0.8885714285714286,
      0.9057142857142857,
      0.8914285714285715,
      0.9114285714285715,
      0.9028571428571428,
      0.9028571428571428,
      0.9085714285714286,
      0.9085714285714286,
      0.9085714285714286,
      0.9085714285714286,
      0.9085714285714286,
      0.9085714285714286,
      0.9085714285714286,
      0.9085714285714286,
      0.9085714285714286,
      0.9085714285714286,
      0.9085714285714286,
      0.9085714285714286
    ],
    "test_acc": [
      0.6066666666666667,
      0.6066666666666667,
      0.6666666666666666,
      0.74,
      0.7666666666666667,
      0.82,
      0.74,
      0.8733333333333333,
      0.88,
      0.8933333333333333,
      0.8733333333333333,
      0.8733333333333333,
      0.8733333333333333,
      0.88,
      0.88,
      0.88,
      0.88,
      0.88,
      0.88,
      0.88,
      0.88,
      0.88,
      0.88,
      0.88,
      0.88
    ],
    "step": [
      0.0,
      1.0,
      2.0,
      3.0,
      4.0,
      5.0,
      6.0,
      7.0,
      8.0,
      9.0,
      10.0,
      11.0,
      12.0,
      13.0,
      14.0,
      15.0,
      16.0,
      17.0,
      18.0,
      19.0,
      20.0,
      21.0,
      22.0,
      23.0,
      24.0
    ],
    "phase": [
      "init",
      "lbfgs",
      "lbfgs",
      "lbfgs",
      "lbfgs",
      "lbfgs",
      "lbfgs",
      "lbfgs",
      "lbfgs",
      "lbfgs",
      "lbfgs",
      "lbfgs",
      "lbfgs",
      "lbfgs",
      "lbfgs",
      "lbfgs",
      "lbfgs",
      "lbfgs",
      "lbfgs",
      "lbfgs",
      "lbfgs",
      "lbfgs",
      "lbfgs",
      "lbfgs",
      "lbfgs"
    ],
    "wall_time": [
      0.0,
      0.7592730522155762,
      1.2249350547790527,
      1.689054012298584,
      2.156733989715576,
      2.6808972358703613,
      3.1510369777679443,
      3.6177549362182617,
      4.0909740924835205,
      4.624368906021118,
      5.09366512298584,
      5.560143947601318,
      6.075489044189453,
      6.565860986709595,
      7.026601076126099,
      7.505928039550781,
      8.0261971950531,
      8.52788519859314,
      9.013110160827637,
      9.480966091156006,
      9.953765869140625,
      10.489232063293457,
      10.95219111442566,
      11.409492015838623,
      11.873297929763794
    ],
    "func_evals": [
      850.0,
      2400.0,
      3950.0,
      5500.0,
      7050.0,
      8600.0,
      10150.0,
      11700.0,
      13250.0,
      14800.0,
      16350.0,
      17900.0,
      19450.0,
      21000.0,
      22550.0,
      24100.0,
      25650.0,
      27200.0,
      28750.0,
      30300.0,
      31850.0,
      33400.0,
      34950.0,
      36500.0,
      38050.0
    ],
    "grad_evals": [
      0.0,
      1.0,
      2.0,
      3.0,
      4.0,
      5.0,
      6.0,
      7.0,
      8.0,
      9.0,
      10.0,
      11.0,
      12.0,
      13.0,
      14.0,
      15.0,
      16.0,
      17.0,
      18.0,
      19.0,
      20.0,
      21.0,
      22.0,
      23.0,
      24.0
    ],
    "sample_forward_passes": [
      850.0,
      2050.0,
      3250.0,
      4450.0,
      5650.0,
      6850.0,
      8050.0,
      9250.0,
      10450.0,
      11650.0,
      12850.0,
      14050.0,
      15250.0,
      16450.0,
      17650.0,
      18850.0,
      20050.0,
      21250.0,
      22450.0,
      23650.0,
      24850.0,
      26050.0,
      27250.0,
      28450.0,
      29650.0
    ],
    "sample_backward_passes": [
      0.0,
      350.0,
      700.0,
      1050.0,
      1400.0,
      1750.0,
      2100.0,
      2450.0,
      2800.0,
      3150.0,
      3500.0,
      3850.0,
      4200.0,
      4550.0,
      4900.0,
      5250.0,
      5600.0,
      5950.0,
      6300.0,
      6650.0,
      7000.0,
      7350.0,
      7700.0,
      8050.0,
      8400.0
    ],
    "full_loss_evaluations": [
      1.0,
      2.0,
      3.0,
      4.0,
      5.0,
      6.0,
      7.0,
      8.0,
      9.0,
      10.0,
      11.0,
      12.0,
      13.0,
      14.0,
      15.0,
      16.0,
      17.0,
      18.0,
      19.0,
      20.0,
      21.0,
      22.0,
      23.0,
      24.0,
      25.0
    ],
    "gradient_evaluations": [
      0.0,
      1.0,
      2.0,
      3.0,
      4.0,
      5.0,
      6.0,
      7.0,
      8.0,
      9.0,
      10.0,
      11.0,
      12.0,
      13.0,
      14.0,
      15.0,
      16.0,
      17.0,
      18.0,
      19.0,
      20.0,
      21.0,
      22.0,
      23.0,
      24.0
    ],
    "cost_units": [
      850.0,
      2400.0,
      3950.0,
      5500.0,
      7050.0,
      8600.0,
      10150.0,
      11700.0,
      13250.0,
      14800.0,
      16350.0,
      17900.0,
      19450.0,
      21000.0,
      22550.0,
      24100.0,
      25650.0,
      27200.0,
      28750.0,
      30300.0,
      31850.0,
      33400.0,
      34950.0,
      36500.0,
      38050.0
    ],
    "step_size": [
      0.0,
      NaN,
      NaN,
      NaN,
      NaN,
      NaN,
      NaN,
      NaN,
      NaN,
      NaN,
      NaN,
      NaN,
      NaN,
      NaN,
      NaN,
      NaN,
      NaN,
      NaN,
      NaN,
      NaN,
      NaN,
      NaN,
      NaN,
      NaN,
      NaN
    ],
    "update_norm": [
      0.0,
      0.0,
      1.0,
      0.33417120606343204,
      0.10265575692379174,
      0.41062302769516695,
      1.3137860367722556,
      0.9701597168221868,
      0.16174389931564306,
      0.2654387875467764,
      0.09737126841680506,
      0.03764344132550596,
      0.03376714009641631,
      0.052840222557880845,
      0.011084416001388467,
      0.007373491113895321,
      0.0016071544041920535,
      0.0006665204397184148,
      0.0003524221168514171,
      9.39557845262965e-05,
      5.7234769598446156e-05,
      3.6184863844627074e-05,
      9.007690023144023e-06,
      2.2510846513709096e-06,
      1.2472287880427541e-06
    ],