{
  "optimizer": "krotov_hybrid",
  "optimizer_name": "krotov_hybrid",
  "optimizer_family": "krotov_hybrid",
  "is_sweep": false,
  "sweep_group": null,
  "config_overrides": {},
  "seed": 2,
  "n_layers": 4,
  "model_architecture": "two_moons_dense_angle",
  "input_encoding": "linear_pm_pi",
  "n_params": 22,
  "wall_time_total": 22.678178071975708,
  "final_loss": 0.34318848076004865,
  "final_train_acc": 0.8971428571428571,
  "final_test_acc": 0.88,
  "total_cost_units": 69050,
  "total_func_evals": 69050,
  "total_grad_evals": 3534,
  "total_sample_forward_passes": 53650,
  "total_sample_backward_passes": 15400,
  "total_full_loss_evaluations": 45,
  "total_steps": 44,
  "threshold_metrics": {
    "0.45": {
      "threshold": 0.45,
      "reached": true,
      "step": 2,
      "wall_time": 1.4875938892364502,
      "cost_units": 3950
    },
    "0.40": {
      "threshold": 0.4,
      "reached": true,
      "step": 4,
      "wall_time": 2.6481778621673584,
      "cost_units": 7050
    },
    "0.38": {
      "threshold": 0.38,
      "reached": true,
      "step": 4,
      "wall_time": 2.6481778621673584,
      "cost_units": 7050
    },
    "0.36": {
      "threshold": 0.36,
      "reached": true,
      "step": 7,
      "wall_time": 4.477196931838989,
      "cost_units": 11700
    }
  },
  "trace": {
    "loss": [
      0.92762594354536,
      0.4869867137839082,
      0.40246140439390965,
      0.4771214257228805,
      0.3745069780845298,
      0.4613250548158916,
      0.36308214050327403,
      0.35539629887512203,
      0.35512765799399904,
      0.34516352728974115,
      0.368368941065163,
      0.36132027120743315,
      0.35632998197746724,
      0.3527791005300178,
      0.3502379171387177,
      0.3484080556042888,
      0.34708188154561764,
      0.3461143905502384,
      0.3454038559078017,
      0.34487853841600385,
      0.344487558696175,
      0.34419461670299006,
      0.3439736565747133,
      0.3438058617961998,
      0.34367756224328067,
      0.3435787684781072,
      0.34350213939176283,
      0.34344225073205553,
      0.34339507368743644,
      0.3433576009645883,
      0.3433275770480388,
      0.3433033024925911,
      0.343283491140553,
      0.3432671653979148,
      0.34325357903698267,
      0.34324216001851887,
      0.3432324679513017,
      0.3432241623082346,
      0.3432169785850297,
      0.3432107103501652,
      0.343205195683163,
      0.343200306894646,
      0.3431959427097798,
      0.343192022307198,
      0.34318848076004865
    ],
    "train_acc": [
      0.43142857142857144,
      0.6571428571428571,
      0.8257142857142857,
      0.7342857142857143,
      0.8628571428571429,
      0.7628571428571429,
      0.8771428571428571,
      0.8885714285714286,
      0.8885714285714286,
      0.8914285714285715,
      0.8485714285714285,
      0.8685714285714285,
      0.8685714285714285,
      0.8771428571428571,
      0.8742857142857143,
      0.88,
      0.8857142857142857,
      0.8885714285714286,
      0.8971428571428571,
      0.8971428571428571,
      0.8971428571428571,
      0.8971428571428571,
      0.8971428571428571,
      0.8971428571428571,
      0.9,
      0.8942857142857142,
      0.8971428571428571,
      0.8971428571428571,
      0.8971428571428571,
      0.8971428571428571,
      0.8971428571428571,
      0.8971428571428571,
      0.8971428571428571,
      0.8971428571428571,
      0.8971428571428571,
      0.8971428571428571,
      0.8971428571428571,
      0.8971428571428571,
      0.8971428571428571,
      0.8971428571428571,
      0.8971428571428571,
      0.8971428571428571,
      0.8971428571428571,
      0.8971428571428571,
      0.8971428571428571
    ],
    "test_acc": [
      0.46,
      0.6266666666666667,
      0.8133333333333334,
      0.6666666666666666,
      0.8733333333333333,
      0.76,
      0.8733333333333333,
      0.8533333333333334,
      0.88,
      0.8933333333333333,
      0.86,
      0.8733333333333333,
      0.88,
      0.8866666666666667,
      0.9,
      0.9066666666666666,
      0.8933333333333333,
      0.88,
      0.88,
      0.88,
      0.8866666666666667,
      0.88,
      0.88,
      0.88,
      0.88,
      0.8733333333333333,
      0.8733333333333333,
      0.88,
      0.88,
      0.88,
      0.88,
      0.88,
      0.88,
      0.88,
      0.88,
      0.88,
      0.88,
      0.88,
      0.88,
      0.88,
      0.88,
      0.88,
      0.88,
      0.88,
      0.88
    ],
    "step": [
      0.0,
      1.0,
      2.0,
      3.0,
      4.0,
      5.0,
      6.0,
      7.0,
      8.0,
      9.0,
      10.0,
      11.0,
      12.0,
      13.0,
      14.0,
      15.0,
      16.0,
      17.0,
      18.0,
      19.0,
      20.0,
      21.0,
      22.0,
      23.0,
      24.0,
      25.0,
      26.0,
      27.0,
      28.0,
      29.0,
      30.0,
      31.0,
      32.0,
      33.0,
      34.0,
      35.0,
      36.0,
      37.0,
      38.0,
      39.0,
      40.0,
      41.0,
      42.0,
      43.0,
      44.0
    ],
    "phase": [
      "init",
      "online",
      "online",
      "online",
      "online",
      "online",
      "online",
      "online",
      "online",
      "online",
      "online",
      "batch",
      "batch",
      "batch",
      "batch",
      "batch",
      "batch",
      "batch",
      "batch",
      "batch",
      "batch",
      "batch",
      "batch",
      "batch",
      "batch",
      "batch",
      "batch",
      "batch",
      "batch",
      "batch",
      "batch",
      "batch",
      "batch",
      "batch",
      "batch",
      "batch",
      "batch",
      "batch",
      "batch",
      "batch",
      "batch",
      "batch",
      "batch",
      "batch",
      "batch"
    ],
    "wall_time": [
      0.0,
      0.8482918739318848,
      1.4875938892364502,
      2.1028079986572266,
      2.6481778621673584,
      3.2823710441589355,
      3.8878977298736572,
      4.477196931838989,
      5.045357942581177,
      5.664728879928589,
      6.241756916046143,
      6.733148813247681,
      7.245582818984985,
      7.727599859237671,
      8.205049753189087,
      8.694864988327026,
      9.15950894355774,
      9.679914951324463,
      10.143431901931763,
      10.631273031234741,
      11.10542106628418,
      11.573612928390503,
      12.035366773605347,
      12.493109941482544,
      13.040092945098877,
      13.515497922897339,
      13.989891767501831,
      14.461476802825928,
      14.975653886795044,
      15.444537878036499,
      15.908910036087036,
      16.42487406730652,
      16.885543823242188,
      17.356867790222168,
      17.826076984405518,
      18.38550591468811,
      18.85689091682434,
      19.323367834091187,
      19.78743815422058,
      20.254246950149536,
      20.7746479511261,
      21.24612307548523,
      21.722787857055664,
      22.191006898880005,
      22.67815589904785
    ],
    "func_evals": [
      850.0,
      2400.0,
      3950.0,
      5500.0,
      7050.0,
      8600.0,
      10150.0,
      11700.0,
      13250.0,
      14800.0,
      16350.0,
      17900.0,
      19450.0,
      21000.0,
      22550.0,
      24100.0,
      25650.0,
      27200.0,
      28750.0,
      30300.0,
      31850.0,
      33400.0,
      34950.0,
      36500.0,
      38050.0,
      39600.0,
      41150.0,
      42700.0,
      44250.0,
      45800.0,
      47350.0,
      48900.0,
      50450.0,
      52000.0,
      53550.0,
      55100.0,
      56650.0,
      58200.0,
      59750.0,
      61300.0,
      62850.0,
      64400.0,
      65950.0,
      67500.0,
      69050.0
    ],