{
  "optimizer": "lbfgs",
  "optimizer_name": "lbfgs",
  "optimizer_family": "lbfgs",
  "is_sweep": false,
  "sweep_group": null,
  "config_overrides": {},
  "seed": 2,
  "n_layers": 4,
  "model_architecture": "two_moons_dense_angle",
  "input_encoding": "linear_pm_pi",
  "n_params": 22,
  "wall_time_total": 15.308005809783936,
  "final_loss": 0.3771840063500442,
  "final_train_acc": 0.9028571428571428,
  "final_test_acc": 0.88,
  "total_cost_units": 48900,
  "total_func_evals": 48900,
  "total_grad_evals": 31,
  "total_sample_forward_passes": 38050,
  "total_sample_backward_passes": 10850,
  "total_full_loss_evaluations": 32,
  "total_steps": 31,
  "threshold_metrics": {
    "0.45": {
      "threshold": 0.45,
      "reached": true,
      "step": 7,
      "wall_time": 3.6154489517211914,
      "cost_units": 11700
    },
    "0.40": {
      "threshold": 0.4,
      "reached": true,
      "step": 12,
      "wall_time": 6.1003711223602295,
      "cost_units": 19450
    },
    "0.38": {
      "threshold": 0.38,
      "reached": true,
      "step": 16,
      "wall_time": 8.020148992538452,
      "cost_units": 25650
    },
    "0.36": {
      "threshold": 0.36,
      "reached": false,
      "step": null,
      "wall_time": null,
      "cost_units": null
    }
  },
  "trace": {
    "loss": [
      0.92762594354536,
      0.92762594354536,
      0.6802659573648647,
      0.5785598381399433,
      0.5410688679737602,
      0.5100715823148706,
      0.46855581077894126,
      0.4432266938879313,
      0.43353047182759247,
      0.4229575400846823,
      0.41732593123028683,
      0.40712144340447093,
      0.39804852663496515,
      0.397779044542591,
      0.38919964591455447,
      0.38563593769906657,
      0.37953303929525223,
      0.3788717012761306,
      0.3786413626776726,
      0.37850594960848827,
      0.37817858854071507,
      0.37788444446013725,
      0.37743775287367237,
      0.3772693903326493,
      0.3771918712696291,
      0.3771852005457692,
      0.37718412543147395,
      0.37718401205378754,
      0.3771840065860698,
      0.37718400635746696,
      0.37718400635037486,
      0.3771840063500442
    ],
    "train_acc": [
      0.43142857142857144,
      0.43142857142857144,
      0.7057142857142857,
      0.6914285714285714,
      0.6857142857142857,
      0.6857142857142857,
      0.6828571428571428,
      0.6914285714285714,
      0.76,
      0.7714285714285715,
      0.8428571428571429,
      0.8485714285714285,
      0.8742857142857143,
      0.8485714285714285,
      0.8828571428571429,
      0.8857142857142857,
      0.8942857142857142,
      0.8942857142857142,
      0.8914285714285715,
      0.8885714285714286,
      0.8914285714285715,
      0.8914285714285715,
      0.8914285714285715,
      0.9057142857142857,
      0.9028571428571428,
      0.9028571428571428,
      0.9028571428571428,
      0.9028571428571428,
      0.9028571428571428,
      0.9028571428571428,
      0.9028571428571428,
      0.9028571428571428
    ],
    "test_acc": [
      0.46,
      0.46,
      0.6733333333333333,
      0.6866666666666666,
      0.6733333333333333,
      0.66,
      0.7266666666666667,
      0.6666666666666666,
      0.7933333333333333,
      0.7666666666666667,
      0.84,
      0.8333333333333334,
      0.8733333333333333,
      0.8133333333333334,
      0.88,
      0.8733333333333333,
      0.8733333333333333,
      0.8733333333333333,
      0.8733333333333333,
      0.8733333333333333,
      0.8733333333333333,
      0.8733333333333333,
      0.8733333333333333,
      0.8733333333333333,
      0.88,
      0.8733333333333333,
      0.88,
      0.88,
      0.88,
      0.88,
      0.88,
      0.88
    ],
    "step": [
      0.0,
      1.0,
      2.0,
      3.0,
      4.0,
      5.0,
      6.0,
      7.0,
      8.0,
      9.0,
      10.0,
      11.0,
      12.0,
      13.0,
      14.0,
      15.0,
      16.0,
      17.0,
      18.0,
      19.0,
      20.0,
      21.0,
      22.0,
      23.0,
      24.0,
      25.0,
      26.0,
      27.0,
      28.0,
      29.0,
      30.0,
      31.0
    ],
    "phase": [
      "init",
      "lbfgs",
      "lbfgs",
      "lbfgs",
      "lbfgs",
      "lbfgs",
      "lbfgs",
      "lbfgs",
      "lbfgs",
      "lbfgs",
      "lbfgs",
      "lbfgs",
      "lbfgs",
      "lbfgs",
      "lbfgs",
      "lbfgs",
      "lbfgs",
      "lbfgs",
      "lbfgs",
      "lbfgs",
      "lbfgs",
      "lbfgs",
      "lbfgs",
      "lbfgs",
      "lbfgs",
      "lbfgs",
      "lbfgs",
      "lbfgs",
      "lbfgs",
      "lbfgs",
      "lbfgs",
      "lbfgs"
    ],
    "wall_time": [
      0.0,
      0.7274429798126221,
      1.195094108581543,
      1.6657638549804688,
      2.148453950881958,
      2.663383960723877,
      3.140454053878784,
      3.6154489517211914,
      4.116991996765137,
      4.604659080505371,
      5.1292359828948975,
      5.599678993225098,
      6.1003711223602295,
      6.615483045578003,
      7.080647945404053,
      7.5554399490356445,
      8.020148992538452,
      8.54996395111084,
      9.020884037017822,
      9.487045049667358,
      9.957121133804321,
      10.493212938308716,
      10.971282005310059,
      11.442867040634155,
      11.911577939987183,
      12.394550085067749,
      12.899787902832031,
      13.365332126617432,
      13.834079027175903,
      14.317470073699951,
      14.790878057479858,
      15.307823896408081
    ],
    "func_evals": [
      850.0,
      2400.0,
      3950.0,
      5500.0,
      7050.0,
      8600.0,
      10150.0,
      11700.0,
      13250.0,
      14800.0,
      16350.0,
      17900.0,
      19450.0,
      21000.0,
      22550.0,
      24100.0,
      25650.0,
      27200.0,
      28750.0,
      30300.0,
      31850.0,
      33400.0,
      34950.0,
      36500.0,
      38050.0,
      39600.0,
      41150.0,
      42700.0,
      44250.0,
      45800.0,
      47350.0,
      48900.0
    ],
    "grad_evals": [
      0.0,
      1.0,
      2.0,
      3.0,
      4.0,
      5.0,
      6.0,
      7.0,
      8.0,
      9.0,
      10.0,
      11.0,
      12.0,
      13.0,
      14.0,
      15.0,
      16.0,
      17.0,
      18.0,
      19.0,
      20.0,
      21.0,
      22.0,
      23.0,
      24.0,
      25.0,
      26.0,
      27.0,
      28.0,
      29.0,
      30.0,
      31.0
    ],
    "sample_forward_passes": [
      850.0,
      2050.0,
      3250.0,
      4450.0,
      5650.0,
      6850.0,
      8050.0,
      9250.0,
      10450.0,
      11650.0,
      12850.0,
      14050.0,
      15250.0,
      16450.0,
      17650.0,
      18850.0,
      20050.0,
      21250.0,
      22450.0,
      23650.0,
      24850.0,
      26050.0,
      27250.0,
      28450.0,
      29650.0,
      30850.0,
      32050.0,
      33250.0,
      34450.0,
      35650.0,
      36850.0,
      38050.0
    ],
    "sample_backward_passes": [
      0.0,
      350.0,
      700.0,
      1050.0,
      1400.0,
      1750.0,
      2100.0,
      2450.0,
      2800.0,
      3150.0,
      3500.0,
      3850.0,
      4200.0,
      4550.0,
      4900.0,
      5250.0,
      5600.0,
      5950.0,
      6300.0,
      6650.0,
      7000.0,
      7350.0,
      7700.0,
      8050.0,
      8400.0,
      8750.0,
      9100.0,
      9450.0,
      9800.0,
      10150.0,
      10500.0,
      10850.0
    ],
    "full_loss_evaluations": [
      1.0,
      2.0,
      3.0,
      4.0,
      5.0,
      6.0,
      7.0,
      8.0,
      9.0,
      10.0,
      11.0,
      12.0,
      13.0,
      14.0,
      15.0,
      16.0,
      17.0,
      18.0,
      19.0,
      20.0,
      21.0,
      22.0,
      23.0,
      24.0,
      25.0,
      26.0,
      27.0,
      28.0,
      29.0,
      30.0,
      31.0,
      32.0
    ],