{
  "optimizer": "lbfgs",
  "optimizer_name": "lbfgs",
  "optimizer_family": "lbfgs",
  "is_sweep": false,
  "sweep_group": null,
  "config_overrides": {},
  "seed": 0,
  "n_layers": 4,
  "model_architecture": "two_moons_dense_angle",
  "input_encoding": "linear_pm_pi",
  "n_params": 22,
  "wall_time_total": 11.341766834259033,
  "final_loss": 0.3199683939950459,
  "final_train_acc": 0.9171428571428571,
  "final_test_acc": 0.8866666666666667,
  "total_cost_units": 38050,
  "total_func_evals": 38050,
  "total_grad_evals": 24,
  "total_sample_forward_passes": 29650,
  "total_sample_backward_passes": 8400,
  "total_full_loss_evaluations": 25,
  "total_steps": 24,
  "threshold_metrics": {
    "0.45": {
      "threshold": 0.45,
      "reached": true,
      "step": 6,
      "wall_time": 2.649000883102417,
      "cost_units": 10150
    },
    "0.40": {
      "threshold": 0.4,
      "reached": true,
      "step": 7,
      "wall_time": 3.0674898624420166,
      "cost_units": 11700
    },
    "0.38": {
      "threshold": 0.38,
      "reached": true,
      "step": 8,
      "wall_time": 3.472846746444702,
      "cost_units": 13250
    },
    "0.36": {
      "threshold": 0.36,
      "reached": true,
      "step": 10,
      "wall_time": 4.281888723373413,
      "cost_units": 16350
    }
  },
  "trace": {
    "loss": [
      0.6416230002589989,
      0.6416230002589989,
      0.7312183037886012,
      0.5147551503580436,
      0.4815986971684806,
      0.7157287449616562,
      0.41961157271769883,
      0.3936463251457714,
      0.3632675059293898,
      0.9632580936464511,
      0.3329400432270427,
      0.3229190537367201,
      0.3205388353231019,
      0.3202198408054126,
      0.3200676965064031,
      0.3200095218791861,
      0.31997586229305,
      0.3199691433189101,
      0.31996845093609033,
      0.31996839828273516,
      0.3199683953963459,
      0.31996839458092213,
      0.31996839402893956,
      0.3199683939951258,
      0.3199683939950459
    ],
    "train_acc": [
      0.5714285714285714,
      0.5714285714285714,
      0.5828571428571429,
      0.7571428571428571,
      0.7742857142857142,
      0.6285714285714286,
      0.8742857142857143,
      0.8657142857142858,
      0.8828571428571429,
      0.47714285714285715,
      0.9171428571428571,
      0.9171428571428571,
      0.9257142857142857,
      0.9257142857142857,
      0.9257142857142857,
      0.9257142857142857,
      0.9257142857142857,
      0.92,
      0.92,
      0.9171428571428571,
      0.9171428571428571,
      0.9171428571428571,
      0.9171428571428571,
      0.9171428571428571,
      0.9171428571428571
    ],
    "test_acc": [
      0.5733333333333334,
      0.5733333333333334,
      0.6133333333333333,
      0.6666666666666666,
      0.6866666666666666,
      0.6066666666666667,
      0.8133333333333334,
      0.84,
      0.86,
      0.52,
      0.86,
      0.8933333333333333,
      0.8933333333333333,
      0.8866666666666667,
      0.8866666666666667,
      0.8866666666666667,
      0.8866666666666667,
      0.8866666666666667,
      0.8866666666666667,
      0.8866666666666667,
      0.8866666666666667,
      0.8866666666666667,
      0.8866666666666667,
      0.8866666666666667,
      0.8866666666666667
    ],
    "step": [
      0.0,
      1.0,
      2.0,
      3.0,
      4.0,
      5.0,
      6.0,
      7.0,
      8.0,
      9.0,
      10.0,
      11.0,
      12.0,
      13.0,
      14.0,
      15.0,
      16.0,
      17.0,
      18.0,
      19.0,
      20.0,
      21.0,
      22.0,
      23.0,
      24.0
    ],
    "phase": [
      "init",
      "lbfgs",
      "lbfgs",
      "lbfgs",
      "lbfgs",
      "lbfgs",
      "lbfgs",
      "lbfgs",
      "lbfgs",
      "lbfgs",
      "lbfgs",
      "lbfgs",
      "lbfgs",
      "lbfgs",
      "lbfgs",
      "lbfgs",
      "lbfgs",
      "lbfgs",
      "lbfgs",
      "lbfgs",
      "lbfgs",
      "lbfgs",
      "lbfgs",
      "lbfgs",
      "lbfgs"
    ],
    "wall_time": [
      0.0,
      0.6172680854797363,
      1.0365567207336426,
      1.4540469646453857,
      1.8568739891052246,
      2.253462791442871,
      2.649000883102417,
      3.0674898624420166,
      3.472846746444702,
      3.885500907897949,
      4.281888723373413,
      4.678659915924072,
      5.077624797821045,
      5.476081848144531,
      6.40720009803772,
      6.882559061050415,
      7.3393988609313965,
      7.796024799346924,
      8.277482748031616,
      8.78463888168335,
      9.275170803070068,
      9.837628841400146,
      10.352724075317383,
      10.849577903747559,
      11.340574979782104
    ],
    "func_evals": [
      850.0,
      2400.0,
      3950.0,
      5500.0,
      7050.0,
      8600.0,
      10150.0,
      11700.0,
      13250.0,
      14800.0,
      16350.0,
      17900.0,
      19450.0,
      21000.0,
      22550.0,
      24100.0,
      25650.0,
      27200.0,
      28750.0,
      30300.0,
      31850.0,
      33400.0,
      34950.0,
      36500.0,
      38050.0
    ],
    "grad_evals": [
      0.0,
      1.0,
      2.0,
      3.0,
      4.0,
      5.0,
      6.0,
      7.0,
      8.0,
      9.0,
      10.0,
      11.0,
      12.0,
      13.0,
      14.0,
      15.0,
      16.0,
      17.0,
      18.0,
      19.0,
      20.0,
      21.0,
      22.0,
      23.0,
      24.0
    ],
    "sample_forward_passes": [
      850.0,
      2050.0,
      3250.0,
      4450.0,
      5650.0,
      6850.0,
      8050.0,
      9250.0,
      10450.0,
      11650.0,
      12850.0,
      14050.0,
      15250.0,
      16450.0,
      17650.0,
      18850.0,
      20050.0,
      21250.0,
      22450.0,
      23650.0,
      24850.0,
      26050.0,
      27250.0,
      28450.0,
      29650.0
    ],
    "sample_backward_passes": [
      0.0,
      350.0,
      700.0,
      1050.0,
      1400.0,
      1750.0,
      2100.0,
      2450.0,
      2800.0,
      3150.0,
      3500.0,
      3850.0,
      4200.0,
      4550.0,
      4900.0,
      5250.0,
      5600.0,
      5950.0,
      6300.0,
      6650.0,
      7000.0,
      7350.0,
      7700.0,
      8050.0,
      8400.0
    ],
    "full_loss_evaluations": [
      1.0,
      2.0,
      3.0,
      4.0,
      5.0,
      6.0,
      7.0,
      8.0,
      9.0,
      10.0,
      11.0,
      12.0,
      13.0,
      14.0,
      15.0,
      16.0,
      17.0,
      18.0,
      19.0,
      20.0,
      21.0,
      22.0,
      23.0,
      24.0,
      25.0
    ],
    "gradient_evaluations": [
      0.0,
      1.0,
      2.0,
      3.0,
      4.0,
      5.0,
      6.0,
      7.0,
      8.0,
      9.0,
      10.0,
      11.0,
      12.0,
      13.0,
      14.0,
      15.0,
      16.0,
      17.0,
      18.0,
      19.0,
      20.0,
      21.0,
      22.0,
      23.0,
      24.0
    ],
    "cost_units": [
      850.0,
      2400.0,
      3950.0,
      5500.0,
      7050.0,
      8600.0,
      10150.0,
      11700.0,
      13250.0,
      14800.0,
      16350.0,
      17900.0,
      19450.0,
      21000.0,
      22550.0,
      24100.0,
      25650.0,
      27200.0,
      28750.0,
      30300.0,
      31850.0,
      33400.0,
      34950.0,
      36500.0,
      38050.0
    ],
    "step_size": [
      0.0,
      NaN,
      NaN,
      NaN,
      NaN,
      NaN,
      NaN,
      NaN,
      NaN,
      NaN,
      NaN,
      NaN,
      NaN,
      NaN,
      NaN,
      NaN,
      NaN,
      NaN,
      NaN,
      NaN,
      NaN,
      NaN,
      NaN,
      NaN,
      NaN
    ],