{
  "optimizer": "lbfgs",
  "optimizer_name": "lbfgs",
  "optimizer_family": "lbfgs",
  "is_sweep": false,
  "sweep_group": null,
  "config_overrides": {},
  "seed": 4,
  "n_layers": 4,
  "model_architecture": "two_moons_dense_angle",
  "input_encoding": "linear_pm_pi",
  "n_params": 22,
  "wall_time_total": 9.913625001907349,
  "final_loss": 0.32498490208925856,
  "final_train_acc": 0.8971428571428571,
  "final_test_acc": 0.9066666666666666,
  "total_cost_units": 31850,
  "total_func_evals": 31850,
  "total_grad_evals": 20,
  "total_sample_forward_passes": 24850,
  "total_sample_backward_passes": 7000,
  "total_full_loss_evaluations": 21,
  "total_steps": 20,
  "threshold_metrics": {
    "0.45": {
      "threshold": 0.45,
      "reached": true,
      "step": 4,
      "wall_time": 2.16382098197937,
      "cost_units": 7050
    },
    "0.40": {
      "threshold": 0.4,
      "reached": true,
      "step": 5,
      "wall_time": 2.6481070518493652,
      "cost_units": 8600
    },
    "0.38": {
      "threshold": 0.38,
      "reached": true,
      "step": 6,
      "wall_time": 3.113276958465576,
      "cost_units": 10150
    },
    "0.36": {
      "threshold": 0.36,
      "reached": true,
      "step": 7,
      "wall_time": 3.6274800300598145,
      "cost_units": 11700
    }
  },
  "trace": {
    "loss": [
      0.955355694943496,
      0.955355694943496,
      0.5193989605751015,
      0.5033638223793854,
      0.42825093545961773,
      0.3943657035124894,
      0.36259964447349236,
      0.35337894362702743,
      0.3363560763277387,
      0.3282454699744242,
      0.32614026780476,
      0.3254003950142521,
      0.32509735593809264,
      0.3250036893875264,
      0.32498952961821925,
      0.3249861150639111,
      0.32498540095645945,
      0.32498495937416105,
      0.3249849033633269,
      0.32498490209639813,
      0.32498490208925856
    ],
    "train_acc": [
      0.4542857142857143,
      0.4542857142857143,
      0.76,
      0.7142857142857143,
      0.8257142857142857,
      0.86,
      0.8828571428571429,
      0.8771428571428571,
      0.8857142857142857,
      0.9057142857142857,
      0.9028571428571428,
      0.8942857142857142,
      0.9028571428571428,
      0.9,
      0.8971428571428571,
      0.8971428571428571,
      0.8971428571428571,
      0.8971428571428571,
      0.8971428571428571,
      0.8971428571428571,
      0.8971428571428571
    ],
    "test_acc": [
      0.42,
      0.42,
      0.7933333333333333,
      0.6733333333333333,
      0.8,
      0.8333333333333334,
      0.8533333333333334,
      0.8666666666666667,
      0.8666666666666667,
      0.8933333333333333,
      0.8933333333333333,
      0.8933333333333333,
      0.9066666666666666,
      0.9066666666666666,
      0.9066666666666666,
      0.9066666666666666,
      0.9066666666666666,
      0.9066666666666666,
      0.9066666666666666,
      0.9066666666666666,
      0.9066666666666666
    ],
    "step": [
      0.0,
      1.0,
      2.0,
      3.0,
      4.0,
      5.0,
      6.0,
      7.0,
      8.0,
      9.0,
      10.0,
      11.0,
      12.0,
      13.0,
      14.0,
      15.0,
      16.0,
      17.0,
      18.0,
      19.0,
      20.0
    ],
    "phase": [
      "init",
      "lbfgs",
      "lbfgs",
      "lbfgs",
      "lbfgs",
      "lbfgs",
      "lbfgs",
      "lbfgs",
      "lbfgs",
      "lbfgs",
      "lbfgs",
      "lbfgs",
      "lbfgs",
      "lbfgs",
      "lbfgs",
      "lbfgs",
      "lbfgs",
      "lbfgs",
      "lbfgs",
      "lbfgs",
      "lbfgs"
    ],
    "wall_time": [
      0.0,
      0.7356119155883789,
      1.199462890625,
      1.7032840251922607,
      2.16382098197937,
      2.6481070518493652,
      3.113276958465576,
      3.6274800300598145,
      4.092159032821655,
      4.5700390338897705,
      5.038980722427368,
      5.501893758773804,
      6.016525983810425,
      6.491407871246338,
      7.030977964401245,
      7.497486114501953,
      8.012905836105347,
      8.491943836212158,
      8.960829973220825,
      9.428429126739502,
      9.913530826568604
    ],
    "func_evals": [
      850.0,
      2400.0,
      3950.0,
      5500.0,
      7050.0,
      8600.0,
      10150.0,
      11700.0,
      13250.0,
      14800.0,
      16350.0,
      17900.0,
      19450.0,
      21000.0,
      22550.0,
      24100.0,
      25650.0,
      27200.0,
      28750.0,
      30300.0,
      31850.0
    ],
    "grad_evals": [
      0.0,
      1.0,
      2.0,
      3.0,
      4.0,
      5.0,
      6.0,
      7.0,
      8.0,
      9.0,
      10.0,
      11.0,
      12.0,
      13.0,
      14.0,
      15.0,
      16.0,
      17.0,
      18.0,
      19.0,
      20.0
    ],
    "sample_forward_passes": [
      850.0,
      2050.0,
      3250.0,
      4450.0,
      5650.0,
      6850.0,
      8050.0,
      9250.0,
      10450.0,
      11650.0,
      12850.0,
      14050.0,
      15250.0,
      16450.0,
      17650.0,
      18850.0,
      20050.0,
      21250.0,
      22450.0,
      23650.0,
      24850.0
    ],
    "sample_backward_passes": [
      0.0,
      350.0,
      700.0,
      1050.0,
      1400.0,
      1750.0,
      2100.0,
      2450.0,
      2800.0,
      3150.0,
      3500.0,
      3850.0,
      4200.0,
      4550.0,
      4900.0,
      5250.0,
      5600.0,
      5950.0,
      6300.0,
      6650.0,
      7000.0
    ],
    "full_loss_evaluations": [
      1.0,
      2.0,
      3.0,
      4.0,
      5.0,
      6.0,
      7.0,
      8.0,
      9.0,
      10.0,
      11.0,
      12.0,
      13.0,
      14.0,
      15.0,
      16.0,
      17.0,
      18.0,
      19.0,
      20.0,
      21.0
    ],
    "gradient_evaluations": [
      0.0,
      1.0,
      2.0,
      3.0,
      4.0,
      5.0,
      6.0,
      7.0,
      8.0,
      9.0,
      10.0,
      11.0,
      12.0,
      13.0,
      14.0,
      15.0,
      16.0,
      17.0,
      18.0,
      19.0,
      20.0
    ],
    "cost_units": [
      850.0,
      2400.0,
      3950.0,
      5500.0,
      7050.0,
      8600.0,
      10150.0,
      11700.0,
      13250.0,
      14800.0,
      16350.0,
      17900.0,
      19450.0,
      21000.0,
      22550.0,
      24100.0,
      25650.0,
      27200.0,
      28750.0,
      30300.0,
      31850.0
    ],
    "step_size": [
      0.0,
      NaN,
      NaN,
      NaN,
      NaN,
      NaN,
      NaN,
      NaN,
      NaN,
      NaN,
      NaN,
      NaN,
      NaN,
      NaN,
      NaN,
      NaN,
      NaN,
      NaN,
      NaN,
      NaN,
      NaN
    ],
    "update_norm": [
      0.0,
      0.0,
      0.9999999999999999,
      0.543559946415452,
      0.26754021204563316,
      0.13148755839551868,
      0.27267010080815146,
      0.11022374938272199,
      0.364601966374692,
      0.12319327579245036,
      0.06990815395508329,
      0.04726465022813311,
      0.02551523993907843,
      0.01582696145707965,
      0.005375909527925149,
      0.0031881768161637044,
      0.0012441386001835273,
      0.00158701514229205,
      0.0005562519333945251,
      6.644574585480864e-05,
      5.6641938458676475e-06
    ],
    "gradient_norm": [
      0.0,
      1.3193935167722246,
      0.7097043397171005,
      0.9151660572957059,
      0.35442868097165314,
      0.24336330444111878,
      0.13657468051887156,
      0.11748982117143462,
      0.1657578915097433,
      0.07008661242002569,
      0.03218411688831412,
      0.029856754597450123,
      0.015275784966519698,
      0.004963773588046861,
      0.0022911177025971108,
      0.0009724421943955082,
      0.0005524225311204424,
      0.00026459949754403903,
      4.9115637350285436e-05,
      3.4680404049685116e-06,
      2.771753565309389e-07
    ],
    "contribution_variance": [
      NaN,
      NaN,
      NaN,
      NaN,
      NaN,
      NaN,
      NaN,
      NaN,
      NaN,
      NaN,
      NaN,
      NaN,
      NaN,
      NaN,
      NaN,
      NaN,
      NaN,
      NaN,
      NaN,
      NaN,
      NaN
    ]
  },