{
  "model_name": "parity_rot",
  "model_label": "Parity Rot classifier",
  "dataset": {
    "dataset": "parity_4bit",
    "test_fraction": 0.3,
    "repeats_per_bitstring": 4,
    "n_unique_bitstrings": 16,
    "label_values": [
      -1,
      1
    ]
  },
  "loss_function": "mse",
  "optimizer": "lbfgs",
  "seed": 0,
  "model_metadata": {
    "class": "ParityRotClassifierModel",
    "n_qubits": 4,
    "n_layers": 2,
    "n_params": 25,
    "n_quantum_params": 24,
    "n_weight_params": 1,
    "weights_shape": [
      2,
      4,
      3
    ]
  },
  "n_train": 44,
  "n_test": 20,
  "wall_time_total": 7.849194049835205,
  "final_loss": 7.436053471931714e-11,
  "final_train_acc": 1.0,
  "final_test_acc": 1.0,
  "total_cost_units": 5792,
  "total_steps": 29,
  "trace": {
    "loss": [
      1.9992623981792497,
      1.9992623981792497,
      1.3213739664021042,
      1.0398608219144487,
      0.990045537723863,
      0.70934502819134,
      0.9488743630758656,
      0.5414755331692709,
      1.5121348603054983,
      0.5158722693645816,
      1.1662900496080657,
      0.7044082561381573,
      0.00029167471640935004,
      0.0009724844152030301,
      0.00014334101329278499,
      0.0001278813038030303,
      7.855184937186927e-05,
      2.1957697713614104e-05,
      7.810517744989061e-06,
      2.505318596507487e-06,
      8.31891082042757e-07,
      2.718572393749505e-07,
      8.93371023163331e-08,
      2.9347797055359927e-08,
      9.692765889977757e-09,
      3.230051771212132e-09,
      1.0972451943383237e-09,
      3.890561911371009e-10,
      1.528153390813098e-10,
      7.436053471931714e-11
    ],
    "train_acc": [
      0.5,
      0.5,
      0.5,
      0.5227272727272727,
      0.5,
      0.5227272727272727,
      0.6136363636363636,
      1.0,
      0.5227272727272727,
      1.0,
      0.38636363636363635,
      0.75,
      1.0,
      1.0,
      1.0,
      1.0,
      1.0,
      1.0,
      1.0,
      1.0,
      1.0,
      1.0,
      1.0,
      1.0,
      1.0,
      1.0,
      1.0,
      1.0,
      1.0,
      1.0
    ],
    "test_acc": [
      0.5,
      0.5,
      0.5,
      0.45,
      0.5,
      0.45,
      0.65,
      1.0,
      0.45,
      1.0,
      0.35,
      0.75,
      1.0,
      1.0,
      1.0,
      1.0,
      1.0,
      1.0,
      1.0,
      1.0,
      1.0,
      1.0,
      1.0,
      1.0,
      1.0,
      1.0,
      1.0,
      1.0,
      1.0,
      1.0
    ],
    "step": [
      0.0,
      1.0,
      2.0,
      3.0,
      4.0,
      5.0,
      6.0,
      7.0,
      8.0,
      9.0,
      10.0,
      11.0,
      12.0,
      13.0,
      14.0,
      15.0,
      16.0,
      17.0,
      18.0,
      19.0,
      20.0,
      21.0,
      22.0,
      23.0,
      24.0,
      25.0,
      26.0,
      27.0,
      28.0,
      29.0
    ],
    "phase": [
      "init",
      "lbfgs",
      "lbfgs",
      "lbfgs",
      "lbfgs",
      "lbfgs",
      "lbfgs",
      "lbfgs",
      "lbfgs",
      "lbfgs",
      "lbfgs",
      "lbfgs",
      "lbfgs",
      "lbfgs",
      "lbfgs",
      "lbfgs",
      "lbfgs",
      "lbfgs",
      "lbfgs",
      "lbfgs",
      "lbfgs",
      "lbfgs",
      "lbfgs",
      "lbfgs",
      "lbfgs",
      "lbfgs",
      "lbfgs",
      "lbfgs",
      "lbfgs",
      "lbfgs"
    ],
    "wall_time": [
      0.0,
      0.3477950096130371,
      0.6384379863739014,
      0.8915121555328369,
      1.2106990814208984,
      1.466627836227417,
      1.702625036239624,
      1.9904139041900635,
      2.2282052040100098,
      2.462733268737793,
      2.916313886642456,
      3.1999309062957764,
      3.4403679370880127,
      3.6743152141571045,
      3.90852689743042,
      4.193547010421753,
      4.434668064117432,
      4.672677040100098,
      4.942680835723877,
      5.305662155151367,
      5.54466700553894,
      5.870428085327148,
      6.099611043930054,
      6.382410049438477,
      6.6209800243377686,
      6.856123924255371,
      7.085465908050537,
      7.317110061645508,
      7.607210159301758,
      7.848253965377808
    ],
    "func_evals": [
      108.0,
      304.0,
      500.0,
      696.0,
      892.0,
      1088.0,
      1284.0,
      1480.0,
      1676.0,
      1872.0,
      2068.0,
      2264.0,
      2460.0,
      2656.0,
      2852.0,
      3048.0,
      3244.0,
      3440.0,
      3636.0,
      3832.0,
      4028.0,
      4224.0,
      4420.0,
      4616.0,
      4812.0,
      5008.0,
      5204.0,
      5400.0,
      5596.0,
      5792.0
    ],
    "grad_evals": [
      0.0,
      1.0,
      2.0,
      3.0,
      4.0,
      5.0,
      6.0,
      7.0,
      8.0,
      9.0,
      10.0,
      11.0,
      12.0,
      13.0,
      14.0,
      15.0,
      16.0,
      17.0,
      18.0,
      19.0,
      20.0,
      21.0,
      22.0,
      23.0,
      24.0,
      25.0,
      26.0,
      27.0,
      28.0,
      29.0
    ],
    "sample_forward_passes": [
      108.0,
      260.0,
      412.0,
      564.0,
      716.0,
      868.0,
      1020.0,
      1172.0,
      1324.0,
      1476.0,
      1628.0,
      1780.0,
      1932.0,
      2084.0,
      2236.0,
      2388.0,
      2540.0,
      2692.0,
      2844.0,
      2996.0,
      3148.0,
      3300.0,
      3452.0,
      3604.0,
      3756.0,
      3908.0,
      4060.0,
      4212.0,
      4364.0,
      4516.0
    ],
    "sample_backward_passes": [
      0.0,
      44.0,
      88.0,
      132.0,
      176.0,
      220.0,
      264.0,
      308.0,
      352.0,
      396.0,
      440.0,
      484.0,
      528.0,
      572.0,
      616.0,
      660.0,
      704.0,
      748.0,
      792.0,
      836.0,
      880.0,
      924.0,
      968.0,
      1012.0,
      1056.0,
      1100.0,
      1144.0,
      1188.0,
      1232.0,
      1276.0
    ],
    "full_loss_evaluations": [
      1.0,
      2.0,
      3.0,
      4.0,
      5.0,
      6.0,
      7.0,
      8.0,
      9.0,
      10.0,
      11.0,
      12.0,
      13.0,
      14.0,
      15.0,
      16.0,
      17.0,
      18.0,
      19.0,
      20.0,
      21.0,
      22.0,
      23.0,
      24.0,
      25.0,
      26.0,
      27.0,
      28.0,
      29.0,
      30.0
    ],
    "gradient_evaluations": [
      0.0,
      1.0,
      2.0,
      3.0,
      4.0,
      5.0,
      6.0,
      7.0,
      8.0,
      9.0,
      10.0,
      11.0,
      12.0,
      13.0,
      14.0,
      15.0,
      16.0,
      17.0,
      18.0,
      19.0,
      20.0,
      21.0,
      22.0,
      23.0,
      24.0,
      25.0,
      26.0,
      27.0,
      28.0,
      29.0
    ],
    "cost_units": [
      108.0,
      304.0,
      500.0,
      696.0,
      892.0,
      1088.0,
      1284.0,
      1480.0,
      1676.0,
      1872.0,
      2068.0,
      2264.0,
      2460.0,
      2656.0,
      2852.0,
      3048.0,
      3244.0,
      3440.0,
      3636.0,
      3832.0,
      4028.0,
      4224.0,
      4420.0,
      4616.0,
      4812.0,
      5008.0,
      5204.0,
      5400.0,
      5596.0,
      5792.0
    ],
    "step_size": [
      0.0,
      NaN,
      NaN,
      NaN,
      NaN,
      NaN,
      NaN,
      NaN,
      NaN,
      NaN,
      NaN,
      NaN,
      NaN,
      NaN,
      NaN,
      NaN,
      NaN,
      NaN,
      NaN,
      NaN,
      NaN,
      NaN,
      NaN,
      NaN,
      NaN,
      NaN,
      NaN,
      NaN,
      NaN,
      NaN
    ],