{
  "model_name": "parity_rot",
  "model_label": "Parity Rot classifier",
  "dataset": {
    "dataset": "parity_4bit",
    "test_fraction": 0.3,
    "repeats_per_bitstring": 4,
    "n_unique_bitstrings": 16,
    "label_values": [
      -1,
      1
    ]
  },
  "loss_function": "mse",
  "optimizer": "adam",
  "seed": 0,
  "model_metadata": {
    "class": "ParityRotClassifierModel",
    "n_qubits": 4,
    "n_layers": 2,
    "n_params": 25,
    "n_quantum_params": 24,
    "n_weight_params": 1,
    "weights_shape": [
      2,
      4,
      3
    ]
  },
  "n_train": 44,
  "n_test": 20,
  "wall_time_total": 0.5795178413391113,
  "final_loss": 1.9397584606842129,
  "final_train_acc": 0.5,
  "final_test_acc": 0.5,
  "total_cost_units": 500,
  "total_steps": 2,
  "trace": {
    "loss": [
      1.9992623981792497,
      1.980367434842742,
      1.9397584606842129
    ],
    "train_acc": [
      0.5,
      0.5,
      0.5
    ],
    "test_acc": [
      0.5,
      0.5,
      0.5
    ],
    "step": [
      0.0,
      1.0,
      2.0
    ],
    "phase": [
      "init",
      "adam",
      "adam"
    ],
    "wall_time": [
      0.0,
      0.3434722423553467,
      0.5794370174407959
    ],
    "func_evals": [
      108.0,
      304.0,
      500.0
    ],
    "grad_evals": [
      0.0,
      1.0,
      2.0
    ],
    "sample_forward_passes": [
      108.0,
      260.0,
      412.0
    ],
    "sample_backward_passes": [
      0.0,
      44.0,
      88.0
    ],
    "full_loss_evaluations": [
      1.0,
      2.0,
      3.0
    ],
    "gradient_evaluations": [
      0.0,
      1.0,
      2.0
    ],
    "cost_units": [
      108.0,
      304.0,
      500.0
    ],
    "step_size": [
      0.0,
      0.05,
      0.05
    ],
    "update_norm": [
      0.0,
      0.14064679175123682,
      0.14863921142876937
    ],
    "gradient_norm": [
      0.0,
      0.054294016431085654,
      0.2984422865759911
    ],
    "contribution_variance": [
      NaN,
      NaN,
      NaN
    ]
  },
  "initial_params": [
    0.017640523459676642,
    0.004001572083672233,
    0.009787379841057393,
    0.022408931992014578,
    0.018675579901499675,
    -0.00977277879876411,
    0.009500884175255894,
    -0.001513572082976979,
    -0.0010321885179355784,
    0.004105985019383723,
    0.0014404357116087798,
    0.014542735069629751,
    0.007610377251469934,
    0.001216750164928284,
    0.004438632327454257,
    0.0033367432737426684,
    0.01494079073157606,
    -0.0020515826376580086,
    0.003130677016509014,
    -0.008540957393017247,
    -0.025529898158340787,
    0.006536185954403606,
    0.008644361988595054,
    -0.007421650204064417,
    0.0
  ],
  "final_params": [
    0.017640523446931924,
    0.09361736151598062,
    -0.01972511453131869,
    0.022408932020073227,
    0.1134381727700959,
    -0.03398703604816504,
    0.009500884121239731,
    -0.09072277454638594,
    0.035531945658838424,
    0.004105984994174715,
    0.08958445085897546,
    -0.022233148963291458,
    0.00761037721543602,
    0.0012167501662491437,
    0.004438632257926273,
    0.017209339535303448,
    0.10878634388036165,
    -0.0020515826361644533,
    -0.036510112639012306,
    -0.10027090969486893,
    -0.02552989812582391,
    0.040402731550811956,
    0.10040248685525488,
    -0.007421650204064417,
    0.0025443745975276336
  ]
}