{
  "krotov_hybrid": {
    "label": "Hybrid Krotov",
    "n_runs": 1,
    "final_loss_mean": 0.27308684662977323,
    "final_loss_std": 0.0,
    "final_train_acc_mean": 0.8657142857142858,
    "final_train_acc_std": 0.0,
    "final_test_acc_mean": 0.8266666666666667,
    "final_test_acc_std": 0.0,
    "wall_time_mean": 112.51718831062317,
    "wall_time_std": 0.0,
    "cost_mean": 62850.0,
    "cost_std": 0.0
  },
  "adam": {
    "label": "Adam",
    "n_runs": 1,
    "final_loss_mean": 0.26973110213718227,
    "final_loss_std": 0.0,
    "final_train_acc_mean": 0.9057142857142857,
    "final_train_acc_std": 0.0,
    "final_test_acc_mean": 0.8866666666666667,
    "final_test_acc_std": 0.0,
    "wall_time_mean": 87.96903085708618,
    "wall_time_std": 0.0,
    "cost_mean": 62850.0,
    "cost_std": 0.0
  }
}