{
  "model_name": "parity_rot",
  "model_label": "Parity Rot classifier",
  "dataset": {
    "dataset": "parity_4bit",
    "test_fraction": 0.3,
    "repeats_per_bitstring": 20,
    "n_unique_bitstrings": 16,
    "label_values": [
      -1,
      1
    ]
  },
  "loss_function": "mse",
  "optimizer": "krotov_hybrid",
  "seed": 1,
  "model_metadata": {
    "class": "ParityRotClassifierModel",
    "n_qubits": 4,
    "n_layers": 2,
    "n_params": 25,
    "n_quantum_params": 24,
    "n_weight_params": 1,
    "weights_shape": [
      2,
      4,
      3
    ]
  },
  "n_train": 224,
  "n_test": 96,
  "wall_time_total": 64.66695809364319,
  "final_loss": 3.390039024337379e-08,
  "final_train_acc": 1.0,
  "final_test_acc": 1.0,
  "total_cost_units": 49184,
  "total_steps": 40,
  "trace": {
    "loss": [
      2.08882166084944,
      1.671611407822452e-05,
      3.7959098532153865e-06,
      1.6352734476411467e-06,
      9.05747388186769e-07,
      5.743553639959054e-07,
      3.964179275091368e-07,
      2.899742136760445e-07,
      2.2128451500444811e-07,
      1.7439703044772759e-07,
      1.4097398582834454e-07,
      1.1631339004890485e-07,
      9.759991226687222e-08,
      8.306439976280553e-08,
      7.154974761804918e-08,
      6.227339255682001e-08,
      5.469068215898671e-08,
      4.841308848924616e-08,
      4.315742115367566e-08,
      3.871332544326624e-08,
      3.492192214496211e-08,
      3.486975533960913e-08,
      3.4817705352387315e-08,
      3.4765771833645524e-08,
      3.4713954437215095e-08,
      3.466225281628605e-08,
      3.461066662679243e-08,
      3.455919552476896e-08,
      3.4507839168689945e-08,
      3.445659721757501e-08,
      3.440546933173836e-08,
      3.435445517252012e-08,
      3.430355440322115e-08,
      3.425276668779246e-08,
      3.420209169186127e-08,
      3.41515290821305e-08,
      3.4101078526258666e-08,
      3.405073969375219e-08,
      3.4000512254386504e-08,
      3.395039587991686e-08,
      3.390039024337379e-08
    ],
    "train_acc": [
      0.47767857142857145,
      1.0,
      1.0,
      1.0,
      1.0,
      1.0,
      1.0,
      1.0,
      1.0,
      1.0,
      1.0,
      1.0,
      1.0,
      1.0,
      1.0,
      1.0,
      1.0,
      1.0,
      1.0,
      1.0,
      1.0,
      1.0,
      1.0,
      1.0,
      1.0,
      1.0,
      1.0,
      1.0,
      1.0,
      1.0,
      1.0,
      1.0,
      1.0,
      1.0,
      1.0,
      1.0,
      1.0,
      1.0,
      1.0,
      1.0,
      1.0
    ],
    "test_acc": [
      0.5520833333333334,
      1.0,
      1.0,
      1.0,
      1.0,
      1.0,
      1.0,
      1.0,
      1.0,
      1.0,
      1.0,
      1.0,
      1.0,
      1.0,
      1.0,
      1.0,
      1.0,
      1.0,
      1.0,
      1.0,
      1.0,
      1.0,
      1.0,
      1.0,
      1.0,
      1.0,
      1.0,
      1.0,
      1.0,
      1.0,
      1.0,
      1.0,
      1.0,
      1.0,
      1.0,
      1.0,
      1.0,
      1.0,
      1.0,
      1.0,
      1.0
    ],
    "step": [
      0.0,
      1.0,
      2.0,
      3.0,
      4.0,
      5.0,
      6.0,
      7.0,
      8.0,
      9.0,
      10.0,
      11.0,
      12.0,
      13.0,
      14.0,
      15.0,
      16.0,
      17.0,
      18.0,
      19.0,
      20.0,
      21.0,
      22.0,
      23.0,
      24.0,
      25.0,
      26.0,
      27.0,
      28.0,
      29.0,
      30.0,
      31.0,
      32.0,
      33.0,
      34.0,
      35.0,
      36.0,
      37.0,
      38.0,
      39.0,
      40.0
    ],
    "phase": [
      "init",
      "online",
      "online",
      "online",
      "online",
      "online",
      "online",
      "online",
      "online",
      "online",
      "online",
      "online",
      "online",
      "online",
      "online",
      "online",
      "online",
      "online",
      "online",
      "online",
      "online",
      "batch",
      "batch",
      "batch",
      "batch",
      "batch",
      "batch",
      "batch",
      "batch",
      "batch",
      "batch",
      "batch",
      "batch",
      "batch",
      "batch",
      "batch",
      "batch",
      "batch",
      "batch",
      "batch",
      "batch"
    ],
    "wall_time": [
      0.0,
      2.3176591396331787,
      4.2786548137664795,
      6.112935781478882,
      7.78727388381958,
      9.492002964019775,
      11.316988945007324,
      12.950371980667114,
      14.582015037536621,
      16.39476704597473,
      18.174023151397705,
      19.852869987487793,
      21.64397096633911,
      23.28802990913391,
      25.067918062210083,
      26.716953992843628,
      28.44310188293457,
      30.135420083999634,
      31.842682123184204,
      33.58915305137634,
      35.319106101989746,
      36.76969504356384,
      38.29556393623352,
      39.76715111732483,
      41.19942283630371,
      42.63792896270752,
      44.052146911621094,
      45.462557792663574,
      47.047280073165894,
      48.46331000328064,
      49.997796058654785,
      51.55404305458069,
      52.97338604927063,
      54.52202105522156,
      55.936168909072876,
      57.344682931900024,
      58.75520992279053,
      60.286128997802734,
      61.79230618476868,
      63.25438904762268,
      64.6667799949646
    ],
    "func_evals": [
      544.0,
      1760.0,
      2976.0,
      4192.0,
      5408.0,
      6624.0,
      7840.0,
      9056.0,
      10272.0,
      11488.0,
      12704.0,
      13920.0,
      15136.0,
      16352.0,
      17568.0,
      18784.0,
      20000.0,
      21216.0,
      22432.0,
      23648.0,
      24864.0,
      26080.0,
      27296.0,
      28512.0,
      29728.0,
      30944.0,
      32160.0,
      33376.0,
      34592.0,
      35808.0,
      37024.0,
      38240.0,
      39456.0,
      40672.0,
      41888.0,
      43104.0,
      44320.0,
      45536.0,
      46752.0,
      47968.0,
      49184.0
    ],
    "grad_evals": [
      0.0,
      225.0,
      450.0,
      675.0,
      900.0,
      1125.0,
      1350.0,
      1575.0,
      1800.0,
      2025.0,
      2250.0,
      2475.0,
      2700.0,
      2925.0,
      3150.0,
      3375.0,
      3600.0,
      3825.0,
      4050.0,
      4275.0,
      4500.0,
      4502.0,
      4504.0,
      4506.0,
      4508.0,
      4510.0,
      4512.0,
      4514.0,
      4516.0,
      4518.0,
      4520.0,
      4522.0,
      4524.0,
      4526.0,
      4528.0,
      4530.0,
      4532.0,
      4534.0,
      4536.0,
      4538.0,
      4540.0
    ],
    "sample_forward_passes": [
      544.0,
      1536.0,
      2528.0,
      3520.0,
      4512.0,
      5504.0,
      6496.0,
      7488.0,
      8480.0,
      9472.0,
      10464.0,
      11456.0,
      12448.0,
      13440.0,
      14432.0,
      15424.0,
      16416.0,
      17408.0,
      18400.0,
      19392.0,
      20384.0,
      21376.0,
      22368.0,
      23360.0,
      24352.0,
      25344.0,
      26336.0,
      27328.0,
      28320.0,
      29312.0,
      30304.0,
      31296.0,
      32288.0,
      33280.0,
      34272.0,
      35264.0,
      36256.0,
      37248.0,
      38240.0,
      39232.0,
      40224.0
    ],
    "sample_backward_passes": [
      0.0,
      224.0,
      448.0,
      672.0,
      896.0,
      1120.0,
      1344.0,
      1568.0,
      1792.0,
      2016.0,
      2240.0,
      2464.0,
      2688.0,
      2912.0,
      3136.0,
      3360.0,
      3584.0,
      3808.0,
      4032.0,
      4256.0,
      4480.0,
      4704.0,
      4928.0,
      5152.0,
      5376.0,
      5600.0,
      5824.0,
      6048.0,
      6272.0,
      6496.0,
      6720.0,
      6944.0,
      7168.0,
      7392.0,
      7616.0,
      7840.0,
      8064.0,
      8288.0,
      8512.0,
      8736.0,
      8960.0
    ],