{
  "model_name": "parity_rot",
  "model_label": "Parity Rot classifier",
  "dataset": {
    "dataset": "parity_4bit",
    "test_fraction": 0.3,
    "repeats_per_bitstring": 20,
    "n_unique_bitstrings": 16,
    "label_values": [
      -1,
      1
    ]
  },
  "loss_function": "mse",
  "optimizer": "qng",
  "seed": 0,
  "model_metadata": {
    "class": "ParityRotClassifierModel",
    "n_qubits": 4,
    "n_layers": 2,
    "n_params": 25,
    "n_quantum_params": 24,
    "n_weight_params": 1,
    "weights_shape": [
      2,
      4,
      3
    ]
  },
  "n_train": 224,
  "n_test": 96,
  "wall_time_total": 82.4150640964508,
  "final_loss": 1.3334140736976113e-05,
  "final_train_acc": 1.0,
  "final_test_acc": 1.0,
  "total_cost_units": 58144,
  "total_steps": 40,
  "trace": {
    "loss": [
      2.1063657997516247,
      2.0862289915391807,
      1.7018083539756828,
      1.0266299974856865,
      0.990731531985469,
      0.9770681014485871,
      0.9245896224385657,
      0.6535498048450827,
      0.008416044669864422,
      0.0018189747371161775,
      0.0009230197066308821,
      0.0005721111978999044,
      0.00039334090209790354,
      0.00028858574684197303,
      0.0002214722554210236,
      0.00017569956893237726,
      0.00014299462008914498,
      0.00011876765097543379,
      0.00010029497448852342,
      8.587242677745884e-05,
      7.438710153041773e-05,
      6.508601908634372e-05,
      5.744430639793365e-05,
      5.108665738315285e-05,
      4.573873632678988e-05,
      4.119611621079005e-05,
      3.730385645383275e-05,
      3.394273883597457e-05,
      3.101978502105539e-05,
      2.846159463631923e-05,
      2.6209581929080115e-05,
      2.4216515419739224e-05,
      2.244396762537872e-05,
      2.08604106327598e-05,
      1.9439776732922035e-05,
      1.8160358437536626e-05,
      1.700395922341507e-05,
      1.5955231624517108e-05,
      1.500115679236948e-05,
      1.4130631930290138e-05,
      1.3334140736976113e-05
    ],
    "train_acc": [
      0.4732142857142857,
      0.4732142857142857,
      0.4732142857142857,
      0.48660714285714285,
      0.5044642857142857,
      0.6205357142857143,
      0.6205357142857143,
      1.0,
      1.0,
      1.0,
      1.0,
      1.0,
      1.0,
      1.0,
      1.0,
      1.0,
      1.0,
      1.0,
      1.0,
      1.0,
      1.0,
      1.0,
      1.0,
      1.0,
      1.0,
      1.0,
      1.0,
      1.0,
      1.0,
      1.0,
      1.0,
      1.0,
      1.0,
      1.0,
      1.0,
      1.0,
      1.0,
      1.0,
      1.0,
      1.0,
      1.0
    ],
    "test_acc": [
      0.5625,
      0.5625,
      0.5625,
      0.53125,
      0.4895833333333333,
      0.6354166666666666,
      0.6354166666666666,
      1.0,
      1.0,
      1.0,
      1.0,
      1.0,
      1.0,
      1.0,
      1.0,
      1.0,
      1.0,
      1.0,
      1.0,
      1.0,
      1.0,
      1.0,
      1.0,
      1.0,
      1.0,
      1.0,
      1.0,
      1.0,
      1.0,
      1.0,
      1.0,
      1.0,
      1.0,
      1.0,
      1.0,
      1.0,
      1.0,
      1.0,
      1.0,
      1.0,
      1.0
    ],
    "step": [
      0.0,
      1.0,
      2.0,
      3.0,
      4.0,
      5.0,
      6.0,
      7.0,
      8.0,
      9.0,
      10.0,
      11.0,
      12.0,
      13.0,
      14.0,
      15.0,
      16.0,
      17.0,
      18.0,
      19.0,
      20.0,
      21.0,
      22.0,
      23.0,
      24.0,
      25.0,
      26.0,
      27.0,
      28.0,
      29.0,
      30.0,
      31.0,
      32.0,
      33.0,
      34.0,
      35.0,
      36.0,
      37.0,
      38.0,
      39.0,
      40.0
    ],
    "phase": [
      "init",
      "qng",
      "qng",
      "qng",
      "qng",
      "qng",
      "qng",
      "qng",
      "qng",
      "qng",
      "qng",
      "qng",
      "qng",
      "qng",
      "qng",
      "qng",
      "qng",
      "qng",
      "qng",
      "qng",
      "qng",
      "qng",
      "qng",
      "qng",
      "qng",
      "qng",
      "qng",
      "qng",
      "qng",
      "qng",
      "qng",
      "qng",
      "qng",
      "qng",
      "qng",
      "qng",
      "qng",
      "qng",
      "qng",
      "qng",
      "qng"
    ],
    "wall_time": [
      0.0,
      2.521775007247925,
      4.527806043624878,
      6.533924102783203,
      8.535121202468872,
      10.626091957092285,
      12.534310102462769,
      14.396099090576172,
      16.563838005065918,
      18.41077709197998,
      20.65210223197937,
      22.71835422515869,
      24.576279163360596,
      26.701313972473145,
      28.833332061767578,
      30.847342014312744,
      33.008366107940674,
      35.031229972839355,
      37.030750036239624,
      38.88902497291565,
      40.92984127998352,
      42.848631143569946,
      45.18805289268494,
      47.114356994628906,
      49.1650869846344,
      51.24444222450256,
      53.24973201751709,
      55.294636964797974,
      57.30981802940369,
      59.20253586769104,
      61.217418909072876,
      63.3350191116333,
      65.35981106758118,
      67.45237398147583,
      69.4692029953003,
      71.52796792984009,
      73.72114419937134,
      75.85572910308838,
      78.03944492340088,
      80.0964879989624,
      82.41491198539734
    ],
    "func_evals": [
      544.0,
      1984.0,
      3424.0,
      4864.0,
      6304.0,
      7744.0,
      9184.0,
      10624.0,
      12064.0,
      13504.0,
      14944.0,
      16384.0,
      17824.0,
      19264.0,
      20704.0,
      22144.0,
      23584.0,
      25024.0,
      26464.0,
      27904.0,
      29344.0,
      30784.0,
      32224.0,
      33664.0,
      35104.0,
      36544.0,
      37984.0,
      39424.0,
      40864.0,
      42304.0,
      43744.0,
      45184.0,
      46624.0,
      48064.0,
      49504.0,
      50944.0,
      52384.0,
      53824.0,
      55264.0,
      56704.0,
      58144.0
    ],
    "grad_evals": [
      0.0,
      1.0,
      2.0,
      3.0,
      4.0,
      5.0,
      6.0,
      7.0,
      8.0,
      9.0,
      10.0,
      11.0,
      12.0,
      13.0,
      14.0,
      15.0,
      16.0,
      17.0,
      18.0,
      19.0,
      20.0,
      21.0,
      22.0,
      23.0,
      24.0,
      25.0,
      26.0,
      27.0,
      28.0,
      29.0,
      30.0,
      31.0,
      32.0,
      33.0,
      34.0,
      35.0,
      36.0,
      37.0,
      38.0,
      39.0,
      40.0
    ],
    "sample_forward_passes": [
      544.0,
      1536.0,
      2528.0,
      3520.0,
      4512.0,
      5504.0,
      6496.0,
      7488.0,
      8480.0,
      9472.0,
      10464.0,
      11456.0,
      12448.0,
      13440.0,
      14432.0,
      15424.0,
      16416.0,
      17408.0,
      18400.0,
      19392.0,
      20384.0,
      21376.0,
      22368.0,
      23360.0,
      24352.0,
      25344.0,
      26336.0,
      27328.0,
      28320.0,
      29312.0,
      30304.0,
      31296.0,
      32288.0,
      33280.0,
      34272.0,
      35264.0,
      36256.0,
      37248.0,
      38240.0,
      39232.0,
      40224.0
    ],
    "sample_backward_passes": [
      0.0,
      448.0,
      896.0,
      1344.0,
      1792.0,
      2240.0,
      2688.0,
      3136.0,
      3584.0,
      4032.0,
      4480.0,
      4928.0,
      5376.0,
      5824.0,
      6272.0,
      6720.0,
      7168.0,
      7616.0,
      8064.0,
      8512.0,
      8960.0,
      9408.0,
      9856.0,
      10304.0,
      10752.0,
      11200.0,
      11648.0,
      12096.0,
      12544.0,
      12992.0,
      13440.0,
      13888.0,
      14336.0,
      14784.0,
      15232.0,
      15680.0,
      16128.0,
      16576.0,
      17024.0,
      17472.0,
      17920.0
    ],