{
  "model_name": "parity_rot",
  "model_label": "Parity Rot classifier",
  "dataset": {
    "dataset": "parity_4bit",
    "test_fraction": 0.3,
    "repeats_per_bitstring": 20,
    "n_unique_bitstrings": 16,
    "label_values": [
      -1,
      1
    ]
  },
  "loss_function": "mse",
  "optimizer": "lbfgs",
  "seed": 2,
  "model_metadata": {
    "class": "ParityRotClassifierModel",
    "n_qubits": 4,
    "n_layers": 2,
    "n_params": 25,
    "n_quantum_params": 24,
    "n_weight_params": 1,
    "weights_shape": [
      2,
      4,
      3
    ]
  },
  "n_train": 224,
  "n_test": 96,
  "wall_time_total": 59.25069880485535,
  "final_loss": 6.772996010023136e-12,
  "final_train_acc": 1.0,
  "final_test_acc": 1.0,
  "total_cost_units": 46176,
  "total_steps": 46,
  "trace": {
    "loss": [
      2.053202863538705,
      2.053202863538705,
      2.6502742855049006,
      2.0497063927615895,
      2.044003759133,
      1.9852958607968678,
      1.5280581108036773,
      4.8746262105920835,
      1.4871832570552013,
      1.4852707448238047,
      19.5266750193476,
      1.4923254169942584,
      1.48349465962866,
      1.3927527565147126,
      1.1195921283273205,
      0.9298477879697621,
      0.7945912744244884,
      0.5646211017621142,
      0.49917978053402845,
      6.461361405333205,
      0.4753757414045157,
      0.30010635236341143,
      0.09780305115369005,
      0.03326621384969218,
      0.009800043537803864,
      0.0026931184821087075,
      0.0008632231614140778,
      0.0002752627374483153,
      8.847196395732248e-05,
      2.853488226832276e-05,
      9.245487763779923e-06,
      2.9985888652919775e-06,
      9.747724752126946e-07,
      3.201960984131577e-07,
      1.0193885772626447e-07,
      3.4127513019543975e-08,
      1.1558545164330845e-08,
      3.6801141104744744e-09,
      1.2430054875668466e-09,
      6.384975150861069e-10,
      2.0770580117789085e-10,
      7.744196788218053e-11,
      3.6326001198753113e-11,
      1.6176622054616953e-11,
      9.70112810244092e-12,
      7.510053152125153e-12,
      6.772996010023136e-12
    ],
    "train_acc": [
      0.48660714285714285,
      0.48660714285714285,
      0.5,
      0.48660714285714285,
      0.48660714285714285,
      0.48660714285714285,
      0.5,
      0.5,
      0.5,
      0.5,
      0.5,
      0.5,
      0.5,
      0.5,
      0.5,
      0.7678571428571429,
      0.7678571428571429,
      0.7678571428571429,
      0.7678571428571429,
      0.5,
      1.0,
      1.0,
      1.0,
      1.0,
      1.0,
      1.0,
      1.0,
      1.0,
      1.0,
      1.0,
      1.0,
      1.0,
      1.0,
      1.0,
      1.0,
      1.0,
      1.0,
      1.0,
      1.0,
      1.0,
      1.0,
      1.0,
      1.0,
      1.0,
      1.0,
      1.0,
      1.0
    ],
    "test_acc": [
      0.53125,
      0.53125,
      0.5,
      0.53125,
      0.53125,
      0.53125,
      0.5,
      0.5,
      0.5,
      0.5,
      0.5,
      0.5,
      0.5,
      0.5,
      0.5,
      0.7083333333333334,
      0.7083333333333334,
      0.7083333333333334,
      0.7083333333333334,
      0.5,
      1.0,
      1.0,
      1.0,
      1.0,
      1.0,
      1.0,
      1.0,
      1.0,
      1.0,
      1.0,
      1.0,
      1.0,
      1.0,
      1.0,
      1.0,
      1.0,
      1.0,
      1.0,
      1.0,
      1.0,
      1.0,
      1.0,
      1.0,
      1.0,
      1.0,
      1.0,
      1.0
    ],
    "step": [
      0.0,
      1.0,
      2.0,
      3.0,
      4.0,
      5.0,
      6.0,
      7.0,
      8.0,
      9.0,
      10.0,
      11.0,
      12.0,
      13.0,
      14.0,
      15.0,
      16.0,
      17.0,
      18.0,
      19.0,
      20.0,
      21.0,
      22.0,
      23.0,
      24.0,
      25.0,
      26.0,
      27.0,
      28.0,
      29.0,
      30.0,
      31.0,
      32.0,
      33.0,
      34.0,
      35.0,
      36.0,
      37.0,
      38.0,
      39.0,
      40.0,
      41.0,
      42.0,
      43.0,
      44.0,
      45.0,
      46.0
    ],
    "phase": [
      "init",
      "lbfgs",
      "lbfgs",
      "lbfgs",
      "lbfgs",
      "lbfgs",
      "lbfgs",
      "lbfgs",
      "lbfgs",
      "lbfgs",
      "lbfgs",
      "lbfgs",
      "lbfgs",
      "lbfgs",
      "lbfgs",
      "lbfgs",
      "lbfgs",
      "lbfgs",
      "lbfgs",
      "lbfgs",
      "lbfgs",
      "lbfgs",
      "lbfgs",
      "lbfgs",
      "lbfgs",
      "lbfgs",
      "lbfgs",
      "lbfgs",
      "lbfgs",
      "lbfgs",
      "lbfgs",
      "lbfgs",
      "lbfgs",
      "lbfgs",
      "lbfgs",
      "lbfgs",
      "lbfgs",
      "lbfgs",
      "lbfgs",
      "lbfgs",
      "lbfgs",
      "lbfgs",
      "lbfgs",
      "lbfgs",
      "lbfgs",
      "lbfgs",
      "lbfgs"
    ],
    "wall_time": [
      0.0,
      2.0380337238311768,
      3.267368793487549,
      4.492158889770508,
      5.714515924453735,
      7.043884038925171,
      8.263383865356445,
      9.504977703094482,
      10.731494903564453,
      12.044574975967407,
      13.282908916473389,
      14.607959985733032,
      15.991914987564087,
      17.212709665298462,
      18.428454875946045,
      19.727279901504517,
      20.9409499168396,
      22.16356086730957,
      23.392968893051147,
      24.703661918640137,
      25.935266971588135,
      27.17344880104065,
      28.489593982696533,
      29.707217693328857,
      31.005999088287354,
      32.222036838531494,
      33.45723485946655,
      34.68625092506409,
      35.993446826934814,
      37.21579694747925,
      38.42441010475159,
      39.748650789260864,
      41.09662985801697,
      42.420068979263306,
      43.647202014923096,
      44.887080907821655,
      46.21599102020264,
      47.6620728969574,
      48.909300804138184,
      50.140599966049194,
      51.55518889427185,
      52.809701681137085,
      54.0684700012207,
      55.42803502082825,
      56.64618897438049,
      57.951462745666504,
      59.25028991699219
    ],
    "func_evals": [
      544.0,
      1536.0,
      2528.0,
      3520.0,
      4512.0,
      5504.0,
      6496.0,
      7488.0,
      8480.0,
      9472.0,
      10464.0,
      11456.0,
      12448.0,
      13440.0,
      14432.0,
      15424.0,
      16416.0,
      17408.0,
      18400.0,
      19392.0,
      20384.0,
      21376.0,
      22368.0,
      23360.0,
      24352.0,
      25344.0,
      26336.0,
      27328.0,
      28320.0,
      29312.0,
      30304.0,
      31296.0,
      32288.0,
      33280.0,
      34272.0,
      35264.0,
      36256.0,
      37248.0,
      38240.0,
      39232.0,
      40224.0,
      41216.0,
      42208.0,
      43200.0,
      44192.0,
      45184.0,
      46176.0
    ],
    "grad_evals": [
      0.0,
      1.0,
      2.0,
      3.0,
      4.0,
      5.0,
      6.0,
      7.0,
      8.0,
      9.0,
      10.0,
      11.0,
      12.0,
      13.0,
      14.0,
      15.0,
      16.0,
      17.0,
      18.0,
      19.0,
      20.0,
      21.0,
      22.0,
      23.0,
      24.0,
      25.0,
      26.0,
      27.0,
      28.0,
      29.0,
      30.0,
      31.0,
      32.0,
      33.0,
      34.0,
      35.0,
      36.0,
      37.0,
      38.0,
      39.0,
      40.0,
      41.0,
      42.0,
      43.0,
      44.0,
      45.0,
      46.0
    ],
    "sample_forward_passes": [
      544.0,
      1312.0,
      2080.0,
      2848.0,
      3616.0,
      4384.0,
      5152.0,
      5920.0,
      6688.0,
      7456.0,
      8224.0,
      8992.0,
      9760.0,
      10528.0,
      11296.0,
      12064.0,
      12832.0,
      13600.0,
      14368.0,
      15136.0,
      15904.0,
      16672.0,
      17440.0,
      18208.0,
      18976.0,
      19744.0,
      20512.0,
      21280.0,
      22048.0,
      22816.0,
      23584.0,
      24352.0,
      25120.0,
      25888.0,
      26656.0,
      27424.0,
      28192.0,
      28960.0,
      29728.0,
      30496.0,
      31264.0,
      32032.0,
      32800.0,
      33568.0,
      34336.0,
      35104.0,
      35872.0
    ],