{
  "model_name": "parity_rot",
  "model_label": "Parity Rot classifier",
  "dataset": {
    "dataset": "parity_4bit",
    "test_fraction": 0.3,
    "repeats_per_bitstring": 20,
    "n_unique_bitstrings": 16,
    "label_values": [
      -1,
      1
    ]
  },
  "loss_function": "mse",
  "optimizer": "lbfgs",
  "seed": 3,
  "model_metadata": {
    "class": "ParityRotClassifierModel",
    "n_qubits": 4,
    "n_layers": 2,
    "n_params": 25,
    "n_quantum_params": 24,
    "n_weight_params": 1,
    "weights_shape": [
      2,
      4,
      3
    ]
  },
  "n_train": 224,
  "n_test": 96,
  "wall_time_total": 66.96013498306274,
  "final_loss": 5.9529400827253826e-12,
  "final_train_acc": 1.0,
  "final_test_acc": 1.0,
  "total_cost_units": 52128,
  "total_steps": 52,
  "trace": {
    "loss": [
      2.0529850749086576,
      2.0529850749086576,
      2.736249343052546,
      2.0376152680557937,
      2.0301183679069177,
      1.9535557829590338,
      1.3553980664536742,
      2.2619846961937813,
      1.2107973884593963,
      1.1010099327105431,
      2.5164045033704485,
      0.904791580928438,
      0.7892476147409422,
      0.22576635794025846,
      0.9729198260267703,
      0.10084407023239131,
      0.2702475886208865,
      0.02908818034289363,
      0.00110552751067761,
      0.0006869165558296952,
      0.00022627545332127045,
      8.603566791994669e-05,
      3.1628721804550737e-05,
      1.2836324895517723e-05,
      5.817492608395051e-06,
      3.1558389656818536e-06,
      2.1456080898612833e-06,
      1.8024126274727194e-06,
      1.674773369220841e-06,
      1.5369171884426215e-06,
      1.2439450010593265e-06,
      7.921913641613067e-07,
      3.690649707123757e-07,
      1.5252807577277877e-07,
      6.449563982956931e-08,
      2.8863322834980686e-08,
      2.192938632444169e-08,
      9.474504240634577e-09,
      5.6947693090122634e-09,
      4.018292422162209e-09,
      3.2092011584177925e-08,
      3.6169542089664522e-09,
      2.674624730875978e-09,
      2.002601306786744e-09,
      1.3451732497707548e-09,
      7.112873740757975e-10,
      3.141644429823787e-10,
      1.286051410817751e-10,
      5.3238100260864535e-11,
      2.4333498089167994e-11,
      1.3238396768332883e-11,
      8.402307338147816e-12,
      5.9529400827253826e-12
    ],
    "train_acc": [
      0.48660714285714285,
      0.48660714285714285,
      0.5,
      0.48660714285714285,
      0.48660714285714285,
      0.48660714285714285,
      0.48660714285714285,
      0.5,
      0.5,
      0.5,
      0.5,
      0.5089285714285714,
      0.7633928571428571,
      1.0,
      0.5,
      1.0,
      1.0,
      1.0,
      1.0,
      1.0,
      1.0,
      1.0,
      1.0,
      1.0,
      1.0,
      1.0,
      1.0,
      1.0,
      1.0,
      1.0,
      1.0,
      1.0,
      1.0,
      1.0,
      1.0,
      1.0,
      1.0,
      1.0,
      1.0,
      1.0,
      1.0,
      1.0,
      1.0,
      1.0,
      1.0,
      1.0,
      1.0,
      1.0,
      1.0,
      1.0,
      1.0,
      1.0,
      1.0
    ],
    "test_acc": [
      0.53125,
      0.53125,
      0.5,
      0.53125,
      0.53125,
      0.53125,
      0.53125,
      0.5,
      0.5,
      0.5,
      0.5,
      0.4791666666666667,
      0.71875,
      1.0,
      0.5,
      1.0,
      1.0,
      1.0,
      1.0,
      1.0,
      1.0,
      1.0,
      1.0,
      1.0,
      1.0,
      1.0,
      1.0,
      1.0,
      1.0,
      1.0,
      1.0,
      1.0,
      1.0,
      1.0,
      1.0,
      1.0,
      1.0,
      1.0,
      1.0,
      1.0,
      1.0,
      1.0,
      1.0,
      1.0,
      1.0,
      1.0,
      1.0,
      1.0,
      1.0,
      1.0,
      1.0,
      1.0,
      1.0
    ],
    "step": [
      0.0,
      1.0,
      2.0,
      3.0,
      4.0,
      5.0,
      6.0,
      7.0,
      8.0,
      9.0,
      10.0,
      11.0,
      12.0,
      13.0,
      14.0,
      15.0,
      16.0,
      17.0,
      18.0,
      19.0,
      20.0,
      21.0,
      22.0,
      23.0,
      24.0,
      25.0,
      26.0,
      27.0,
      28.0,
      29.0,
      30.0,
      31.0,
      32.0,
      33.0,
      34.0,
      35.0,
      36.0,
      37.0,
      38.0,
      39.0,
      40.0,
      41.0,
      42.0,
      43.0,
      44.0,
      45.0,
      46.0,
      47.0,
      48.0,
      49.0,
      50.0,
      51.0,
      52.0
    ],
    "phase": [
      "init",
      "lbfgs",
      "lbfgs",
      "lbfgs",
      "lbfgs",
      "lbfgs",
      "lbfgs",
      "lbfgs",
      "lbfgs",
      "lbfgs",
      "lbfgs",
      "lbfgs",
      "lbfgs",
      "lbfgs",
      "lbfgs",
      "lbfgs",
      "lbfgs",
      "lbfgs",
      "lbfgs",
      "lbfgs",
      "lbfgs",
      "lbfgs",
      "lbfgs",
      "lbfgs",
      "lbfgs",
      "lbfgs",
      "lbfgs",
      "lbfgs",
      "lbfgs",
      "lbfgs",
      "lbfgs",
      "lbfgs",
      "lbfgs",
      "lbfgs",
      "lbfgs",
      "lbfgs",
      "lbfgs",
      "lbfgs",
      "lbfgs",
      "lbfgs",
      "lbfgs",
      "lbfgs",
      "lbfgs",
      "lbfgs",
      "lbfgs",
      "lbfgs",
      "lbfgs",
      "lbfgs",
      "lbfgs",
      "lbfgs",
      "lbfgs",
      "lbfgs",
      "lbfgs"
    ],
    "wall_time": [
      0.0,
      1.9372799396514893,
      3.177891731262207,
      4.394953966140747,
      5.706195831298828,
      6.9301087856292725,
      8.166817665100098,
      9.424242973327637,
      10.747063875198364,
      11.997904777526855,
      13.218328714370728,
      14.596033811569214,
      15.828060865402222,
      17.193501949310303,
      18.432087659835815,
      19.645874977111816,
      20.939900875091553,
      22.173134803771973,
      23.352691888809204,
      24.69351887702942,
      25.996288061141968,
      27.21974778175354,
      28.516010999679565,
      29.74935293197632,
      30.95573878288269,
      32.16120672225952,
      33.46118974685669,
      34.86322784423828,
      36.072728872299194,
      37.28481388092041,
      38.50952768325806,
      39.82967281341553,
      41.054391860961914,
      42.678682804107666,
      43.918821811676025,
      45.1726348400116,
      46.469313859939575,
      47.70375990867615,
      49.070965051651,
      50.2958779335022,
      51.50973963737488,
      52.85987591743469,
      54.15495300292969,
      55.619723081588745,
      56.836989879608154,
      58.12322998046875,
      59.329179763793945,
      60.67731308937073,
      62.045867681503296,
      63.27163600921631,
      64.43870377540588,
      65.67076086997986,
      66.9597418308258
    ],
    "func_evals": [
      544.0,
      1536.0,
      2528.0,
      3520.0,
      4512.0,
      5504.0,
      6496.0,
      7488.0,
      8480.0,
      9472.0,
      10464.0,
      11456.0,
      12448.0,
      13440.0,
      14432.0,
      15424.0,
      16416.0,
      17408.0,
      18400.0,
      19392.0,
      20384.0,
      21376.0,
      22368.0,
      23360.0,
      24352.0,
      25344.0,
      26336.0,
      27328.0,
      28320.0,
      29312.0,
      30304.0,
      31296.0,
      32288.0,
      33280.0,
      34272.0,
      35264.0,
      36256.0,
      37248.0,
      38240.0,
      39232.0,
      40224.0,
      41216.0,
      42208.0,
      43200.0,
      44192.0,
      45184.0,
      46176.0,
      47168.0,
      48160.0,
      49152.0,
      50144.0,
      51136.0,
      52128.0
    ],
    "grad_evals": [
      0.0,
      1.0,
      2.0,
      3.0,
      4.0,
      5.0,
      6.0,
      7.0,
      8.0,
      9.0,
      10.0,
      11.0,
      12.0,
      13.0,
      14.0,
      15.0,
      16.0,
      17.0,
      18.0,
      19.0,
      20.0,
      21.0,
      22.0,
      23.0,
      24.0,
      25.0,
      26.0,
      27.0,
      28.0,
      29.0,
      30.0,
      31.0,
      32.0,
      33.0,
      34.0,
      35.0,
      36.0,
      37.0,
      38.0,
      39.0,
      40.0,
      41.0,
      42.0,
      43.0,
      44.0,
      45.0,
      46.0,
      47.0,
      48.0,
      49.0,
      50.0,
      51.0,
      52.0
    ],