{
  "model_name": "parity_rot",
  "model_label": "Parity Rot classifier",
  "dataset": {
    "dataset": "parity_4bit",
    "test_fraction": 0.3,
    "repeats_per_bitstring": 20,
    "n_unique_bitstrings": 16,
    "label_values": [
      -1,
      1
    ]
  },
  "loss_function": "mse",
  "optimizer": "krotov_hybrid",
  "seed": 3,
  "model_metadata": {
    "class": "ParityRotClassifierModel",
    "n_qubits": 4,
    "n_layers": 2,
    "n_params": 25,
    "n_quantum_params": 24,
    "n_weight_params": 1,
    "weights_shape": [
      2,
      4,
      3
    ]
  },
  "n_train": 224,
  "n_test": 96,
  "wall_time_total": 65.45214986801147,
  "final_loss": 3.380310487326651e-08,
  "final_train_acc": 1.0,
  "final_test_acc": 1.0,
  "total_cost_units": 49184,
  "total_steps": 40,
  "trace": {
    "loss": [
      2.0529850749086576,
      1.639481109717704e-05,
      3.7549252277395186e-06,
      1.6221540642266636e-06,
      8.997252055035502e-07,
      5.710212413978789e-07,
      3.9434697593886727e-07,
      2.8858372838137614e-07,
      2.2029650637340874e-07,
      1.736643419349618e-07,
      1.4041267098127125e-07,
      1.1587169747222025e-07,
      9.724465982137075e-08,
      8.277327407999309e-08,
      7.130750374278876e-08,
      6.206913654008035e-08,
      5.451648100720105e-08,
      4.826299506442284e-08,
      4.3026956742334505e-08,
      3.8599008224457434e-08,
      3.482106523133328e-08,
      3.4769081410372965e-08,
      3.471721393395832e-08,
      3.466546245480799e-08,
      3.4613826627589924e-08,
      3.456230610745153e-08,
      3.4510900551669314e-08,
      3.445960961842214e-08,
      3.440843296687353e-08,
      3.4357370257674947e-08,
      3.4306421152954445e-08,
      3.425558531650058e-08,
      3.420486241158368e-08,
      3.4154252105047197e-08,
      3.4103754062782294e-08,
      3.405336795355609e-08,
      3.4003093446728164e-08,
      3.395293021307798e-08,
      3.390287792390015e-08,
      3.385293625240799e-08,
      3.380310487326651e-08
    ],
    "train_acc": [
      0.48660714285714285,
      1.0,
      1.0,
      1.0,
      1.0,
      1.0,
      1.0,
      1.0,
      1.0,
      1.0,
      1.0,
      1.0,
      1.0,
      1.0,
      1.0,
      1.0,
      1.0,
      1.0,
      1.0,
      1.0,
      1.0,
      1.0,
      1.0,
      1.0,
      1.0,
      1.0,
      1.0,
      1.0,
      1.0,
      1.0,
      1.0,
      1.0,
      1.0,
      1.0,
      1.0,
      1.0,
      1.0,
      1.0,
      1.0,
      1.0,
      1.0
    ],
    "test_acc": [
      0.53125,
      1.0,
      1.0,
      1.0,
      1.0,
      1.0,
      1.0,
      1.0,
      1.0,
      1.0,
      1.0,
      1.0,
      1.0,
      1.0,
      1.0,
      1.0,
      1.0,
      1.0,
      1.0,
      1.0,
      1.0,
      1.0,
      1.0,
      1.0,
      1.0,
      1.0,
      1.0,
      1.0,
      1.0,
      1.0,
      1.0,
      1.0,
      1.0,
      1.0,
      1.0,
      1.0,
      1.0,
      1.0,
      1.0,
      1.0,
      1.0
    ],
    "step": [
      0.0,
      1.0,
      2.0,
      3.0,
      4.0,
      5.0,
      6.0,
      7.0,
      8.0,
      9.0,
      10.0,
      11.0,
      12.0,
      13.0,
      14.0,
      15.0,
      16.0,
      17.0,
      18.0,
      19.0,
      20.0,
      21.0,
      22.0,
      23.0,
      24.0,
      25.0,
      26.0,
      27.0,
      28.0,
      29.0,
      30.0,
      31.0,
      32.0,
      33.0,
      34.0,
      35.0,
      36.0,
      37.0,
      38.0,
      39.0,
      40.0
    ],
    "phase": [
      "init",
      "online",
      "online",
      "online",
      "online",
      "online",
      "online",
      "online",
      "online",
      "online",
      "online",
      "online",
      "online",
      "online",
      "online",
      "online",
      "online",
      "online",
      "online",
      "online",
      "online",
      "batch",
      "batch",
      "batch",
      "batch",
      "batch",
      "batch",
      "batch",
      "batch",
      "batch",
      "batch",
      "batch",
      "batch",
      "batch",
      "batch",
      "batch",
      "batch",
      "batch",
      "batch",
      "batch",
      "batch"
    ],
    "wall_time": [
      0.0,
      2.4473369121551514,
      4.085000991821289,
      5.721930027008057,
      7.503641843795776,
      9.246811866760254,
      11.003707885742188,
      12.641709804534912,
      14.385781049728394,
      16.180654764175415,
      17.8697190284729,
      19.594693899154663,
      21.34980297088623,
      23.17323088645935,
      24.929176807403564,
      26.62137508392334,
      28.34366798400879,
      30.113545894622803,
      31.74988603591919,
      33.52647399902344,
      35.28075194358826,
      36.70106911659241,
      38.25614809989929,
      39.69931197166443,
      41.12796497344971,
      42.6886830329895,
      44.18472695350647,
      45.757773876190186,
      47.16767501831055,
      48.57777285575867,
      50.122299909591675,
      51.79305386543274,
      53.40874695777893,
      54.952094078063965,
      56.54674792289734,
      57.95781588554382,
      59.36359405517578,
      60.84952402114868,
      62.32334804534912,
      63.92859601974487,
      65.45200276374817
    ],
    "func_evals": [
      544.0,
      1760.0,
      2976.0,
      4192.0,
      5408.0,
      6624.0,
      7840.0,
      9056.0,
      10272.0,
      11488.0,
      12704.0,
      13920.0,
      15136.0,
      16352.0,
      17568.0,
      18784.0,
      20000.0,
      21216.0,
      22432.0,
      23648.0,
      24864.0,
      26080.0,
      27296.0,
      28512.0,
      29728.0,
      30944.0,
      32160.0,
      33376.0,
      34592.0,
      35808.0,
      37024.0,
      38240.0,
      39456.0,
      40672.0,
      41888.0,
      43104.0,
      44320.0,
      45536.0,
      46752.0,
      47968.0,
      49184.0
    ],
    "grad_evals": [
      0.0,
      225.0,
      450.0,
      675.0,
      900.0,
      1125.0,
      1350.0,
      1575.0,
      1800.0,
      2025.0,
      2250.0,
      2475.0,
      2700.0,
      2925.0,
      3150.0,
      3375.0,
      3600.0,
      3825.0,
      4050.0,
      4275.0,
      4500.0,
      4502.0,
      4504.0,
      4506.0,
      4508.0,
      4510.0,
      4512.0,
      4514.0,
      4516.0,
      4518.0,
      4520.0,
      4522.0,
      4524.0,
      4526.0,
      4528.0,
      4530.0,
      4532.0,
      4534.0,
      4536.0,
      4538.0,
      4540.0
    ],
    "sample_forward_passes": [
      544.0,
      1536.0,
      2528.0,
      3520.0,
      4512.0,
      5504.0,
      6496.0,
      7488.0,
      8480.0,
      9472.0,
      10464.0,
      11456.0,
      12448.0,
      13440.0,
      14432.0,
      15424.0,
      16416.0,
      17408.0,
      18400.0,
      19392.0,
      20384.0,
      21376.0,
      22368.0,
      23360.0,
      24352.0,
      25344.0,
      26336.0,
      27328.0,
      28320.0,
      29312.0,
      30304.0,
      31296.0,
      32288.0,
      33280.0,
      34272.0,
      35264.0,
      36256.0,
      37248.0,
      38240.0,
      39232.0,
      40224.0
    ],
    "sample_backward_passes": [
      0.0,
      224.0,
      448.0,
      672.0,
      896.0,
      1120.0,
      1344.0,
      1568.0,
      1792.0,
      2016.0,
      2240.0,
      2464.0,
      2688.0,
      2912.0,
      3136.0,
      3360.0,
      3584.0,
      3808.0,
      4032.0,
      4256.0,
      4480.0,
      4704.0,
      4928.0,
      5152.0,
      5376.0,
      5600.0,
      5824.0,
      6048.0,
      6272.0,
      6496.0,
      6720.0,
      6944.0,
      7168.0,
      7392.0,
      7616.0,
      7840.0,
      8064.0,
      8288.0,
      8512.0,
      8736.0,
      8960.0
    ],