{
  "model_name": "parity_rot",
  "model_label": "Parity Rot classifier",
  "dataset": {
    "dataset": "parity_4bit",
    "test_fraction": 0.3,
    "repeats_per_bitstring": 20,
    "n_unique_bitstrings": 16,
    "label_values": [
      -1,
      1
    ]
  },
  "loss_function": "mse",
  "optimizer": "qng",
  "seed": 2,
  "model_metadata": {
    "class": "ParityRotClassifierModel",
    "n_qubits": 4,
    "n_layers": 2,
    "n_params": 25,
    "n_quantum_params": 24,
    "n_weight_params": 1,
    "weights_shape": [
      2,
      4,
      3
    ]
  },
  "n_train": 224,
  "n_test": 96,
  "wall_time_total": 80.27103209495544,
  "final_loss": 1.043646707855915e-05,
  "final_train_acc": 1.0,
  "final_test_acc": 1.0,
  "total_cost_units": 58144,
  "total_steps": 40,
  "trace": {
    "loss": [
      2.053202863538705,
      2.0425989603605923,
      1.8497194411428342,
      1.0460093915840054,
      0.7565271551450764,
      0.0013956241831760727,
      0.0007313191855974978,
      0.00047575002322271085,
      0.0003371164684647308,
      0.00025257764470167494,
      0.00019687704913866263,
      0.00015808309707643025,
      0.00012990675447664834,
      0.00010875713860858205,
      9.245426053976799e-05,
      7.960861407891707e-05,
      6.929865972413799e-05,
      6.0892679072850576e-05,
      5.3945340323175036e-05,
      4.813507713983312e-05,
      4.3224801735865846e-05,
      3.9036487824564655e-05,
      3.543427986699099e-05,
      3.231300017893819e-05,
      2.9590163182645252e-05,
      2.720032156172547e-05,
      2.509099528778025e-05,
      2.3219695287846902e-05,
      2.1551717001693997e-05,
      2.0058483809318068e-05,
      1.8716288746218482e-05,
      1.7505328457987774e-05,
      1.6408954148458613e-05,
      1.541308543189134e-05,
      1.450574773652825e-05,
      1.3676704306699292e-05,
      1.291716127935781e-05,
      1.2219529677299908e-05,
      1.157723207901118e-05,
      1.0984544613582708e-05,
      1.043646707855915e-05
    ],
    "train_acc": [
      0.48660714285714285,
      0.48660714285714285,
      0.48660714285714285,
      0.5133928571428571,
      0.48660714285714285,
      1.0,
      1.0,
      1.0,
      1.0,
      1.0,
      1.0,
      1.0,
      1.0,
      1.0,
      1.0,
      1.0,
      1.0,
      1.0,
      1.0,
      1.0,
      1.0,
      1.0,
      1.0,
      1.0,
      1.0,
      1.0,
      1.0,
      1.0,
      1.0,
      1.0,
      1.0,
      1.0,
      1.0,
      1.0,
      1.0,
      1.0,
      1.0,
      1.0,
      1.0,
      1.0,
      1.0
    ],
    "test_acc": [
      0.53125,
      0.53125,
      0.53125,
      0.46875,
      0.53125,
      1.0,
      1.0,
      1.0,
      1.0,
      1.0,
      1.0,
      1.0,
      1.0,
      1.0,
      1.0,
      1.0,
      1.0,
      1.0,
      1.0,
      1.0,
      1.0,
      1.0,
      1.0,
      1.0,
      1.0,
      1.0,
      1.0,
      1.0,
      1.0,
      1.0,
      1.0,
      1.0,
      1.0,
      1.0,
      1.0,
      1.0,
      1.0,
      1.0,
      1.0,
      1.0,
      1.0
    ],
    "step": [
      0.0,
      1.0,
      2.0,
      3.0,
      4.0,
      5.0,
      6.0,
      7.0,
      8.0,
      9.0,
      10.0,
      11.0,
      12.0,
      13.0,
      14.0,
      15.0,
      16.0,
      17.0,
      18.0,
      19.0,
      20.0,
      21.0,
      22.0,
      23.0,
      24.0,
      25.0,
      26.0,
      27.0,
      28.0,
      29.0,
      30.0,
      31.0,
      32.0,
      33.0,
      34.0,
      35.0,
      36.0,
      37.0,
      38.0,
      39.0,
      40.0
    ],
    "phase": [
      "init",
      "qng",
      "qng",
      "qng",
      "qng",
      "qng",
      "qng",
      "qng",
      "qng",
      "qng",
      "qng",
      "qng",
      "qng",
      "qng",
      "qng",
      "qng",
      "qng",
      "qng",
      "qng",
      "qng",
      "qng",
      "qng",
      "qng",
      "qng",
      "qng",
      "qng",
      "qng",
      "qng",
      "qng",
      "qng",
      "qng",
      "qng",
      "qng",
      "qng",
      "qng",
      "qng",
      "qng",
      "qng",
      "qng",
      "qng",
      "qng"
    ],
    "wall_time": [
      0.0,
      2.635629177093506,
      4.68160605430603,
      6.546128034591675,
      8.541505098342896,
      10.404697179794312,
      12.39690089225769,
      14.351068019866943,
      16.37547016143799,
      18.223751068115234,
      20.242488145828247,
      22.268666982650757,
      24.116868257522583,
      26.040415048599243,
      28.041234970092773,
      30.049803018569946,
      31.898903131484985,
      33.90821719169617,
      35.79627203941345,
      37.73388385772705,
      39.75130009651184,
      41.71789503097534,
      44.00340723991394,
      46.666236877441406,
      48.536596059799194,
      50.58664917945862,
      52.544780015945435,
      54.549827098846436,
      56.584985971450806,
      58.55755591392517,
      60.55776309967041,
      62.663330078125,
      64.67763614654541,
      66.61635303497314,
      68.50589609146118,
      70.48060917854309,
      72.31882286071777,
      74.33530807495117,
      76.2245500087738,
      78.23077821731567,
      80.2708489894867
    ],
    "func_evals": [
      544.0,
      1984.0,
      3424.0,
      4864.0,
      6304.0,
      7744.0,
      9184.0,
      10624.0,
      12064.0,
      13504.0,
      14944.0,
      16384.0,
      17824.0,
      19264.0,
      20704.0,
      22144.0,
      23584.0,
      25024.0,
      26464.0,
      27904.0,
      29344.0,
      30784.0,
      32224.0,
      33664.0,
      35104.0,
      36544.0,
      37984.0,
      39424.0,
      40864.0,
      42304.0,
      43744.0,
      45184.0,
      46624.0,
      48064.0,
      49504.0,
      50944.0,
      52384.0,
      53824.0,
      55264.0,
      56704.0,
      58144.0
    ],
    "grad_evals": [
      0.0,
      1.0,
      2.0,
      3.0,
      4.0,
      5.0,
      6.0,
      7.0,
      8.0,
      9.0,
      10.0,
      11.0,
      12.0,
      13.0,
      14.0,
      15.0,
      16.0,
      17.0,
      18.0,
      19.0,
      20.0,
      21.0,
      22.0,
      23.0,
      24.0,
      25.0,
      26.0,
      27.0,
      28.0,
      29.0,
      30.0,
      31.0,
      32.0,
      33.0,
      34.0,
      35.0,
      36.0,
      37.0,
      38.0,
      39.0,
      40.0
    ],
    "sample_forward_passes": [
      544.0,
      1536.0,
      2528.0,
      3520.0,
      4512.0,
      5504.0,
      6496.0,
      7488.0,
      8480.0,
      9472.0,
      10464.0,
      11456.0,
      12448.0,
      13440.0,
      14432.0,
      15424.0,
      16416.0,
      17408.0,
      18400.0,
      19392.0,
      20384.0,
      21376.0,
      22368.0,
      23360.0,
      24352.0,
      25344.0,
      26336.0,
      27328.0,
      28320.0,
      29312.0,
      30304.0,
      31296.0,
      32288.0,
      33280.0,
      34272.0,
      35264.0,
      36256.0,
      37248.0,
      38240.0,
      39232.0,
      40224.0
    ],
    "sample_backward_passes": [
      0.0,
      448.0,
      896.0,
      1344.0,
      1792.0,
      2240.0,
      2688.0,
      3136.0,
      3584.0,
      4032.0,
      4480.0,
      4928.0,
      5376.0,
      5824.0,
      6272.0,
      6720.0,
      7168.0,
      7616.0,
      8064.0,
      8512.0,
      8960.0,
      9408.0,
      9856.0,
      10304.0,
      10752.0,
      11200.0,
      11648.0,
      12096.0,
      12544.0,
      12992.0,
      13440.0,
      13888.0,
      14336.0,
      14784.0,
      15232.0,
      15680.0,
      16128.0,
      16576.0,
      17024.0,
      17472.0,
      17920.0
    ],