{
  "model_name": "parity_rot",
  "model_label": "Parity Rot classifier",
  "dataset": {
    "dataset": "parity_4bit",
    "test_fraction": 0.3,
    "repeats_per_bitstring": 20,
    "n_unique_bitstrings": 16,
    "label_values": [
      -1,
      1
    ]
  },
  "loss_function": "mse",
  "optimizer": "lbfgs",
  "seed": 0,
  "model_metadata": {
    "class": "ParityRotClassifierModel",
    "n_qubits": 4,
    "n_layers": 2,
    "n_params": 25,
    "n_quantum_params": 24,
    "n_weight_params": 1,
    "weights_shape": [
      2,
      4,
      3
    ]
  },
  "n_train": 224,
  "n_test": 96,
  "wall_time_total": 58.18935513496399,
  "final_loss": 1.0972183045563086e-10,
  "final_train_acc": 1.0,
  "final_test_acc": 1.0,
  "total_cost_units": 45184,
  "total_steps": 45,
  "trace": {
    "loss": [
      2.1063657997516247,
      2.1063657997516247,
      2.296492852125293,
      2.0963445804681315,
      2.0710552164541753,
      2.1559752631093074,
      2.0362347142898654,
      22.34247762174752,
      2.0303881297036552,
      1.985332336111316,
      1.9071047268185841,
      1.603229834716762,
      1.1887205577132103,
      0.9644256779152212,
      0.8095305864435887,
      4.547647338658075,
      0.6800501005551576,
      0.48164540619812835,
      0.26674942840329763,
      0.037455210133636965,
      0.011694678836307803,
      0.003243225024938935,
      0.001028305199869706,
      0.0003274795007449992,
      0.00010685971023811737,
      3.487796738982141e-05,
      1.1686269758407474e-05,
      4.160148919783826e-06,
      1.595443526954737e-06,
      7.335555309571436e-07,
      3.6502126975420996e-07,
      2.6037292471617765e-07,
      2.268948553232598e-07,
      2.152276450376053e-07,
      5.226684370465629e-07,
      1.9421869260497276e-07,
      1.6018971668960087e-07,
      7.619389412509987e-08,
      5.0827373925059735e-08,
      4.302785028675919e-08,
      2.8985200690947965e-08,
      7.03089260128835e-09,
      2.5331081034916075e-09,
      8.885049313858892e-10,
      3.120098220112193e-10,
      1.0972183045563086e-10
    ],
    "train_acc": [
      0.4732142857142857,
      0.4732142857142857,
      0.4732142857142857,
      0.4732142857142857,
      0.4732142857142857,
      0.5,
      0.4732142857142857,
      0.5,
      0.4732142857142857,
      0.4732142857142857,
      0.5,
      0.5,
      0.4732142857142857,
      0.4732142857142857,
      0.75,
      0.5,
      0.75,
      0.75,
      1.0,
      1.0,
      1.0,
      1.0,
      1.0,
      1.0,
      1.0,
      1.0,
      1.0,
      1.0,
      1.0,
      1.0,
      1.0,
      1.0,
      1.0,
      1.0,
      1.0,
      1.0,
      1.0,
      1.0,
      1.0,
      1.0,
      1.0,
      1.0,
      1.0,
      1.0,
      1.0,
      1.0
    ],
    "test_acc": [
      0.5625,
      0.5625,
      0.5625,
      0.5625,
      0.5625,
      0.5,
      0.5625,
      0.5,
      0.5625,
      0.5625,
      0.5,
      0.5,
      0.5625,
      0.5625,
      0.75,
      0.5,
      0.75,
      0.75,
      1.0,
      1.0,
      1.0,
      1.0,
      1.0,
      1.0,
      1.0,
      1.0,
      1.0,
      1.0,
      1.0,
      1.0,
      1.0,
      1.0,
      1.0,
      1.0,
      1.0,
      1.0,
      1.0,
      1.0,
      1.0,
      1.0,
      1.0,
      1.0,
      1.0,
      1.0,
      1.0,
      1.0
    ],
    "step": [
      0.0,
      1.0,
      2.0,
      3.0,
      4.0,
      5.0,
      6.0,
      7.0,
      8.0,
      9.0,
      10.0,
      11.0,
      12.0,
      13.0,
      14.0,
      15.0,
      16.0,
      17.0,
      18.0,
      19.0,
      20.0,
      21.0,
      22.0,
      23.0,
      24.0,
      25.0,
      26.0,
      27.0,
      28.0,
      29.0,
      30.0,
      31.0,
      32.0,
      33.0,
      34.0,
      35.0,
      36.0,
      37.0,
      38.0,
      39.0,
      40.0,
      41.0,
      42.0,
      43.0,
      44.0,
      45.0
    ],
    "phase": [
      "init",
      "lbfgs",
      "lbfgs",
      "lbfgs",
      "lbfgs",
      "lbfgs",
      "lbfgs",
      "lbfgs",
      "lbfgs",
      "lbfgs",
      "lbfgs",
      "lbfgs",
      "lbfgs",
      "lbfgs",
      "lbfgs",
      "lbfgs",
      "lbfgs",
      "lbfgs",
      "lbfgs",
      "lbfgs",
      "lbfgs",
      "lbfgs",
      "lbfgs",
      "lbfgs",
      "lbfgs",
      "lbfgs",
      "lbfgs",
      "lbfgs",
      "lbfgs",
      "lbfgs",
      "lbfgs",
      "lbfgs",
      "lbfgs",
      "lbfgs",
      "lbfgs",
      "lbfgs",
      "lbfgs",
      "lbfgs",
      "lbfgs",
      "lbfgs",
      "lbfgs",
      "lbfgs",
      "lbfgs",
      "lbfgs",
      "lbfgs",
      "lbfgs"
    ],
    "wall_time": [
      0.0,
      1.7339849472045898,
      3.0353899002075195,
      4.319052696228027,
      5.631991624832153,
      6.858238935470581,
      8.199471712112427,
      9.411182641983032,
      10.6970796585083,
      11.913820743560791,
      13.20128083229065,
      14.5135018825531,
      15.812856674194336,
      17.02266764640808,
      18.256268739700317,
      19.5740909576416,
      20.797005653381348,
      22.184571743011475,
      23.46017098426819,
      24.79743981361389,
      26.030300855636597,
      27.370186805725098,
      28.580817699432373,
      29.793163776397705,
      31.082629680633545,
      32.30211877822876,
      33.66587281227112,
      34.98511791229248,
      36.19165062904358,
      37.411213636398315,
      38.701985597610474,
      39.93758177757263,
      41.39703679084778,
      42.73797559738159,
      44.020049810409546,
      45.37522888183594,
      46.6018009185791,
      47.80909776687622,
      49.217917919158936,
      50.46149969100952,
      51.78272485733032,
      53.02441382408142,
      54.36864876747131,
      55.58544874191284,
      56.889620780944824,
      58.188480854034424
    ],
    "func_evals": [
      544.0,
      1536.0,
      2528.0,
      3520.0,
      4512.0,
      5504.0,
      6496.0,
      7488.0,
      8480.0,
      9472.0,
      10464.0,
      11456.0,
      12448.0,
      13440.0,
      14432.0,
      15424.0,
      16416.0,
      17408.0,
      18400.0,
      19392.0,
      20384.0,
      21376.0,
      22368.0,
      23360.0,
      24352.0,
      25344.0,
      26336.0,
      27328.0,
      28320.0,
      29312.0,
      30304.0,
      31296.0,
      32288.0,
      33280.0,
      34272.0,
      35264.0,
      36256.0,
      37248.0,
      38240.0,
      39232.0,
      40224.0,
      41216.0,
      42208.0,
      43200.0,
      44192.0,
      45184.0
    ],
    "grad_evals": [
      0.0,
      1.0,
      2.0,
      3.0,
      4.0,
      5.0,
      6.0,
      7.0,
      8.0,
      9.0,
      10.0,
      11.0,
      12.0,
      13.0,
      14.0,
      15.0,
      16.0,
      17.0,
      18.0,
      19.0,
      20.0,
      21.0,
      22.0,
      23.0,
      24.0,
      25.0,
      26.0,
      27.0,
      28.0,
      29.0,
      30.0,
      31.0,
      32.0,
      33.0,
      34.0,
      35.0,
      36.0,
      37.0,
      38.0,
      39.0,
      40.0,
      41.0,
      42.0,
      43.0,
      44.0,
      45.0
    ],
    "sample_forward_passes": [
      544.0,
      1312.0,
      2080.0,
      2848.0,
      3616.0,
      4384.0,
      5152.0,
      5920.0,
      6688.0,
      7456.0,
      8224.0,
      8992.0,
      9760.0,
      10528.0,
      11296.0,
      12064.0,
      12832.0,
      13600.0,
      14368.0,
      15136.0,
      15904.0,
      16672.0,
      17440.0,
      18208.0,
      18976.0,
      19744.0,
      20512.0,
      21280.0,
      22048.0,
      22816.0,
      23584.0,
      24352.0,
      25120.0,
      25888.0,
      26656.0,
      27424.0,
      28192.0,
      28960.0,
      29728.0,
      30496.0,
      31264.0,
      32032.0,
      32800.0,
      33568.0,
      34336.0,
      35104.0
    ],