{
  "model_name": "parity_rot",
  "model_label": "Parity Rot classifier",
  "dataset": {
    "dataset": "parity_4bit",
    "test_fraction": 0.3,
    "repeats_per_bitstring": 20,
    "n_unique_bitstrings": 16,
    "label_values": [
      -1,
      1
    ]
  },
  "loss_function": "mse",
  "optimizer": "krotov_hybrid",
  "seed": 4,
  "model_metadata": {
    "class": "ParityRotClassifierModel",
    "n_qubits": 4,
    "n_layers": 2,
    "n_params": 25,
    "n_quantum_params": 24,
    "n_weight_params": 1,
    "weights_shape": [
      2,
      4,
      3
    ]
  },
  "n_train": 224,
  "n_test": 96,
  "wall_time_total": 65.65379810333252,
  "final_loss": 3.3833721553454846e-08,
  "final_train_acc": 1.0,
  "final_test_acc": 1.0,
  "total_cost_units": 49184,
  "total_steps": 40,
  "trace": {
    "loss": [
      2.0713039165012637,
      1.599462157394202e-05,
      3.7167934631131118e-06,
      1.6127532885228245e-06,
      8.964145554024658e-07,
      5.696349163934916e-07,
      3.937058813675876e-07,
      2.88275882267083e-07,
      2.201522753784549e-07,
      1.7360501001571734e-07,
      1.4039871651913846e-07,
      1.1588248626353734e-07,
      9.72689991001947e-08,
      8.280488224566236e-08,
      7.134254795675183e-08,
      6.210545754918355e-08,
      5.4552723868653304e-08,
      4.8298429027496166e-08,
      4.306111344103777e-08,
      3.8631695818199076e-08,
      3.4852160209980584e-08,
      3.48001524968924e-08,
      3.47482611250425e-08,
      3.4696485746707315e-08,
      3.46448260171859e-08,
      3.4593281592182754e-08,
      3.454185212866037e-08,
      3.449053728464089e-08,
      3.443933672028378e-08,
      3.4388250096334344e-08,
      3.433727707475866e-08,
      3.428641731902455e-08,
      3.4235670493915013e-08,
      3.4185036265099074e-08,
      3.41345142998026e-08,
      3.408410426634809e-08,
      3.403380583410366e-08,
      3.398361867427291e-08,
      3.393354245832325e-08,
      3.3883576860094935e-08,
      3.3833721553454846e-08
    ],
    "train_acc": [
      0.48214285714285715,
      1.0,
      1.0,
      1.0,
      1.0,
      1.0,
      1.0,
      1.0,
      1.0,
      1.0,
      1.0,
      1.0,
      1.0,
      1.0,
      1.0,
      1.0,
      1.0,
      1.0,
      1.0,
      1.0,
      1.0,
      1.0,
      1.0,
      1.0,
      1.0,
      1.0,
      1.0,
      1.0,
      1.0,
      1.0,
      1.0,
      1.0,
      1.0,
      1.0,
      1.0,
      1.0,
      1.0,
      1.0,
      1.0,
      1.0,
      1.0
    ],
    "test_acc": [
      0.5416666666666666,
      1.0,
      1.0,
      1.0,
      1.0,
      1.0,
      1.0,
      1.0,
      1.0,
      1.0,
      1.0,
      1.0,
      1.0,
      1.0,
      1.0,
      1.0,
      1.0,
      1.0,
      1.0,
      1.0,
      1.0,
      1.0,
      1.0,
      1.0,
      1.0,
      1.0,
      1.0,
      1.0,
      1.0,
      1.0,
      1.0,
      1.0,
      1.0,
      1.0,
      1.0,
      1.0,
      1.0,
      1.0,
      1.0,
      1.0,
      1.0
    ],
    "step": [
      0.0,
      1.0,
      2.0,
      3.0,
      4.0,
      5.0,
      6.0,
      7.0,
      8.0,
      9.0,
      10.0,
      11.0,
      12.0,
      13.0,
      14.0,
      15.0,
      16.0,
      17.0,
      18.0,
      19.0,
      20.0,
      21.0,
      22.0,
      23.0,
      24.0,
      25.0,
      26.0,
      27.0,
      28.0,
      29.0,
      30.0,
      31.0,
      32.0,
      33.0,
      34.0,
      35.0,
      36.0,
      37.0,
      38.0,
      39.0,
      40.0
    ],
    "phase": [
      "init",
      "online",
      "online",
      "online",
      "online",
      "online",
      "online",
      "online",
      "online",
      "online",
      "online",
      "online",
      "online",
      "online",
      "online",
      "online",
      "online",
      "online",
      "online",
      "online",
      "online",
      "batch",
      "batch",
      "batch",
      "batch",
      "batch",
      "batch",
      "batch",
      "batch",
      "batch",
      "batch",
      "batch",
      "batch",
      "batch",
      "batch",
      "batch",
      "batch",
      "batch",
      "batch",
      "batch",
      "batch"
    ],
    "wall_time": [
      0.0,
      2.2186388969421387,
      4.001109838485718,
      5.789912939071655,
      7.59273886680603,
      9.2274808883667,
      10.90789794921875,
      12.638458013534546,
      14.410808086395264,
      16.19388508796692,
      17.879899978637695,
      19.706161975860596,
      21.63418197631836,
      23.26407289505005,
      25.05021572113037,
      26.812196016311646,
      28.57206106185913,
      30.330686807632446,
      32.1347758769989,
      33.81673312187195,
      35.4880690574646,
      37.01388692855835,
      38.59500479698181,
      40.15133595466614,
      41.72420907020569,
      43.28416705131531,
      44.83699297904968,
      46.38973879814148,
      47.95293092727661,
      49.3782639503479,
      50.93527889251709,
      52.4747200012207,
      53.886358976364136,
      55.43453884124756,
      56.9141149520874,
      58.33773398399353,
      59.8616681098938,
      61.27639293670654,
      62.733208894729614,
      64.2303569316864,
      65.65364193916321
    ],
    "func_evals": [
      544.0,
      1760.0,
      2976.0,
      4192.0,
      5408.0,
      6624.0,
      7840.0,
      9056.0,
      10272.0,
      11488.0,
      12704.0,
      13920.0,
      15136.0,
      16352.0,
      17568.0,
      18784.0,
      20000.0,
      21216.0,
      22432.0,
      23648.0,
      24864.0,
      26080.0,
      27296.0,
      28512.0,
      29728.0,
      30944.0,
      32160.0,
      33376.0,
      34592.0,
      35808.0,
      37024.0,
      38240.0,
      39456.0,
      40672.0,
      41888.0,
      43104.0,
      44320.0,
      45536.0,
      46752.0,
      47968.0,
      49184.0
    ],
    "grad_evals": [
      0.0,
      225.0,
      450.0,
      675.0,
      900.0,
      1125.0,
      1350.0,
      1575.0,
      1800.0,
      2025.0,
      2250.0,
      2475.0,
      2700.0,
      2925.0,
      3150.0,
      3375.0,
      3600.0,
      3825.0,
      4050.0,
      4275.0,
      4500.0,
      4502.0,
      4504.0,
      4506.0,
      4508.0,
      4510.0,
      4512.0,
      4514.0,
      4516.0,
      4518.0,
      4520.0,
      4522.0,
      4524.0,
      4526.0,
      4528.0,
      4530.0,
      4532.0,
      4534.0,
      4536.0,
      4538.0,
      4540.0
    ],
    "sample_forward_passes": [
      544.0,
      1536.0,
      2528.0,
      3520.0,
      4512.0,
      5504.0,
      6496.0,
      7488.0,
      8480.0,
      9472.0,
      10464.0,
      11456.0,
      12448.0,
      13440.0,
      14432.0,
      15424.0,
      16416.0,
      17408.0,
      18400.0,
      19392.0,
      20384.0,
      21376.0,
      22368.0,
      23360.0,
      24352.0,
      25344.0,
      26336.0,
      27328.0,
      28320.0,
      29312.0,
      30304.0,
      31296.0,
      32288.0,
      33280.0,
      34272.0,
      35264.0,
      36256.0,
      37248.0,
      38240.0,
      39232.0,
      40224.0
    ],
    "sample_backward_passes": [
      0.0,
      224.0,
      448.0,
      672.0,
      896.0,
      1120.0,
      1344.0,
      1568.0,
      1792.0,
      2016.0,
      2240.0,
      2464.0,
      2688.0,
      2912.0,
      3136.0,
      3360.0,
      3584.0,
      3808.0,
      4032.0,
      4256.0,
      4480.0,
      4704.0,
      4928.0,
      5152.0,
      5376.0,
      5600.0,
      5824.0,
      6048.0,
      6272.0,
      6496.0,
      6720.0,
      6944.0,
      7168.0,
      7392.0,
      7616.0,
      7840.0,
      8064.0,
      8288.0,
      8512.0,
      8736.0,
      8960.0
    ],