{
  "model_name": "parity_rot",
  "model_label": "Parity Rot classifier",
  "dataset": {
    "dataset": "parity_4bit",
    "test_fraction": 0.3,
    "repeats_per_bitstring": 20,
    "n_unique_bitstrings": 16,
    "label_values": [
      -1,
      1
    ]
  },
  "loss_function": "mse",
  "optimizer": "krotov_hybrid",
  "seed": 2,
  "model_metadata": {
    "class": "ParityRotClassifierModel",
    "n_qubits": 4,
    "n_layers": 2,
    "n_params": 25,
    "n_quantum_params": 24,
    "n_weight_params": 1,
    "weights_shape": [
      2,
      4,
      3
    ]
  },
  "n_train": 224,
  "n_test": 96,
  "wall_time_total": 65.77467703819275,
  "final_loss": 3.393796823410572e-08,
  "final_train_acc": 1.0,
  "final_test_acc": 1.0,
  "total_cost_units": 49184,
  "total_steps": 40,
  "trace": {
    "loss": [
      2.053202863538705,
      1.7071194902309776e-05,
      3.8360164752583806e-06,
      1.6469265293856516e-06,
      9.106301146517919e-07,
      5.768502348676345e-07,
      3.978624575546848e-07,
      2.9088477150691705e-07,
      2.2189544191263089e-07,
      1.7482661398812921e-07,
      1.4128752731161367e-07,
      1.1654916149830809e-07,
      9.778165149481521e-08,
      8.320741632303984e-08,
      7.166431482438514e-08,
      6.236657584670835e-08,
      5.4767482436262604e-08,
      4.847711735785576e-08,
      4.3211351192055216e-08,
      3.8759172428331285e-08,
      3.496121837975947e-08,
      3.49089632169446e-08,
      3.4856825135305314e-08,
      3.480480378480123e-08,
      3.4752898817140745e-08,
      3.4701109885747137e-08,
      3.464943664491346e-08,
      3.4597878749992066e-08,
      3.4546435857908096e-08,
      3.4495107627393515e-08,
      3.444389371744575e-08,
      3.4392793788845e-08,
      3.434180750372575e-08,
      3.4290934525059145e-08,
      3.4240174517805094e-08,
      3.4189527147424286e-08,
      3.4138992080571226e-08,
      3.408856898593359e-08,
      3.40382575325902e-08,
      3.398805739119388e-08,
      3.393796823410572e-08
    ],
    "train_acc": [
      0.48660714285714285,
      1.0,
      1.0,
      1.0,
      1.0,
      1.0,
      1.0,
      1.0,
      1.0,
      1.0,
      1.0,
      1.0,
      1.0,
      1.0,
      1.0,
      1.0,
      1.0,
      1.0,
      1.0,
      1.0,
      1.0,
      1.0,
      1.0,
      1.0,
      1.0,
      1.0,
      1.0,
      1.0,
      1.0,
      1.0,
      1.0,
      1.0,
      1.0,
      1.0,
      1.0,
      1.0,
      1.0,
      1.0,
      1.0,
      1.0,
      1.0
    ],
    "test_acc": [
      0.53125,
      1.0,
      1.0,
      1.0,
      1.0,
      1.0,
      1.0,
      1.0,
      1.0,
      1.0,
      1.0,
      1.0,
      1.0,
      1.0,
      1.0,
      1.0,
      1.0,
      1.0,
      1.0,
      1.0,
      1.0,
      1.0,
      1.0,
      1.0,
      1.0,
      1.0,
      1.0,
      1.0,
      1.0,
      1.0,
      1.0,
      1.0,
      1.0,
      1.0,
      1.0,
      1.0,
      1.0,
      1.0,
      1.0,
      1.0,
      1.0
    ],
    "step": [
      0.0,
      1.0,
      2.0,
      3.0,
      4.0,
      5.0,
      6.0,
      7.0,
      8.0,
      9.0,
      10.0,
      11.0,
      12.0,
      13.0,
      14.0,
      15.0,
      16.0,
      17.0,
      18.0,
      19.0,
      20.0,
      21.0,
      22.0,
      23.0,
      24.0,
      25.0,
      26.0,
      27.0,
      28.0,
      29.0,
      30.0,
      31.0,
      32.0,
      33.0,
      34.0,
      35.0,
      36.0,
      37.0,
      38.0,
      39.0,
      40.0
    ],
    "phase": [
      "init",
      "online",
      "online",
      "online",
      "online",
      "online",
      "online",
      "online",
      "online",
      "online",
      "online",
      "online",
      "online",
      "online",
      "online",
      "online",
      "online",
      "online",
      "online",
      "online",
      "online",
      "batch",
      "batch",
      "batch",
      "batch",
      "batch",
      "batch",
      "batch",
      "batch",
      "batch",
      "batch",
      "batch",
      "batch",
      "batch",
      "batch",
      "batch",
      "batch",
      "batch",
      "batch",
      "batch",
      "batch"
    ],
    "wall_time": [
      0.0,
      2.5152759552001953,
      4.3278021812438965,
      6.025467157363892,
      7.848365068435669,
      9.625333070755005,
      11.264355182647705,
      13.09627914428711,
      14.745991230010986,
      16.384520053863525,
      18.221426248550415,
      19.85248112678528,
      21.62989902496338,
      23.274632930755615,
      25.034679174423218,
      26.6770601272583,
      28.674997091293335,
      30.407891988754272,
      32.09750199317932,
      33.88801622390747,
      35.62672710418701,
      37.1156542301178,
      38.635189056396484,
      40.095229148864746,
      41.66802716255188,
      43.302973985672,
      44.8293821811676,
      46.31850504875183,
      47.7426061630249,
      49.29416608810425,
      50.71859812736511,
      52.3720760345459,
      53.80917024612427,
      55.36471915245056,
      56.79110026359558,
      58.360695123672485,
      59.82954692840576,
      61.30501198768616,
      62.72999405860901,
      64.34175729751587,
      65.77454996109009
    ],
    "func_evals": [
      544.0,
      1760.0,
      2976.0,
      4192.0,
      5408.0,
      6624.0,
      7840.0,
      9056.0,
      10272.0,
      11488.0,
      12704.0,
      13920.0,
      15136.0,
      16352.0,
      17568.0,
      18784.0,
      20000.0,
      21216.0,
      22432.0,
      23648.0,
      24864.0,
      26080.0,
      27296.0,
      28512.0,
      29728.0,
      30944.0,
      32160.0,
      33376.0,
      34592.0,
      35808.0,
      37024.0,
      38240.0,
      39456.0,
      40672.0,
      41888.0,
      43104.0,
      44320.0,
      45536.0,
      46752.0,
      47968.0,
      49184.0
    ],
    "grad_evals": [
      0.0,
      225.0,
      450.0,
      675.0,
      900.0,
      1125.0,
      1350.0,
      1575.0,
      1800.0,
      2025.0,
      2250.0,
      2475.0,
      2700.0,
      2925.0,
      3150.0,
      3375.0,
      3600.0,
      3825.0,
      4050.0,
      4275.0,
      4500.0,
      4502.0,
      4504.0,
      4506.0,
      4508.0,
      4510.0,
      4512.0,
      4514.0,
      4516.0,
      4518.0,
      4520.0,
      4522.0,
      4524.0,
      4526.0,
      4528.0,
      4530.0,
      4532.0,
      4534.0,
      4536.0,
      4538.0,
      4540.0
    ],
    "sample_forward_passes": [
      544.0,
      1536.0,
      2528.0,
      3520.0,
      4512.0,
      5504.0,
      6496.0,
      7488.0,
      8480.0,
      9472.0,
      10464.0,
      11456.0,
      12448.0,
      13440.0,
      14432.0,
      15424.0,
      16416.0,
      17408.0,
      18400.0,
      19392.0,
      20384.0,
      21376.0,
      22368.0,
      23360.0,
      24352.0,
      25344.0,
      26336.0,
      27328.0,
      28320.0,
      29312.0,
      30304.0,
      31296.0,
      32288.0,
      33280.0,
      34272.0,
      35264.0,
      36256.0,
      37248.0,
      38240.0,
      39232.0,
      40224.0
    ],
    "sample_backward_passes": [
      0.0,
      224.0,
      448.0,
      672.0,
      896.0,
      1120.0,
      1344.0,
      1568.0,
      1792.0,
      2016.0,
      2240.0,
      2464.0,
      2688.0,
      2912.0,
      3136.0,
      3360.0,
      3584.0,
      3808.0,
      4032.0,
      4256.0,
      4480.0,
      4704.0,
      4928.0,
      5152.0,
      5376.0,
      5600.0,
      5824.0,
      6048.0,
      6272.0,
      6496.0,
      6720.0,
      6944.0,
      7168.0,
      7392.0,
      7616.0,
      7840.0,
      8064.0,
      8288.0,
      8512.0,
      8736.0,
      8960.0
    ],