{
  "model_name": "parity_rot",
  "model_label": "Parity Rot classifier",
  "dataset": {
    "dataset": "parity_4bit",
    "test_fraction": 0.3,
    "repeats_per_bitstring": 20,
    "n_unique_bitstrings": 16,
    "label_values": [
      -1,
      1
    ]
  },
  "loss_function": "mse",
  "optimizer": "qng",
  "seed": 4,
  "model_metadata": {
    "class": "ParityRotClassifierModel",
    "n_qubits": 4,
    "n_layers": 2,
    "n_params": 25,
    "n_quantum_params": 24,
    "n_weight_params": 1,
    "weights_shape": [
      2,
      4,
      3
    ]
  },
  "n_train": 224,
  "n_test": 96,
  "wall_time_total": 81.38883805274963,
  "final_loss": 1.10817257000166e-05,
  "final_train_acc": 1.0,
  "final_test_acc": 1.0,
  "total_cost_units": 58144,
  "total_steps": 40,
  "trace": {
    "loss": [
      2.0713039165012637,
      2.0654763816972346,
      1.9952041864656864,
      1.248884773764534,
      0.9708382194585231,
      0.7761465097489033,
      0.04138342832166771,
      0.0007445923022210193,
      0.00048515968614891127,
      0.00034382866537170144,
      0.00025750693934616846,
      0.00020060347239934484,
      0.00016097260244407773,
      0.00013219638332624047,
      0.00011060525368776984,
      9.396981859798632e-05,
      8.086859264987924e-05,
      7.035873642648421e-05,
      6.179397096637738e-05,
      5.471877589534153e-05,
      4.88043050553673e-05,
      4.38081708728057e-05,
      3.954842329331938e-05,
      3.5886257334330285e-05,
      3.271424756710133e-05,
      2.9948173883735673e-05,
      2.7521235116679682e-05,
      2.5379883417391762e-05,
      2.3480779365205194e-05,
      2.1788535209744483e-05,
      2.027402092430468e-05,
      1.8913077847098227e-05,
      1.7685531328088607e-05,
      1.6574425347955277e-05,
      1.55654237433774e-05,
      1.4646337764020325e-05,
      1.3806750335662755e-05,
      1.303771500891732e-05,
      1.2331513066627111e-05,
      1.1681456272581756e-05,
      1.10817257000166e-05
    ],
    "train_acc": [
      0.48214285714285715,
      0.48214285714285715,
      0.48214285714285715,
      0.48214285714285715,
      0.6205357142857143,
      1.0,
      1.0,
      1.0,
      1.0,
      1.0,
      1.0,
      1.0,
      1.0,
      1.0,
      1.0,
      1.0,
      1.0,
      1.0,
      1.0,
      1.0,
      1.0,
      1.0,
      1.0,
      1.0,
      1.0,
      1.0,
      1.0,
      1.0,
      1.0,
      1.0,
      1.0,
      1.0,
      1.0,
      1.0,
      1.0,
      1.0,
      1.0,
      1.0,
      1.0,
      1.0,
      1.0
    ],
    "test_acc": [
      0.5416666666666666,
      0.5416666666666666,
      0.5416666666666666,
      0.5416666666666666,
      0.6354166666666666,
      1.0,
      1.0,
      1.0,
      1.0,
      1.0,
      1.0,
      1.0,
      1.0,
      1.0,
      1.0,
      1.0,
      1.0,
      1.0,
      1.0,
      1.0,
      1.0,
      1.0,
      1.0,
      1.0,
      1.0,
      1.0,
      1.0,
      1.0,
      1.0,
      1.0,
      1.0,
      1.0,
      1.0,
      1.0,
      1.0,
      1.0,
      1.0,
      1.0,
      1.0,
      1.0,
      1.0
    ],
    "step": [
      0.0,
      1.0,
      2.0,
      3.0,
      4.0,
      5.0,
      6.0,
      7.0,
      8.0,
      9.0,
      10.0,
      11.0,
      12.0,
      13.0,
      14.0,
      15.0,
      16.0,
      17.0,
      18.0,
      19.0,
      20.0,
      21.0,
      22.0,
      23.0,
      24.0,
      25.0,
      26.0,
      27.0,
      28.0,
      29.0,
      30.0,
      31.0,
      32.0,
      33.0,
      34.0,
      35.0,
      36.0,
      37.0,
      38.0,
      39.0,
      40.0
    ],
    "phase": [
      "init",
      "qng",
      "qng",
      "qng",
      "qng",
      "qng",
      "qng",
      "qng",
      "qng",
      "qng",
      "qng",
      "qng",
      "qng",
      "qng",
      "qng",
      "qng",
      "qng",
      "qng",
      "qng",
      "qng",
      "qng",
      "qng",
      "qng",
      "qng",
      "qng",
      "qng",
      "qng",
      "qng",
      "qng",
      "qng",
      "qng",
      "qng",
      "qng",
      "qng",
      "qng",
      "qng",
      "qng",
      "qng",
      "qng",
      "qng",
      "qng"
    ],
    "wall_time": [
      0.0,
      2.745058059692383,
      4.856013059616089,
      6.77859091758728,
      8.846458911895752,
      10.99320912361145,
      13.037967920303345,
      15.04984188079834,
      17.056822061538696,
      18.99427604675293,
      21.012694120407104,
      23.094181060791016,
      25.090966939926147,
      27.135525226593018,
      29.12155294418335,
      31.11479902267456,
      33.24185609817505,
      35.242735147476196,
      37.2329421043396,
      39.23954105377197,
      41.286776065826416,
      43.29622983932495,
      45.144538164138794,
      47.15546178817749,
      49.20763111114502,
      51.38606905937195,
      53.412835121154785,
      55.30087089538574,
      57.34373998641968,
      59.33728504180908,
      61.327409982681274,
      63.53835701942444,
      65.54696202278137,
      67.53299498558044,
      69.60113000869751,
      71.51565909385681,
      73.6434280872345,
      75.53692483901978,
      77.40388512611389,
      79.39922618865967,
      81.3885760307312
    ],
    "func_evals": [
      544.0,
      1984.0,
      3424.0,
      4864.0,
      6304.0,
      7744.0,
      9184.0,
      10624.0,
      12064.0,
      13504.0,
      14944.0,
      16384.0,
      17824.0,
      19264.0,
      20704.0,
      22144.0,
      23584.0,
      25024.0,
      26464.0,
      27904.0,
      29344.0,
      30784.0,
      32224.0,
      33664.0,
      35104.0,
      36544.0,
      37984.0,
      39424.0,
      40864.0,
      42304.0,
      43744.0,
      45184.0,
      46624.0,
      48064.0,
      49504.0,
      50944.0,
      52384.0,
      53824.0,
      55264.0,
      56704.0,
      58144.0
    ],
    "grad_evals": [
      0.0,
      1.0,
      2.0,
      3.0,
      4.0,
      5.0,
      6.0,
      7.0,
      8.0,
      9.0,
      10.0,
      11.0,
      12.0,
      13.0,
      14.0,
      15.0,
      16.0,
      17.0,
      18.0,
      19.0,
      20.0,
      21.0,
      22.0,
      23.0,
      24.0,
      25.0,
      26.0,
      27.0,
      28.0,
      29.0,
      30.0,
      31.0,
      32.0,
      33.0,
      34.0,
      35.0,
      36.0,
      37.0,
      38.0,
      39.0,
      40.0
    ],
    "sample_forward_passes": [
      544.0,
      1536.0,
      2528.0,
      3520.0,
      4512.0,
      5504.0,
      6496.0,
      7488.0,
      8480.0,
      9472.0,
      10464.0,
      11456.0,
      12448.0,
      13440.0,
      14432.0,
      15424.0,
      16416.0,
      17408.0,
      18400.0,
      19392.0,
      20384.0,
      21376.0,
      22368.0,
      23360.0,
      24352.0,
      25344.0,
      26336.0,
      27328.0,
      28320.0,
      29312.0,
      30304.0,
      31296.0,
      32288.0,
      33280.0,
      34272.0,
      35264.0,
      36256.0,
      37248.0,
      38240.0,
      39232.0,
      40224.0
    ],
    "sample_backward_passes": [
      0.0,
      448.0,
      896.0,
      1344.0,
      1792.0,
      2240.0,
      2688.0,
      3136.0,
      3584.0,
      4032.0,
      4480.0,
      4928.0,
      5376.0,
      5824.0,
      6272.0,
      6720.0,
      7168.0,
      7616.0,
      8064.0,
      8512.0,
      8960.0,
      9408.0,
      9856.0,
      10304.0,
      10752.0,
      11200.0,
      11648.0,
      12096.0,
      12544.0,
      12992.0,
      13440.0,
      13888.0,
      14336.0,
      14784.0,
      15232.0,
      15680.0,
      16128.0,
      16576.0,
      17024.0,
      17472.0,
      17920.0
    ],