{
  "model_name": "parity_rot",
  "model_label": "Parity Rot classifier",
  "dataset": {
    "dataset": "parity_4bit",
    "test_fraction": 0.3,
    "repeats_per_bitstring": 20,
    "n_unique_bitstrings": 16,
    "label_values": [
      -1,
      1
    ]
  },
  "loss_function": "mse",
  "optimizer": "adam",
  "seed": 2,
  "model_metadata": {
    "class": "ParityRotClassifierModel",
    "n_qubits": 4,
    "n_layers": 2,
    "n_params": 25,
    "n_quantum_params": 24,
    "n_weight_params": 1,
    "weights_shape": [
      2,
      4,
      3
    ]
  },
  "n_train": 224,
  "n_test": 96,
  "wall_time_total": 50.93925666809082,
  "final_loss": 0.0006183979602089484,
  "final_train_acc": 1.0,
  "final_test_acc": 1.0,
  "total_cost_units": 40224,
  "total_steps": 40,
  "trace": {
    "loss": [
      2.053202863538705,
      2.033251459678417,
      1.9993558392579642,
      1.9420367405441297,
      1.8635204789279403,
      1.76806187537771,
      1.6601723335930194,
      1.544528921961673,
      1.4264694478657525,
      1.3117510781772954,
      1.2053970838316828,
      1.1108589692539501,
      1.0299338470323274,
      0.9622479666282459,
      0.9058145761221007,
      0.8585278114569308,
      0.8179226069034234,
      0.7802259528981093,
      0.7413927317438597,
      0.6969935131649694,
      0.6436631205211694,
      0.5805157921512306,
      0.508635675518088,
      0.4309999213067148,
      0.35246577833594195,
      0.27814903780656114,
      0.2115628231160485,
      0.15465510269061047,
      0.10827825158487803,
      0.07238082670093124,
      0.04613238620496025,
      0.0280693610210114,
      0.01638129956921788,
      0.009256111553294132,
      0.005134719872630803,
      0.0028431978055858914,
      0.0016096976016772044,
      0.0009818329713773269,
      0.0007016628108804341,
      0.0006112521492574475,
      0.0006183979602089484
    ],
    "train_acc": [
      0.48660714285714285,
      0.48660714285714285,
      0.48660714285714285,
      0.48660714285714285,
      0.48660714285714285,
      0.48660714285714285,
      0.48660714285714285,
      0.48660714285714285,
      0.48660714285714285,
      0.48660714285714285,
      0.48660714285714285,
      0.48660714285714285,
      0.48660714285714285,
      0.48660714285714285,
      0.6026785714285714,
      0.7276785714285714,
      0.7276785714285714,
      0.7276785714285714,
      0.7276785714285714,
      0.7276785714285714,
      0.7276785714285714,
      0.7276785714285714,
      1.0,
      1.0,
      1.0,
      1.0,
      1.0,
      1.0,
      1.0,
      1.0,
      1.0,
      1.0,
      1.0,
      1.0,
      1.0,
      1.0,
      1.0,
      1.0,
      1.0,
      1.0,
      1.0
    ],
    "test_acc": [
      0.53125,
      0.53125,
      0.53125,
      0.53125,
      0.53125,
      0.53125,
      0.53125,
      0.53125,
      0.53125,
      0.53125,
      0.53125,
      0.53125,
      0.53125,
      0.53125,
      0.6770833333333334,
      0.8020833333333334,
      0.8020833333333334,
      0.8020833333333334,
      0.8020833333333334,
      0.8020833333333334,
      0.8020833333333334,
      0.8020833333333334,
      1.0,
      1.0,
      1.0,
      1.0,
      1.0,
      1.0,
      1.0,
      1.0,
      1.0,
      1.0,
      1.0,
      1.0,
      1.0,
      1.0,
      1.0,
      1.0,
      1.0,
      1.0,
      1.0
    ],
    "step": [
      0.0,
      1.0,
      2.0,
      3.0,
      4.0,
      5.0,
      6.0,
      7.0,
      8.0,
      9.0,
      10.0,
      11.0,
      12.0,
      13.0,
      14.0,
      15.0,
      16.0,
      17.0,
      18.0,
      19.0,
      20.0,
      21.0,
      22.0,
      23.0,
      24.0,
      25.0,
      26.0,
      27.0,
      28.0,
      29.0,
      30.0,
      31.0,
      32.0,
      33.0,
      34.0,
      35.0,
      36.0,
      37.0,
      38.0,
      39.0,
      40.0
    ],
    "phase": [
      "init",
      "adam",
      "adam",
      "adam",
      "adam",
      "adam",
      "adam",
      "adam",
      "adam",
      "adam",
      "adam",
      "adam",
      "adam",
      "adam",
      "adam",
      "adam",
      "adam",
      "adam",
      "adam",
      "adam",
      "adam",
      "adam",
      "adam",
      "adam",
      "adam",
      "adam",
      "adam",
      "adam",
      "adam",
      "adam",
      "adam",
      "adam",
      "adam",
      "adam",
      "adam",
      "adam",
      "adam",
      "adam",
      "adam",
      "adam",
      "adam"
    ],
    "wall_time": [
      0.0,
      1.9059808254241943,
      3.1223747730255127,
      4.4250969886779785,
      5.705312967300415,
      7.006512880325317,
      8.265331983566284,
      9.468214988708496,
      10.65920877456665,
      11.947403907775879,
      13.157925844192505,
      14.408293724060059,
      15.691604852676392,
      16.923513889312744,
      18.139400959014893,
      19.353469848632812,
      20.726191759109497,
      22.084259033203125,
      23.302239894866943,
      24.600979804992676,
      25.810895681381226,
      27.031932830810547,
      28.33619976043701,
      29.570523738861084,
      30.91685390472412,
      32.125125885009766,
      33.341796875,
      34.63904786109924,
      35.853309869766235,
      37.050938844680786,
      38.351094007492065,
      39.56732392311096,
      40.77085590362549,
      41.977417945861816,
      43.27322602272034,
      44.485228061676025,
      45.68875598907471,
      47.04863381385803,
      48.394165992736816,
      49.72433590888977,
      50.93917489051819
    ],
    "func_evals": [
      544.0,
      1536.0,
      2528.0,
      3520.0,
      4512.0,
      5504.0,
      6496.0,
      7488.0,
      8480.0,
      9472.0,
      10464.0,
      11456.0,
      12448.0,
      13440.0,
      14432.0,
      15424.0,
      16416.0,
      17408.0,
      18400.0,
      19392.0,
      20384.0,
      21376.0,
      22368.0,
      23360.0,
      24352.0,
      25344.0,
      26336.0,
      27328.0,
      28320.0,
      29312.0,
      30304.0,
      31296.0,
      32288.0,
      33280.0,
      34272.0,
      35264.0,
      36256.0,
      37248.0,
      38240.0,
      39232.0,
      40224.0
    ],
    "grad_evals": [
      0.0,
      1.0,
      2.0,
      3.0,
      4.0,
      5.0,
      6.0,
      7.0,
      8.0,
      9.0,
      10.0,
      11.0,
      12.0,
      13.0,
      14.0,
      15.0,
      16.0,
      17.0,
      18.0,
      19.0,
      20.0,
      21.0,
      22.0,
      23.0,
      24.0,
      25.0,
      26.0,
      27.0,
      28.0,
      29.0,
      30.0,
      31.0,
      32.0,
      33.0,
      34.0,
      35.0,
      36.0,
      37.0,
      38.0,
      39.0,
      40.0
    ],
    "sample_forward_passes": [
      544.0,
      1312.0,
      2080.0,
      2848.0,
      3616.0,
      4384.0,
      5152.0,
      5920.0,
      6688.0,
      7456.0,
      8224.0,
      8992.0,
      9760.0,
      10528.0,
      11296.0,
      12064.0,
      12832.0,
      13600.0,
      14368.0,
      15136.0,
      15904.0,
      16672.0,
      17440.0,
      18208.0,
      18976.0,
      19744.0,
      20512.0,
      21280.0,
      22048.0,
      22816.0,
      23584.0,
      24352.0,
      25120.0,
      25888.0,
      26656.0,
      27424.0,
      28192.0,
      28960.0,
      29728.0,
      30496.0,
      31264.0
    ],
    "sample_backward_passes": [
      0.0,
      224.0,
      448.0,
      672.0,
      896.0,
      1120.0,
      1344.0,
      1568.0,
      1792.0,
      2016.0,
      2240.0,
      2464.0,
      2688.0,
      2912.0,
      3136.0,
      3360.0,
      3584.0,
      3808.0,
      4032.0,
      4256.0,
      4480.0,
      4704.0,
      4928.0,
      5152.0,
      5376.0,
      5600.0,
      5824.0,
      6048.0,
      6272.0,
      6496.0,
      6720.0,
      6944.0,
      7168.0,
      7392.0,
      7616.0,
      7840.0,
      8064.0,
      8288.0,
      8512.0,
      8736.0,
      8960.0
    ],