{
  "model_name": "parity_rot",
  "model_label": "Parity Rot classifier",
  "dataset": {
    "dataset": "parity_4bit",
    "test_fraction": 0.3,
    "repeats_per_bitstring": 20,
    "n_unique_bitstrings": 16,
    "label_values": [
      -1,
      1
    ]
  },
  "loss_function": "mse",
  "optimizer": "lbfgs",
  "seed": 1,
  "model_metadata": {
    "class": "ParityRotClassifierModel",
    "n_qubits": 4,
    "n_layers": 2,
    "n_params": 25,
    "n_quantum_params": 24,
    "n_weight_params": 1,
    "weights_shape": [
      2,
      4,
      3
    ]
  },
  "n_train": 224,
  "n_test": 96,
  "wall_time_total": 62.431726932525635,
  "final_loss": 1.0721405877091693e-09,
  "final_train_acc": 1.0,
  "final_test_acc": 1.0,
  "total_cost_units": 48160,
  "total_steps": 48,
  "trace": {
    "loss": [
      2.08882166084944,
      2.08882166084944,
      2.6207258470619434,
      2.0847096004478103,
      2.0767994289552147,
      1.9992168019094778,
      1.8378936283584608,
      1.806726865469537,
      1.7490630092462418,
      8.523840537497215,
      1.7520737825655996,
      1.7466442761652843,
      1.6521123288558002,
      1.1361192893802485,
      0.9863124907467722,
      0.7250115977011352,
      0.5342067373524487,
      0.1531419725838097,
      0.02000108281096282,
      0.008115564516856164,
      0.00436226052678397,
      0.0016270947112556019,
      0.0007518293260108071,
      0.0003626274236268758,
      0.00019546802423723355,
      0.00011863671101144763,
      7.888160509986833e-05,
      5.241189026130001e-05,
      3.134838621217672e-05,
      1.5992991920744932e-05,
      7.10752170697481e-06,
      2.9432376154607955e-06,
      2.0418577881958307e-06,
      6.489667216215179e-07,
      2.4218644374837954e-07,
      1.0819586508997479e-07,
      3.714452170693862e-08,
      1.5649341696789902e-08,
      7.535299255116577e-09,
      4.84909970612845e-09,
      2.1381220704940117e-09,
      1.4601927548540426e-09,
      1.2780385907609625e-09,
      1.1809473832329391e-09,
      1.158875999383565e-09,
      1.1434371747814728e-09,
      1.1258036900769794e-09,
      1.1078155293550514e-09,
      1.0721405877091693e-09
    ],
    "train_acc": [
      0.47767857142857145,
      0.47767857142857145,
      0.22767857142857142,
      0.47767857142857145,
      0.47767857142857145,
      0.47767857142857145,
      0.5,
      0.47767857142857145,
      0.22767857142857142,
      0.5,
      0.5,
      0.5,
      0.22767857142857142,
      0.47767857142857145,
      0.5,
      0.7589285714285714,
      1.0,
      1.0,
      1.0,
      1.0,
      1.0,
      1.0,
      1.0,
      1.0,
      1.0,
      1.0,
      1.0,
      1.0,
      1.0,
      1.0,
      1.0,
      1.0,
      1.0,
      1.0,
      1.0,
      1.0,
      1.0,
      1.0,
      1.0,
      1.0,
      1.0,
      1.0,
      1.0,
      1.0,
      1.0,
      1.0,
      1.0,
      1.0,
      1.0
    ],
    "test_acc": [
      0.5520833333333334,
      0.5520833333333334,
      0.3020833333333333,
      0.5520833333333334,
      0.5520833333333334,
      0.5520833333333334,
      0.5,
      0.5520833333333334,
      0.3020833333333333,
      0.5,
      0.5,
      0.5,
      0.3020833333333333,
      0.5520833333333334,
      0.5,
      0.7291666666666666,
      1.0,
      1.0,
      1.0,
      1.0,
      1.0,
      1.0,
      1.0,
      1.0,
      1.0,
      1.0,
      1.0,
      1.0,
      1.0,
      1.0,
      1.0,
      1.0,
      1.0,
      1.0,
      1.0,
      1.0,
      1.0,
      1.0,
      1.0,
      1.0,
      1.0,
      1.0,
      1.0,
      1.0,
      1.0,
      1.0,
      1.0,
      1.0,
      1.0
    ],
    "step": [
      0.0,
      1.0,
      2.0,
      3.0,
      4.0,
      5.0,
      6.0,
      7.0,
      8.0,
      9.0,
      10.0,
      11.0,
      12.0,
      13.0,
      14.0,
      15.0,
      16.0,
      17.0,
      18.0,
      19.0,
      20.0,
      21.0,
      22.0,
      23.0,
      24.0,
      25.0,
      26.0,
      27.0,
      28.0,
      29.0,
      30.0,
      31.0,
      32.0,
      33.0,
      34.0,
      35.0,
      36.0,
      37.0,
      38.0,
      39.0,
      40.0,
      41.0,
      42.0,
      43.0,
      44.0,
      45.0,
      46.0,
      47.0,
      48.0
    ],
    "phase": [
      "init",
      "lbfgs",
      "lbfgs",
      "lbfgs",
      "lbfgs",
      "lbfgs",
      "lbfgs",
      "lbfgs",
      "lbfgs",
      "lbfgs",
      "lbfgs",
      "lbfgs",
      "lbfgs",
      "lbfgs",
      "lbfgs",
      "lbfgs",
      "lbfgs",
      "lbfgs",
      "lbfgs",
      "lbfgs",
      "lbfgs",
      "lbfgs",
      "lbfgs",
      "lbfgs",
      "lbfgs",
      "lbfgs",
      "lbfgs",
      "lbfgs",
      "lbfgs",
      "lbfgs",
      "lbfgs",
      "lbfgs",
      "lbfgs",
      "lbfgs",
      "lbfgs",
      "lbfgs",
      "lbfgs",
      "lbfgs",
      "lbfgs",
      "lbfgs",
      "lbfgs",
      "lbfgs",
      "lbfgs",
      "lbfgs",
      "lbfgs",
      "lbfgs",
      "lbfgs",
      "lbfgs",
      "lbfgs"
    ],
    "wall_time": [
      0.0,
      1.8279380798339844,
      3.1460671424865723,
      4.37673807144165,
      5.602772235870361,
      6.992709159851074,
      8.317957162857056,
      9.557789087295532,
      10.767589092254639,
      12.063473224639893,
      13.285643100738525,
      14.665802955627441,
      15.998886108398438,
      17.2291362285614,
      18.53349232673645,
      19.905315160751343,
      21.13126230239868,
      22.36011528968811,
      23.6422061920166,
      24.860043048858643,
      26.14556097984314,
      27.41815495491028,
      28.65348219871521,
      29.98674201965332,
      31.37150812149048,
      32.6453652381897,
      34.04065823554993,
      35.3974609375,
      36.63349390029907,
      37.99453902244568,
      39.205923080444336,
      40.527844190597534,
      41.736733198165894,
      43.130274057388306,
      44.349799156188965,
      45.582420110702515,
      46.88267517089844,
      48.11243796348572,
      49.50563716888428,
      50.7529661655426,
      52.15520000457764,
      53.56041693687439,
      54.865272998809814,
      56.07899212837219,
      57.3022780418396,
      58.6033730506897,
      59.81762909889221,
      61.13222908973694,
      62.431286096572876
    ],
    "func_evals": [
      544.0,
      1536.0,
      2528.0,
      3520.0,
      4512.0,
      5504.0,
      6496.0,
      7488.0,
      8480.0,
      9472.0,
      10464.0,
      11456.0,
      12448.0,
      13440.0,
      14432.0,
      15424.0,
      16416.0,
      17408.0,
      18400.0,
      19392.0,
      20384.0,
      21376.0,
      22368.0,
      23360.0,
      24352.0,
      25344.0,
      26336.0,
      27328.0,
      28320.0,
      29312.0,
      30304.0,
      31296.0,
      32288.0,
      33280.0,
      34272.0,
      35264.0,
      36256.0,
      37248.0,
      38240.0,
      39232.0,
      40224.0,
      41216.0,
      42208.0,
      43200.0,
      44192.0,
      45184.0,
      46176.0,
      47168.0,
      48160.0
    ],
    "grad_evals": [
      0.0,
      1.0,
      2.0,
      3.0,
      4.0,
      5.0,
      6.0,
      7.0,
      8.0,
      9.0,
      10.0,
      11.0,
      12.0,
      13.0,
      14.0,
      15.0,
      16.0,
      17.0,
      18.0,
      19.0,
      20.0,
      21.0,
      22.0,
      23.0,
      24.0,
      25.0,
      26.0,
      27.0,
      28.0,
      29.0,
      30.0,
      31.0,
      32.0,
      33.0,
      34.0,
      35.0,
      36.0,
      37.0,
      38.0,
      39.0,
      40.0,
      41.0,
      42.0,
      43.0,
      44.0,
      45.0,
      46.0,
      47.0,
      48.0
    ],