{
  "model_name": "parity_rot",
  "model_label": "Parity Rot classifier",
  "dataset": {
    "dataset": "parity_4bit",
    "test_fraction": 0.3,
    "repeats_per_bitstring": 20,
    "n_unique_bitstrings": 16,
    "label_values": [
      -1,
      1
    ]
  },
  "loss_function": "mse",
  "optimizer": "adam",
  "seed": 4,
  "model_metadata": {
    "class": "ParityRotClassifierModel",
    "n_qubits": 4,
    "n_layers": 2,
    "n_params": 25,
    "n_quantum_params": 24,
    "n_weight_params": 1,
    "weights_shape": [
      2,
      4,
      3
    ]
  },
  "n_train": 224,
  "n_test": 96,
  "wall_time_total": 51.15116000175476,
  "final_loss": 0.25963316934633424,
  "final_train_acc": 1.0,
  "final_test_acc": 1.0,
  "total_cost_units": 40224,
  "total_steps": 40,
  "trace": {
    "loss": [
      2.0713039165012637,
      2.0506834254161648,
      2.016958780950819,
      1.9611088244072454,
      1.884904191092606,
      1.7938531422349666,
      1.6943988068590776,
      1.5930149993847826,
      1.4955453138896417,
      1.406846502657073,
      1.3299751166735778,
      1.26534761000103,
      1.210682297065391,
      1.1620876981670725,
      1.1158719308799239,
      1.0701036918072444,
      1.025087204079751,
      0.9825131565178719,
      0.9435795065079341,
      0.9080972801466267,
      0.8756005431734855,
      0.8452235285713164,
      0.8148019727057793,
      0.7816407259437879,
      0.7441246763142916,
      0.7020277644666036,
      0.6561200358226379,
      0.6078745413859031,
      0.55922200433916,
      0.5121922771208977,
      0.468458204307009,
      0.4289727123953053,
      0.3939437714700441,
      0.36317795596746816,
      0.33648537422780184,
      0.3138371630588792,
      0.29528076851778323,
      0.2808013339161889,
      0.27025082660325067,
      0.26333840449750223,
      0.25963316934633424
    ],
    "train_acc": [
      0.48214285714285715,
      0.48214285714285715,
      0.48214285714285715,
      0.48214285714285715,
      0.48214285714285715,
      0.48214285714285715,
      0.48214285714285715,
      0.48214285714285715,
      0.48214285714285715,
      0.48214285714285715,
      0.48214285714285715,
      0.48214285714285715,
      0.48214285714285715,
      0.48214285714285715,
      0.48214285714285715,
      0.3482142857142857,
      0.4107142857142857,
      0.5357142857142857,
      0.5803571428571429,
      0.7901785714285714,
      0.7901785714285714,
      0.7901785714285714,
      0.7901785714285714,
      0.7901785714285714,
      0.7901785714285714,
      0.8526785714285714,
      0.9241071428571429,
      0.9241071428571429,
      1.0,
      1.0,
      1.0,
      1.0,
      1.0,
      1.0,
      1.0,
      1.0,
      1.0,
      1.0,
      1.0,
      1.0,
      1.0
    ],
    "test_acc": [
      0.5416666666666666,
      0.5416666666666666,
      0.5416666666666666,
      0.5416666666666666,
      0.5416666666666666,
      0.5416666666666666,
      0.5416666666666666,
      0.5416666666666666,
      0.5416666666666666,
      0.5416666666666666,
      0.5416666666666666,
      0.5416666666666666,
      0.5416666666666666,
      0.5416666666666666,
      0.5416666666666666,
      0.4375,
      0.5,
      0.625,
      0.7291666666666666,
      0.8645833333333334,
      0.8645833333333334,
      0.8645833333333334,
      0.8645833333333334,
      0.8645833333333334,
      0.8645833333333334,
      0.9270833333333334,
      0.96875,
      0.96875,
      1.0,
      1.0,
      1.0,
      1.0,
      1.0,
      1.0,
      1.0,
      1.0,
      1.0,
      1.0,
      1.0,
      1.0,
      1.0
    ],
    "step": [
      0.0,
      1.0,
      2.0,
      3.0,
      4.0,
      5.0,
      6.0,
      7.0,
      8.0,
      9.0,
      10.0,
      11.0,
      12.0,
      13.0,
      14.0,
      15.0,
      16.0,
      17.0,
      18.0,
      19.0,
      20.0,
      21.0,
      22.0,
      23.0,
      24.0,
      25.0,
      26.0,
      27.0,
      28.0,
      29.0,
      30.0,
      31.0,
      32.0,
      33.0,
      34.0,
      35.0,
      36.0,
      37.0,
      38.0,
      39.0,
      40.0
    ],
    "phase": [
      "init",
      "adam",
      "adam",
      "adam",
      "adam",
      "adam",
      "adam",
      "adam",
      "adam",
      "adam",
      "adam",
      "adam",
      "adam",
      "adam",
      "adam",
      "adam",
      "adam",
      "adam",
      "adam",
      "adam",
      "adam",
      "adam",
      "adam",
      "adam",
      "adam",
      "adam",
      "adam",
      "adam",
      "adam",
      "adam",
      "adam",
      "adam",
      "adam",
      "adam",
      "adam",
      "adam",
      "adam",
      "adam",
      "adam",
      "adam",
      "adam"
    ],
    "wall_time": [
      0.0,
      1.9398267269134521,
      3.1648480892181396,
      4.366640090942383,
      5.636184930801392,
      6.92864990234375,
      8.140321969985962,
      9.36015796661377,
      10.653774976730347,
      11.884042978286743,
      13.098366975784302,
      14.322417736053467,
      15.663175821304321,
      16.890373945236206,
      18.09022307395935,
      19.397916078567505,
      20.61353898048401,
      21.90359377861023,
      23.132694005966187,
      24.348668098449707,
      25.64435601234436,
      26.86376190185547,
      28.201835870742798,
      29.401022911071777,
      30.74055004119873,
      32.027825117111206,
      33.37575387954712,
      34.68980383872986,
      35.93595576286316,
      37.22451901435852,
      38.399259090423584,
      39.60081601142883,
      41.024056911468506,
      42.25880479812622,
      43.57082986831665,
      44.88464689254761,
      46.09201502799988,
      47.306232929229736,
      48.67064905166626,
      49.874292850494385,
      51.1510808467865
    ],
    "func_evals": [
      544.0,
      1536.0,
      2528.0,
      3520.0,
      4512.0,
      5504.0,
      6496.0,
      7488.0,
      8480.0,
      9472.0,
      10464.0,
      11456.0,
      12448.0,
      13440.0,
      14432.0,
      15424.0,
      16416.0,
      17408.0,
      18400.0,
      19392.0,
      20384.0,
      21376.0,
      22368.0,
      23360.0,
      24352.0,
      25344.0,
      26336.0,
      27328.0,
      28320.0,
      29312.0,
      30304.0,
      31296.0,
      32288.0,
      33280.0,
      34272.0,
      35264.0,
      36256.0,
      37248.0,
      38240.0,
      39232.0,
      40224.0
    ],
    "grad_evals": [
      0.0,
      1.0,
      2.0,
      3.0,
      4.0,
      5.0,
      6.0,
      7.0,
      8.0,
      9.0,
      10.0,
      11.0,
      12.0,
      13.0,
      14.0,
      15.0,
      16.0,
      17.0,
      18.0,
      19.0,
      20.0,
      21.0,
      22.0,
      23.0,
      24.0,
      25.0,
      26.0,
      27.0,
      28.0,
      29.0,
      30.0,
      31.0,
      32.0,
      33.0,
      34.0,
      35.0,
      36.0,
      37.0,
      38.0,
      39.0,
      40.0
    ],
    "sample_forward_passes": [
      544.0,
      1312.0,
      2080.0,
      2848.0,
      3616.0,
      4384.0,
      5152.0,
      5920.0,
      6688.0,
      7456.0,
      8224.0,
      8992.0,
      9760.0,
      10528.0,
      11296.0,
      12064.0,
      12832.0,
      13600.0,
      14368.0,
      15136.0,
      15904.0,
      16672.0,
      17440.0,
      18208.0,
      18976.0,
      19744.0,
      20512.0,
      21280.0,
      22048.0,
      22816.0,
      23584.0,
      24352.0,
      25120.0,
      25888.0,
      26656.0,
      27424.0,
      28192.0,
      28960.0,
      29728.0,
      30496.0,
      31264.0
    ],