{
  "model_name": "parity_rot",
  "model_label": "Parity Rot classifier",
  "dataset": {
    "dataset": "parity_4bit",
    "test_fraction": 0.3,
    "repeats_per_bitstring": 20,
    "n_unique_bitstrings": 16,
    "label_values": [
      -1,
      1
    ]
  },
  "loss_function": "mse",
  "optimizer": "adam",
  "seed": 0,
  "model_metadata": {
    "class": "ParityRotClassifierModel",
    "n_qubits": 4,
    "n_layers": 2,
    "n_params": 25,
    "n_quantum_params": 24,
    "n_weight_params": 1,
    "weights_shape": [
      2,
      4,
      3
    ]
  },
  "n_train": 224,
  "n_test": 96,
  "wall_time_total": 55.79166078567505,
  "final_loss": 0.0575199792221357,
  "final_train_acc": 1.0,
  "final_test_acc": 1.0,
  "total_cost_units": 40224,
  "total_steps": 40,
  "trace": {
    "loss": [
      2.1063657997516247,
      2.083790703157336,
      2.0436133958407336,
      1.9794549132667723,
      1.8947670737812818,
      1.7936547430265082,
      1.6802080229524006,
      1.5592269695606507,
      1.4363821628497975,
      1.317259988893279,
      1.2062604148566685,
      1.1063728526079013,
      1.0195683122516577,
      0.9469580350477376,
      0.888651402912856,
      0.8437157175250832,
      0.8104703321832089,
      0.7868930209977559,
      0.7707543864606892,
      0.7594991805183765,
      0.7508618274481138,
      0.74320302673997,
      0.7356689748701021,
      0.7282918378041997,
      0.7215213566997605,
      0.7153573971590493,
      0.7089065036943358,
      0.7012103138287208,
      0.6914064416826848,
      0.6779234479643428,
      0.6578301351526222,
      0.6274574270003447,
      0.5839736871013231,
      0.5263428171691429,
      0.45566603294745045,
      0.37547744455576426,
      0.2918101300290918,
      0.21238819753896462,
      0.1445857119354801,
      0.09287454511062611,
      0.0575199792221357
    ],
    "train_acc": [
      0.4732142857142857,
      0.4732142857142857,
      0.4732142857142857,
      0.4732142857142857,
      0.4732142857142857,
      0.4732142857142857,
      0.4732142857142857,
      0.4732142857142857,
      0.4732142857142857,
      0.4732142857142857,
      0.4732142857142857,
      0.4732142857142857,
      0.4732142857142857,
      0.4732142857142857,
      0.6071428571428571,
      0.7276785714285714,
      0.7276785714285714,
      0.6919642857142857,
      0.7008928571428571,
      0.7723214285714286,
      0.7723214285714286,
      0.7723214285714286,
      0.7723214285714286,
      0.7723214285714286,
      0.8303571428571429,
      0.8303571428571429,
      0.8303571428571429,
      0.875,
      0.875,
      0.875,
      0.875,
      0.875,
      0.9330357142857143,
      1.0,
      1.0,
      1.0,
      1.0,
      1.0,
      1.0,
      1.0,
      1.0
    ],
    "test_acc": [
      0.5625,
      0.5625,
      0.5625,
      0.5625,
      0.5625,
      0.5625,
      0.5625,
      0.5625,
      0.5625,
      0.5625,
      0.5625,
      0.5625,
      0.5625,
      0.5625,
      0.6666666666666666,
      0.8020833333333334,
      0.8020833333333334,
      0.6770833333333334,
      0.65625,
      0.6979166666666666,
      0.6979166666666666,
      0.6979166666666666,
      0.6979166666666666,
      0.6979166666666666,
      0.7708333333333334,
      0.7708333333333334,
      0.7708333333333334,
      0.875,
      0.875,
      0.875,
      0.875,
      0.875,
      0.9479166666666666,
      1.0,
      1.0,
      1.0,
      1.0,
      1.0,
      1.0,
      1.0,
      1.0
    ],
    "step": [
      0.0,
      1.0,
      2.0,
      3.0,
      4.0,
      5.0,
      6.0,
      7.0,
      8.0,
      9.0,
      10.0,
      11.0,
      12.0,
      13.0,
      14.0,
      15.0,
      16.0,
      17.0,
      18.0,
      19.0,
      20.0,
      21.0,
      22.0,
      23.0,
      24.0,
      25.0,
      26.0,
      27.0,
      28.0,
      29.0,
      30.0,
      31.0,
      32.0,
      33.0,
      34.0,
      35.0,
      36.0,
      37.0,
      38.0,
      39.0,
      40.0
    ],
    "phase": [
      "init",
      "adam",
      "adam",
      "adam",
      "adam",
      "adam",
      "adam",
      "adam",
      "adam",
      "adam",
      "adam",
      "adam",
      "adam",
      "adam",
      "adam",
      "adam",
      "adam",
      "adam",
      "adam",
      "adam",
      "adam",
      "adam",
      "adam",
      "adam",
      "adam",
      "adam",
      "adam",
      "adam",
      "adam",
      "adam",
      "adam",
      "adam",
      "adam",
      "adam",
      "adam",
      "adam",
      "adam",
      "adam",
      "adam",
      "adam",
      "adam"
    ],
    "wall_time": [
      0.0,
      1.9670310020446777,
      3.194692850112915,
      4.736164808273315,
      5.969176769256592,
      7.486325979232788,
      8.766739845275879,
      10.120537757873535,
      11.352762699127197,
      12.596009969711304,
      14.115168809890747,
      15.4021897315979,
      16.768906831741333,
      18.139721870422363,
      19.46122694015503,
      20.92535972595215,
      22.349706888198853,
      23.694645881652832,
      25.161577939987183,
      26.46050190925598,
      27.858314990997314,
      29.38197660446167,
      30.72042965888977,
      32.158392667770386,
      33.451090812683105,
      34.885172843933105,
      36.35251188278198,
      37.7639217376709,
      39.150431871414185,
      40.492220878601074,
      41.97950482368469,
      43.30277180671692,
      44.57620286941528,
      45.99180483818054,
      47.32234168052673,
      48.6867618560791,
      50.08199977874756,
      51.48213195800781,
      52.958640813827515,
      54.45303273200989,
      55.79127883911133
    ],
    "func_evals": [
      544.0,
      1536.0,
      2528.0,
      3520.0,
      4512.0,
      5504.0,
      6496.0,
      7488.0,
      8480.0,
      9472.0,
      10464.0,
      11456.0,
      12448.0,
      13440.0,
      14432.0,
      15424.0,
      16416.0,
      17408.0,
      18400.0,
      19392.0,
      20384.0,
      21376.0,
      22368.0,
      23360.0,
      24352.0,
      25344.0,
      26336.0,
      27328.0,
      28320.0,
      29312.0,
      30304.0,
      31296.0,
      32288.0,
      33280.0,
      34272.0,
      35264.0,
      36256.0,
      37248.0,
      38240.0,
      39232.0,
      40224.0
    ],
    "grad_evals": [
      0.0,
      1.0,
      2.0,
      3.0,
      4.0,
      5.0,
      6.0,
      7.0,
      8.0,
      9.0,
      10.0,
      11.0,
      12.0,
      13.0,
      14.0,
      15.0,
      16.0,
      17.0,
      18.0,
      19.0,
      20.0,
      21.0,
      22.0,
      23.0,
      24.0,
      25.0,
      26.0,
      27.0,
      28.0,
      29.0,
      30.0,
      31.0,
      32.0,
      33.0,
      34.0,
      35.0,
      36.0,
      37.0,
      38.0,
      39.0,
      40.0
    ],
    "sample_forward_passes": [
      544.0,
      1312.0,
      2080.0,
      2848.0,
      3616.0,
      4384.0,
      5152.0,
      5920.0,
      6688.0,
      7456.0,
      8224.0,
      8992.0,
      9760.0,
      10528.0,
      11296.0,
      12064.0,
      12832.0,
      13600.0,
      14368.0,
      15136.0,
      15904.0,
      16672.0,
      17440.0,
      18208.0,
      18976.0,
      19744.0,
      20512.0,
      21280.0,
      22048.0,
      22816.0,
      23584.0,
      24352.0,
      25120.0,
      25888.0,
      26656.0,
      27424.0,
      28192.0,
      28960.0,
      29728.0,
      30496.0,
      31264.0
    ],