{
  "model_name": "parity_rot",
  "model_label": "Parity Rot classifier",
  "dataset": {
    "dataset": "parity_4bit",
    "test_fraction": 0.3,
    "repeats_per_bitstring": 20,
    "n_unique_bitstrings": 16,
    "label_values": [
      -1,
      1
    ]
  },
  "loss_function": "mse",
  "optimizer": "lbfgs",
  "seed": 4,
  "model_metadata": {
    "class": "ParityRotClassifierModel",
    "n_qubits": 4,
    "n_layers": 2,
    "n_params": 25,
    "n_quantum_params": 24,
    "n_weight_params": 1,
    "weights_shape": [
      2,
      4,
      3
    ]
  },
  "n_train": 224,
  "n_test": 96,
  "wall_time_total": 65.98798680305481,
  "final_loss": 3.974311697581073e-13,
  "final_train_acc": 1.0,
  "final_test_acc": 1.0,
  "total_cost_units": 51136,
  "total_steps": 51,
  "trace": {
    "loss": [
      2.0713039165012637,
      2.0713039165012637,
      2.877731636608435,
      2.0680187438752955,
      2.066337867398197,
      2.048396881169101,
      1.829962726498138,
      1.4023249845708377,
      1.3319190041139355,
      1.3147010821134446,
      3.884546875383672,
      1.3248351551179962,
      1.3135278887179704,
      1.2551442294402497,
      0.9887030740858066,
      0.9561999283655892,
      0.7772176251653148,
      0.9809563597457744,
      0.5182988171207048,
      2.8349189369852708,
      0.4889347370053459,
      0.30378068903880545,
      0.015334473888990358,
      0.00627804757451563,
      0.0018324950609622155,
      0.0006073783763220469,
      0.00019261746712329544,
      6.306437082954847e-05,
      2.0502360909500546e-05,
      6.691102830956483e-06,
      2.1844995510151443e-06,
      7.155101528930398e-07,
      2.3551664476284127e-07,
      7.83160307742336e-08,
      2.8496189067416398e-08,
      1.0451917874954619e-08,
      3.830010007607351e-09,
      1.6770321101947047e-09,
      8.650565229931576e-10,
      5.416003508648081e-10,
      4.415795958360183e-10,
      4.290485761332525e-10,
      4.232096410079645e-10,
      3.648931874004141e-10,
      2.8439520385184396e-10,
      1.5004165749041866e-10,
      6.564529764496634e-11,
      1.6884507626750826e-11,
      8.261487981168408e-12,
      2.5024498228213476e-12,
      9.988494255033618e-13,
      3.974311697581073e-13
    ],
    "train_acc": [
      0.48214285714285715,
      0.48214285714285715,
      0.5,
      0.48214285714285715,
      0.48214285714285715,
      0.48214285714285715,
      0.48214285714285715,
      0.5,
      0.5,
      0.5,
      0.5,
      0.5,
      0.5,
      0.5,
      0.5,
      0.7276785714285714,
      0.7544642857142857,
      0.5,
      0.7544642857142857,
      0.5,
      0.7544642857142857,
      1.0,
      1.0,
      1.0,
      1.0,
      1.0,
      1.0,
      1.0,
      1.0,
      1.0,
      1.0,
      1.0,
      1.0,
      1.0,
      1.0,
      1.0,
      1.0,
      1.0,
      1.0,
      1.0,
      1.0,
      1.0,
      1.0,
      1.0,
      1.0,
      1.0,
      1.0,
      1.0,
      1.0,
      1.0,
      1.0,
      1.0
    ],
    "test_acc": [
      0.5416666666666666,
      0.5416666666666666,
      0.5,
      0.5416666666666666,
      0.5416666666666666,
      0.5416666666666666,
      0.5416666666666666,
      0.5,
      0.5,
      0.5,
      0.5,
      0.5,
      0.5,
      0.5,
      0.5,
      0.8020833333333334,
      0.7395833333333334,
      0.5,
      0.7395833333333334,
      0.5,
      0.7395833333333334,
      1.0,
      1.0,
      1.0,
      1.0,
      1.0,
      1.0,
      1.0,
      1.0,
      1.0,
      1.0,
      1.0,
      1.0,
      1.0,
      1.0,
      1.0,
      1.0,
      1.0,
      1.0,
      1.0,
      1.0,
      1.0,
      1.0,
      1.0,
      1.0,
      1.0,
      1.0,
      1.0,
      1.0,
      1.0,
      1.0,
      1.0
    ],
    "step": [
      0.0,
      1.0,
      2.0,
      3.0,
      4.0,
      5.0,
      6.0,
      7.0,
      8.0,
      9.0,
      10.0,
      11.0,
      12.0,
      13.0,
      14.0,
      15.0,
      16.0,
      17.0,
      18.0,
      19.0,
      20.0,
      21.0,
      22.0,
      23.0,
      24.0,
      25.0,
      26.0,
      27.0,
      28.0,
      29.0,
      30.0,
      31.0,
      32.0,
      33.0,
      34.0,
      35.0,
      36.0,
      37.0,
      38.0,
      39.0,
      40.0,
      41.0,
      42.0,
      43.0,
      44.0,
      45.0,
      46.0,
      47.0,
      48.0,
      49.0,
      50.0,
      51.0
    ],
    "phase": [
      "init",
      "lbfgs",
      "lbfgs",
      "lbfgs",
      "lbfgs",
      "lbfgs",
      "lbfgs",
      "lbfgs",
      "lbfgs",
      "lbfgs",
      "lbfgs",
      "lbfgs",
      "lbfgs",
      "lbfgs",
      "lbfgs",
      "lbfgs",
      "lbfgs",
      "lbfgs",
      "lbfgs",
      "lbfgs",
      "lbfgs",
      "lbfgs",
      "lbfgs",
      "lbfgs",
      "lbfgs",
      "lbfgs",
      "lbfgs",
      "lbfgs",
      "lbfgs",
      "lbfgs",
      "lbfgs",
      "lbfgs",
      "lbfgs",
      "lbfgs",
      "lbfgs",
      "lbfgs",
      "lbfgs",
      "lbfgs",
      "lbfgs",
      "lbfgs",
      "lbfgs",
      "lbfgs",
      "lbfgs",
      "lbfgs",
      "lbfgs",
      "lbfgs",
      "lbfgs",
      "lbfgs",
      "lbfgs",
      "lbfgs",
      "lbfgs",
      "lbfgs"
    ],
    "wall_time": [
      0.0,
      1.810910940170288,
      3.023847818374634,
      4.317514896392822,
      5.557264804840088,
      6.777284860610962,
      8.101533889770508,
      9.323554039001465,
      10.54029893875122,
      11.857728004455566,
      13.135014772415161,
      14.35097074508667,
      15.6369788646698,
      16.851885080337524,
      18.077148914337158,
      19.417680740356445,
      20.7786808013916,
      22.003147840499878,
      23.217339754104614,
      24.525096893310547,
      25.740365028381348,
      27.102006912231445,
      28.404708862304688,
      29.62166976928711,
      30.97066903114319,
      32.26641368865967,
      33.50540900230408,
      34.959872007369995,
      36.183347940444946,
      37.544997692108154,
      38.864672899246216,
      40.07540583610535,
      41.4366557598114,
      42.65852165222168,
      44.01394462585449,
      45.3825798034668,
      46.60090684890747,
      47.91556191444397,
      49.13609480857849,
      50.42363691329956,
      51.783241987228394,
      53.00405669212341,
      54.22638177871704,
      55.55424880981445,
      56.911940813064575,
      58.13734674453735,
      59.463650703430176,
      60.80710482597351,
      62.16663885116577,
      63.48847270011902,
      64.7613570690155,
      65.98754668235779
    ],
    "func_evals": [
      544.0,
      1536.0,
      2528.0,
      3520.0,
      4512.0,
      5504.0,
      6496.0,
      7488.0,
      8480.0,
      9472.0,
      10464.0,
      11456.0,
      12448.0,
      13440.0,
      14432.0,
      15424.0,
      16416.0,
      17408.0,
      18400.0,
      19392.0,
      20384.0,
      21376.0,
      22368.0,
      23360.0,
      24352.0,
      25344.0,
      26336.0,
      27328.0,
      28320.0,
      29312.0,
      30304.0,
      31296.0,
      32288.0,
      33280.0,
      34272.0,
      35264.0,
      36256.0,
      37248.0,
      38240.0,
      39232.0,
      40224.0,
      41216.0,
      42208.0,
      43200.0,
      44192.0,
      45184.0,
      46176.0,
      47168.0,
      48160.0,
      49152.0,
      50144.0,
      51136.0
    ],
    "grad_evals": [
      0.0,
      1.0,
      2.0,
      3.0,
      4.0,
      5.0,
      6.0,
      7.0,
      8.0,
      9.0,
      10.0,
      11.0,
      12.0,
      13.0,
      14.0,
      15.0,
      16.0,
      17.0,
      18.0,
      19.0,
      20.0,
      21.0,
      22.0,
      23.0,
      24.0,
      25.0,
      26.0,
      27.0,
      28.0,
      29.0,
      30.0,
      31.0,
      32.0,
      33.0,
      34.0,
      35.0,
      36.0,
      37.0,
      38.0,
      39.0,
      40.0,
      41.0,
      42.0,
      43.0,
      44.0,
      45.0,
      46.0,
      47.0,
      48.0,
      49.0,
      50.0,
      51.0
    ],