{
  "model_name": "parity_rot",
  "model_label": "Parity Rot classifier",
  "dataset": {
    "dataset": "parity_4bit",
    "test_fraction": 0.3,
    "repeats_per_bitstring": 20,
    "n_unique_bitstrings": 16,
    "label_values": [
      -1,
      1
    ]
  },
  "loss_function": "mse",
  "optimizer": "qng",
  "seed": 1,
  "model_metadata": {
    "class": "ParityRotClassifierModel",
    "n_qubits": 4,
    "n_layers": 2,
    "n_params": 25,
    "n_quantum_params": 24,
    "n_weight_params": 1,
    "weights_shape": [
      2,
      4,
      3
    ]
  },
  "n_train": 224,
  "n_test": 96,
  "wall_time_total": 82.00318503379822,
  "final_loss": 8.629545844924952e-06,
  "final_train_acc": 1.0,
  "final_test_acc": 1.0,
  "total_cost_units": 58144,
  "total_steps": 40,
  "trace": {
    "loss": [
      2.08882166084944,
      2.0757030766188556,
      1.837555316135527,
      1.5512688897397324,
      0.9937792543153573,
      0.9777330455652027,
      0.8853879802521873,
      0.2745305305234474,
      0.0003023111132075779,
      0.00021738860131370236,
      0.0001665835280024824,
      0.00013222718581117418,
      0.0001077933175081138,
      8.973534014918752e-05,
      7.597802828190427e-05,
      6.523564681140081e-05,
      5.667436312266679e-05,
      4.9732792864729035e-05,
      4.402097436215117e-05,
      3.926073609061433e-05,
      3.524906591255681e-05,
      3.183483039082332e-05,
      2.890353650552023e-05,
      2.6367097364601584e-05,
      2.4156800778030373e-05,
      2.2218379790697833e-05,
      2.0508493761416083e-05,
      1.8992175112344676e-05,
      1.7640949210719693e-05,
      1.6431431201373814e-05,
      1.5344265858991435e-05,
      1.436331752612852e-05,
      1.347504468146319e-05,
      1.2668012399558009e-05,
      1.1932508902592298e-05,
      1.1260241473487421e-05,
      1.0644093436904234e-05,
      1.0077928538320525e-05,
      9.55643240911625e-06,
      9.074983269341028e-06,
      8.629545844924952e-06
    ],
    "train_acc": [
      0.47767857142857145,
      0.47767857142857145,
      0.47767857142857145,
      0.0,
      0.5044642857142857,
      0.5044642857142857,
      0.5044642857142857,
      1.0,
      1.0,
      1.0,
      1.0,
      1.0,
      1.0,
      1.0,
      1.0,
      1.0,
      1.0,
      1.0,
      1.0,
      1.0,
      1.0,
      1.0,
      1.0,
      1.0,
      1.0,
      1.0,
      1.0,
      1.0,
      1.0,
      1.0,
      1.0,
      1.0,
      1.0,
      1.0,
      1.0,
      1.0,
      1.0,
      1.0,
      1.0,
      1.0,
      1.0
    ],
    "test_acc": [
      0.5520833333333334,
      0.5520833333333334,
      0.5520833333333334,
      0.0,
      0.4895833333333333,
      0.4895833333333333,
      0.4895833333333333,
      1.0,
      1.0,
      1.0,
      1.0,
      1.0,
      1.0,
      1.0,
      1.0,
      1.0,
      1.0,
      1.0,
      1.0,
      1.0,
      1.0,
      1.0,
      1.0,
      1.0,
      1.0,
      1.0,
      1.0,
      1.0,
      1.0,
      1.0,
      1.0,
      1.0,
      1.0,
      1.0,
      1.0,
      1.0,
      1.0,
      1.0,
      1.0,
      1.0,
      1.0
    ],
    "step": [
      0.0,
      1.0,
      2.0,
      3.0,
      4.0,
      5.0,
      6.0,
      7.0,
      8.0,
      9.0,
      10.0,
      11.0,
      12.0,
      13.0,
      14.0,
      15.0,
      16.0,
      17.0,
      18.0,
      19.0,
      20.0,
      21.0,
      22.0,
      23.0,
      24.0,
      25.0,
      26.0,
      27.0,
      28.0,
      29.0,
      30.0,
      31.0,
      32.0,
      33.0,
      34.0,
      35.0,
      36.0,
      37.0,
      38.0,
      39.0,
      40.0
    ],
    "phase": [
      "init",
      "qng",
      "qng",
      "qng",
      "qng",
      "qng",
      "qng",
      "qng",
      "qng",
      "qng",
      "qng",
      "qng",
      "qng",
      "qng",
      "qng",
      "qng",
      "qng",
      "qng",
      "qng",
      "qng",
      "qng",
      "qng",
      "qng",
      "qng",
      "qng",
      "qng",
      "qng",
      "qng",
      "qng",
      "qng",
      "qng",
      "qng",
      "qng",
      "qng",
      "qng",
      "qng",
      "qng",
      "qng",
      "qng",
      "qng",
      "qng"
    ],
    "wall_time": [
      0.0,
      2.7837581634521484,
      4.90022611618042,
      7.116030216217041,
      9.05128002166748,
      11.19735598564148,
      13.576610088348389,
      15.889719009399414,
      17.989468097686768,
      20.284866094589233,
      22.289014101028442,
      24.35012698173523,
      26.278001070022583,
      28.185731172561646,
      30.196553230285645,
      32.25963997840881,
      34.2544469833374,
      36.28858709335327,
      38.322596073150635,
      40.48795795440674,
      42.651561975479126,
      44.68220901489258,
      46.5779082775116,
      48.66335988044739,
      50.63109111785889,
      52.60381197929382,
      54.50445008277893,
      56.51570415496826,
      58.70029616355896,
      60.56854701042175,
      62.542551040649414,
      64.44568109512329,
      66.4187262058258,
      68.30426406860352,
      70.29359817504883,
      72.13343906402588,
      74.06996822357178,
      76.01127314567566,
      78.05750489234924,
      80.09920001029968,
      82.00300312042236
    ],
    "func_evals": [
      544.0,
      1984.0,
      3424.0,
      4864.0,
      6304.0,
      7744.0,
      9184.0,
      10624.0,
      12064.0,
      13504.0,
      14944.0,
      16384.0,
      17824.0,
      19264.0,
      20704.0,
      22144.0,
      23584.0,
      25024.0,
      26464.0,
      27904.0,
      29344.0,
      30784.0,
      32224.0,
      33664.0,
      35104.0,
      36544.0,
      37984.0,
      39424.0,
      40864.0,
      42304.0,
      43744.0,
      45184.0,
      46624.0,
      48064.0,
      49504.0,
      50944.0,
      52384.0,
      53824.0,
      55264.0,
      56704.0,
      58144.0
    ],
    "grad_evals": [
      0.0,
      1.0,
      2.0,
      3.0,
      4.0,
      5.0,
      6.0,
      7.0,
      8.0,
      9.0,
      10.0,
      11.0,
      12.0,
      13.0,
      14.0,
      15.0,
      16.0,
      17.0,
      18.0,
      19.0,
      20.0,
      21.0,
      22.0,
      23.0,
      24.0,
      25.0,
      26.0,
      27.0,
      28.0,
      29.0,
      30.0,
      31.0,
      32.0,
      33.0,
      34.0,
      35.0,
      36.0,
      37.0,
      38.0,
      39.0,
      40.0
    ],
    "sample_forward_passes": [
      544.0,
      1536.0,
      2528.0,
      3520.0,
      4512.0,
      5504.0,
      6496.0,
      7488.0,
      8480.0,
      9472.0,
      10464.0,
      11456.0,
      12448.0,
      13440.0,
      14432.0,
      15424.0,
      16416.0,
      17408.0,
      18400.0,
      19392.0,
      20384.0,
      21376.0,
      22368.0,
      23360.0,
      24352.0,
      25344.0,
      26336.0,
      27328.0,
      28320.0,
      29312.0,
      30304.0,
      31296.0,
      32288.0,
      33280.0,
      34272.0,
      35264.0,
      36256.0,
      37248.0,
      38240.0,
      39232.0,
      40224.0
    ],
    "sample_backward_passes": [
      0.0,
      448.0,
      896.0,
      1344.0,
      1792.0,
      2240.0,
      2688.0,
      3136.0,
      3584.0,
      4032.0,
      4480.0,
      4928.0,
      5376.0,
      5824.0,
      6272.0,
      6720.0,
      7168.0,
      7616.0,
      8064.0,
      8512.0,
      8960.0,
      9408.0,
      9856.0,
      10304.0,
      10752.0,
      11200.0,
      11648.0,
      12096.0,
      12544.0,
      12992.0,
      13440.0,
      13888.0,
      14336.0,
      14784.0,
      15232.0,
      15680.0,
      16128.0,
      16576.0,
      17024.0,
      17472.0,
      17920.0
    ],