{
  "model_name": "parity_rot",
  "model_label": "Parity Rot classifier",
  "dataset": {
    "dataset": "parity_4bit",
    "test_fraction": 0.3,
    "repeats_per_bitstring": 20,
    "n_unique_bitstrings": 16,
    "label_values": [
      -1,
      1
    ]
  },
  "loss_function": "mse",
  "optimizer": "qng",
  "seed": 3,
  "model_metadata": {
    "class": "ParityRotClassifierModel",
    "n_qubits": 4,
    "n_layers": 2,
    "n_params": 25,
    "n_quantum_params": 24,
    "n_weight_params": 1,
    "weights_shape": [
      2,
      4,
      3
    ]
  },
  "n_train": 224,
  "n_test": 96,
  "wall_time_total": 81.40400624275208,
  "final_loss": 1.0056235213964779e-05,
  "final_train_acc": 1.0,
  "final_test_acc": 1.0,
  "total_cost_units": 58144,
  "total_steps": 40,
  "trace": {
    "loss": [
      2.0529850749086576,
      2.0260186010227725,
      1.7504597081537752,
      0.9334155358804394,
      0.4348135660412982,
      0.0009063871132215508,
      0.0005584078548755437,
      0.00038338655603950474,
      0.0002812114192690094,
      0.0002158604578841211,
      0.00017132097340364215,
      0.0001395032297730835,
      0.00011593140402065261,
      9.795384954337437e-05,
      8.391316755704946e-05,
      7.272764390347656e-05,
      6.366564171927534e-05,
      5.6217235403016416e-05,
      5.0017809561548745e-05,
      4.480082057898404e-05,
      4.036761837796043e-05,
      3.6567611664957756e-05,
      3.3284902590167674e-05,
      3.042907997627967e-05,
      2.7928751315560612e-05,
      2.5726917967807624e-05,
      2.377761522456635e-05,
      2.2043435777660033e-05,
      2.0493680118201573e-05,
      1.910295839545426e-05,
      1.7850121756746755e-05,
      1.6717437126157563e-05,
      1.5689943905994997e-05,
      1.4754948069208666e-05,
      1.3901621032393403e-05,
      1.3120679170401135e-05,
      1.2404125925866158e-05,
      1.1745042893947361e-05,
      1.1137419513827494e-05,
      1.0576013408134635e-05,
      1.0056235213964779e-05
    ],
    "train_acc": [
      0.48660714285714285,
      0.48660714285714285,
      0.48660714285714285,
      0.6071428571428571,
      1.0,
      1.0,
      1.0,
      1.0,
      1.0,
      1.0,
      1.0,
      1.0,
      1.0,
      1.0,
      1.0,
      1.0,
      1.0,
      1.0,
      1.0,
      1.0,
      1.0,
      1.0,
      1.0,
      1.0,
      1.0,
      1.0,
      1.0,
      1.0,
      1.0,
      1.0,
      1.0,
      1.0,
      1.0,
      1.0,
      1.0,
      1.0,
      1.0,
      1.0,
      1.0,
      1.0,
      1.0
    ],
    "test_acc": [
      0.53125,
      0.53125,
      0.53125,
      0.6666666666666666,
      1.0,
      1.0,
      1.0,
      1.0,
      1.0,
      1.0,
      1.0,
      1.0,
      1.0,
      1.0,
      1.0,
      1.0,
      1.0,
      1.0,
      1.0,
      1.0,
      1.0,
      1.0,
      1.0,
      1.0,
      1.0,
      1.0,
      1.0,
      1.0,
      1.0,
      1.0,
      1.0,
      1.0,
      1.0,
      1.0,
      1.0,
      1.0,
      1.0,
      1.0,
      1.0,
      1.0,
      1.0
    ],
    "step": [
      0.0,
      1.0,
      2.0,
      3.0,
      4.0,
      5.0,
      6.0,
      7.0,
      8.0,
      9.0,
      10.0,
      11.0,
      12.0,
      13.0,
      14.0,
      15.0,
      16.0,
      17.0,
      18.0,
      19.0,
      20.0,
      21.0,
      22.0,
      23.0,
      24.0,
      25.0,
      26.0,
      27.0,
      28.0,
      29.0,
      30.0,
      31.0,
      32.0,
      33.0,
      34.0,
      35.0,
      36.0,
      37.0,
      38.0,
      39.0,
      40.0
    ],
    "phase": [
      "init",
      "qng",
      "qng",
      "qng",
      "qng",
      "qng",
      "qng",
      "qng",
      "qng",
      "qng",
      "qng",
      "qng",
      "qng",
      "qng",
      "qng",
      "qng",
      "qng",
      "qng",
      "qng",
      "qng",
      "qng",
      "qng",
      "qng",
      "qng",
      "qng",
      "qng",
      "qng",
      "qng",
      "qng",
      "qng",
      "qng",
      "qng",
      "qng",
      "qng",
      "qng",
      "qng",
      "qng",
      "qng",
      "qng",
      "qng",
      "qng"
    ],
    "wall_time": [
      0.0,
      2.5955188274383545,
      4.448124885559082,
      6.470098972320557,
      8.492869853973389,
      10.360682964324951,
      12.377331018447876,
      14.366461992263794,
      16.284965753555298,
      18.31884002685547,
      20.333627939224243,
      22.55195379257202,
      24.72222089767456,
      26.844001054763794,
      28.949853897094727,
      30.88147497177124,
      32.90905499458313,
      34.8850839138031,
      37.05802392959595,
      39.11116099357605,
      41.13388180732727,
      43.046650886535645,
      45.08398103713989,
      47.12206196784973,
      49.12893104553223,
      50.9867057800293,
      53.07644295692444,
      55.03069281578064,
      56.992453813552856,
      59.16217398643494,
      61.17065095901489,
      63.22037196159363,
      65.230966091156,
      67.24069404602051,
      69.25045394897461,
      71.39765191078186,
      73.42857694625854,
      75.34239482879639,
      77.3666718006134,
      79.41622710227966,
      81.4035267829895
    ],
    "func_evals": [
      544.0,
      1984.0,
      3424.0,
      4864.0,
      6304.0,
      7744.0,
      9184.0,
      10624.0,
      12064.0,
      13504.0,
      14944.0,
      16384.0,
      17824.0,
      19264.0,
      20704.0,
      22144.0,
      23584.0,
      25024.0,
      26464.0,
      27904.0,
      29344.0,
      30784.0,
      32224.0,
      33664.0,
      35104.0,
      36544.0,
      37984.0,
      39424.0,
      40864.0,
      42304.0,
      43744.0,
      45184.0,
      46624.0,
      48064.0,
      49504.0,
      50944.0,
      52384.0,
      53824.0,
      55264.0,
      56704.0,
      58144.0
    ],
    "grad_evals": [
      0.0,
      1.0,
      2.0,
      3.0,
      4.0,
      5.0,
      6.0,
      7.0,
      8.0,
      9.0,
      10.0,
      11.0,
      12.0,
      13.0,
      14.0,
      15.0,
      16.0,
      17.0,
      18.0,
      19.0,
      20.0,
      21.0,
      22.0,
      23.0,
      24.0,
      25.0,
      26.0,
      27.0,
      28.0,
      29.0,
      30.0,
      31.0,
      32.0,
      33.0,
      34.0,
      35.0,
      36.0,
      37.0,
      38.0,
      39.0,
      40.0
    ],
    "sample_forward_passes": [
      544.0,
      1536.0,
      2528.0,
      3520.0,
      4512.0,
      5504.0,
      6496.0,
      7488.0,
      8480.0,
      9472.0,
      10464.0,
      11456.0,
      12448.0,
      13440.0,
      14432.0,
      15424.0,
      16416.0,
      17408.0,
      18400.0,
      19392.0,
      20384.0,
      21376.0,
      22368.0,
      23360.0,
      24352.0,
      25344.0,
      26336.0,
      27328.0,
      28320.0,
      29312.0,
      30304.0,
      31296.0,
      32288.0,
      33280.0,
      34272.0,
      35264.0,
      36256.0,
      37248.0,
      38240.0,
      39232.0,
      40224.0
    ],
    "sample_backward_passes": [
      0.0,
      448.0,
      896.0,
      1344.0,
      1792.0,
      2240.0,
      2688.0,
      3136.0,
      3584.0,
      4032.0,
      4480.0,
      4928.0,
      5376.0,
      5824.0,
      6272.0,
      6720.0,
      7168.0,
      7616.0,
      8064.0,
      8512.0,
      8960.0,
      9408.0,
      9856.0,
      10304.0,
      10752.0,
      11200.0,
      11648.0,
      12096.0,
      12544.0,
      12992.0,
      13440.0,
      13888.0,
      14336.0,
      14784.0,
      15232.0,
      15680.0,
      16128.0,
      16576.0,
      17024.0,
      17472.0,
      17920.0
    ],