{
  "model_name": "parity_rot",
  "model_label": "Parity Rot classifier",
  "dataset": {
    "dataset": "parity_4bit",
    "test_fraction": 0.3,
    "repeats_per_bitstring": 20,
    "n_unique_bitstrings": 16,
    "label_values": [
      -1,
      1
    ]
  },
  "loss_function": "mse",
  "optimizer": "adam",
  "seed": 3,
  "model_metadata": {
    "class": "ParityRotClassifierModel",
    "n_qubits": 4,
    "n_layers": 2,
    "n_params": 25,
    "n_quantum_params": 24,
    "n_weight_params": 1,
    "weights_shape": [
      2,
      4,
      3
    ]
  },
  "n_train": 224,
  "n_test": 96,
  "wall_time_total": 51.063408851623535,
  "final_loss": 0.0011130875222637642,
  "final_train_acc": 1.0,
  "final_test_acc": 1.0,
  "total_cost_units": 40224,
  "total_steps": 40,
  "trace": {
    "loss": [
      2.0529850749086576,
      2.0234589696741905,
      1.9805399307799032,
      1.9202602732949168,
      1.842171255639642,
      1.7469161628275347,
      1.638165928730776,
      1.5216069966838153,
      1.40372482343855,
      1.2899990939312953,
      1.1845704210488373,
      1.090261454817847,
      1.0088785708236625,
      0.9407894710459649,
      0.8850600856713672,
      0.8391982705933022,
      0.7998031254712616,
      0.7632527603450185,
      0.7249222034485187,
      0.6803520330326263,
      0.6271699326385571,
      0.5650865417159389,
      0.49609253884736754,
      0.42339495020279944,
      0.35056318900743794,
      0.281181345182558,
      0.2181569195074801,
      0.16351482291657288,
      0.11816344909035162,
      0.0820057336610808,
      0.05445609068827526,
      0.03458192620417235,
      0.021097095552203748,
      0.012500943045178998,
      0.007323551762907149,
      0.004343030781490081,
      0.00268038513337317,
      0.0017774020947949984,
      0.0013151994292246053,
      0.0011243182234800828,
      0.0011130875222637642
    ],
    "train_acc": [
      0.48660714285714285,
      0.48660714285714285,
      0.48660714285714285,
      0.48660714285714285,
      0.48660714285714285,
      0.48660714285714285,
      0.48660714285714285,
      0.48660714285714285,
      0.48660714285714285,
      0.48660714285714285,
      0.48660714285714285,
      0.48660714285714285,
      0.48660714285714285,
      0.48660714285714285,
      0.6919642857142857,
      0.7321428571428571,
      0.6875,
      0.6339285714285714,
      0.6339285714285714,
      0.7723214285714286,
      0.9017857142857143,
      0.9553571428571429,
      1.0,
      1.0,
      1.0,
      1.0,
      1.0,
      1.0,
      1.0,
      1.0,
      1.0,
      1.0,
      1.0,
      1.0,
      1.0,
      1.0,
      1.0,
      1.0,
      1.0,
      1.0,
      1.0
    ],
    "test_acc": [
      0.53125,
      0.53125,
      0.53125,
      0.53125,
      0.53125,
      0.53125,
      0.53125,
      0.53125,
      0.53125,
      0.53125,
      0.53125,
      0.53125,
      0.53125,
      0.53125,
      0.6770833333333334,
      0.7916666666666666,
      0.6875,
      0.6041666666666666,
      0.6041666666666666,
      0.6979166666666666,
      0.8125,
      0.8958333333333334,
      1.0,
      1.0,
      1.0,
      1.0,
      1.0,
      1.0,
      1.0,
      1.0,
      1.0,
      1.0,
      1.0,
      1.0,
      1.0,
      1.0,
      1.0,
      1.0,
      1.0,
      1.0,
      1.0
    ],
    "step": [
      0.0,
      1.0,
      2.0,
      3.0,
      4.0,
      5.0,
      6.0,
      7.0,
      8.0,
      9.0,
      10.0,
      11.0,
      12.0,
      13.0,
      14.0,
      15.0,
      16.0,
      17.0,
      18.0,
      19.0,
      20.0,
      21.0,
      22.0,
      23.0,
      24.0,
      25.0,
      26.0,
      27.0,
      28.0,
      29.0,
      30.0,
      31.0,
      32.0,
      33.0,
      34.0,
      35.0,
      36.0,
      37.0,
      38.0,
      39.0,
      40.0
    ],
    "phase": [
      "init",
      "adam",
      "adam",
      "adam",
      "adam",
      "adam",
      "adam",
      "adam",
      "adam",
      "adam",
      "adam",
      "adam",
      "adam",
      "adam",
      "adam",
      "adam",
      "adam",
      "adam",
      "adam",
      "adam",
      "adam",
      "adam",
      "adam",
      "adam",
      "adam",
      "adam",
      "adam",
      "adam",
      "adam",
      "adam",
      "adam",
      "adam",
      "adam",
      "adam",
      "adam",
      "adam",
      "adam",
      "adam",
      "adam",
      "adam",
      "adam"
    ],
    "wall_time": [
      0.0,
      1.8171250820159912,
      3.0347390174865723,
      4.248365879058838,
      5.5535430908203125,
      6.766016960144043,
      7.9720611572265625,
      9.184677124023438,
      10.52020812034607,
      11.722193956375122,
      13.018522024154663,
      14.210784912109375,
      15.41697096824646,
      16.708216905593872,
      18.02509093284607,
      19.24156093597412,
      20.474795818328857,
      21.824315071105957,
      23.063600063323975,
      24.32882595062256,
      25.6733500957489,
      26.89471411705017,
      28.199939012527466,
      29.419384956359863,
      30.639572143554688,
      31.859523057937622,
      33.21598410606384,
      34.43691301345825,
      35.66111707687378,
      36.97872495651245,
      38.206600189208984,
      39.43242311477661,
      40.711069107055664,
      42.177284955978394,
      43.47043800354004,
      44.691468954086304,
      45.981029987335205,
      47.33863592147827,
      48.55865406990051,
      49.8538920879364,
      51.063263177871704
    ],
    "func_evals": [
      544.0,
      1536.0,
      2528.0,
      3520.0,
      4512.0,
      5504.0,
      6496.0,
      7488.0,
      8480.0,
      9472.0,
      10464.0,
      11456.0,
      12448.0,
      13440.0,
      14432.0,
      15424.0,
      16416.0,
      17408.0,
      18400.0,
      19392.0,
      20384.0,
      21376.0,
      22368.0,
      23360.0,
      24352.0,
      25344.0,
      26336.0,
      27328.0,
      28320.0,
      29312.0,
      30304.0,
      31296.0,
      32288.0,
      33280.0,
      34272.0,
      35264.0,
      36256.0,
      37248.0,
      38240.0,
      39232.0,
      40224.0
    ],
    "grad_evals": [
      0.0,
      1.0,
      2.0,
      3.0,
      4.0,
      5.0,
      6.0,
      7.0,
      8.0,
      9.0,
      10.0,
      11.0,
      12.0,
      13.0,
      14.0,
      15.0,
      16.0,
      17.0,
      18.0,
      19.0,
      20.0,
      21.0,
      22.0,
      23.0,
      24.0,
      25.0,
      26.0,
      27.0,
      28.0,
      29.0,
      30.0,
      31.0,
      32.0,
      33.0,
      34.0,
      35.0,
      36.0,
      37.0,
      38.0,
      39.0,
      40.0
    ],
    "sample_forward_passes": [
      544.0,
      1312.0,
      2080.0,
      2848.0,
      3616.0,
      4384.0,
      5152.0,
      5920.0,
      6688.0,
      7456.0,
      8224.0,
      8992.0,
      9760.0,
      10528.0,
      11296.0,
      12064.0,
      12832.0,
      13600.0,
      14368.0,
      15136.0,
      15904.0,
      16672.0,
      17440.0,
      18208.0,
      18976.0,
      19744.0,
      20512.0,
      21280.0,
      22048.0,
      22816.0,
      23584.0,
      24352.0,
      25120.0,
      25888.0,
      26656.0,
      27424.0,
      28192.0,
      28960.0,
      29728.0,
      30496.0,
      31264.0
    ],
    "sample_backward_passes": [
      0.0,
      224.0,
      448.0,
      672.0,
      896.0,
      1120.0,
      1344.0,
      1568.0,
      1792.0,
      2016.0,
      2240.0,
      2464.0,
      2688.0,
      2912.0,
      3136.0,
      3360.0,
      3584.0,
      3808.0,
      4032.0,
      4256.0,
      4480.0,
      4704.0,
      4928.0,
      5152.0,
      5376.0,
      5600.0,
      5824.0,
      6048.0,
      6272.0,
      6496.0,
      6720.0,
      6944.0,
      7168.0,
      7392.0,
      7616.0,
      7840.0,
      8064.0,
      8288.0,
      8512.0,
      8736.0,
      8960.0
    ],