{
  "model_name": "parity_rot",
  "model_label": "Parity Rot classifier",
  "dataset": {
    "dataset": "parity_4bit",
    "test_fraction": 0.3,
    "repeats_per_bitstring": 20,
    "n_unique_bitstrings": 16,
    "label_values": [
      -1,
      1
    ]
  },
  "loss_function": "mse",
  "optimizer": "krotov_hybrid",
  "seed": 0,
  "model_metadata": {
    "class": "ParityRotClassifierModel",
    "n_qubits": 4,
    "n_layers": 2,
    "n_params": 25,
    "n_quantum_params": 24,
    "n_weight_params": 1,
    "weights_shape": [
      2,
      4,
      3
    ]
  },
  "n_train": 224,
  "n_test": 96,
  "wall_time_total": 67.85938382148743,
  "final_loss": 3.410355424301962e-08,
  "final_train_acc": 1.0,
  "final_test_acc": 1.0,
  "total_cost_units": 49184,
  "total_steps": 40,
  "trace": {
    "loss": [
      2.1063657997516247,
      1.928153618387956e-05,
      4.057519632098768e-06,
      1.7077498298039099e-06,
      9.352594917790789e-07,
      5.891358597378399e-07,
      4.0484308375716855e-07,
      2.9521957420082554e-07,
      2.247658579528363e-07,
      1.7682368965257052e-07,
      1.4273177531967517e-07,
      1.176271023724138e-07,
      9.860716112204394e-08,
      8.38533096859169e-08,
      7.217905499470505e-08,
      6.278335162623634e-08,
      5.5109629623095845e-08,
      4.876144646378252e-08,
      4.345017212271004e-08,
      3.8961670966246775e-08,
      3.513440697233716e-08,
      3.508176074396374e-08,
      3.502923277377575e-08,
      3.497682270759422e-08,
      3.492453019290218e-08,
      3.4872354878468474e-08,
      3.482029641374804e-08,
      3.4768354450816125e-08,
      3.471652864174969e-08,
      3.4664818640532947e-08,
      3.4613224102639613e-08,
      3.456174468424978e-08,
      3.45103800429953e-08,
      3.445912983822326e-08,
      3.440799372993946e-08,
      3.4356971379894815e-08,
      3.430606245075859e-08,
      3.4255266606623884e-08,
      3.4204583512807766e-08,
      3.41540128353699e-08,
      3.410355424301962e-08
    ],
    "train_acc": [
      0.4732142857142857,
      1.0,
      1.0,
      1.0,
      1.0,
      1.0,
      1.0,
      1.0,
      1.0,
      1.0,
      1.0,
      1.0,
      1.0,
      1.0,
      1.0,
      1.0,
      1.0,
      1.0,
      1.0,
      1.0,
      1.0,
      1.0,
      1.0,
      1.0,
      1.0,
      1.0,
      1.0,
      1.0,
      1.0,
      1.0,
      1.0,
      1.0,
      1.0,
      1.0,
      1.0,
      1.0,
      1.0,
      1.0,
      1.0,
      1.0,
      1.0
    ],
    "test_acc": [
      0.5625,
      1.0,
      1.0,
      1.0,
      1.0,
      1.0,
      1.0,
      1.0,
      1.0,
      1.0,
      1.0,
      1.0,
      1.0,
      1.0,
      1.0,
      1.0,
      1.0,
      1.0,
      1.0,
      1.0,
      1.0,
      1.0,
      1.0,
      1.0,
      1.0,
      1.0,
      1.0,
      1.0,
      1.0,
      1.0,
      1.0,
      1.0,
      1.0,
      1.0,
      1.0,
      1.0,
      1.0,
      1.0,
      1.0,
      1.0,
      1.0
    ],
    "step": [
      0.0,
      1.0,
      2.0,
      3.0,
      4.0,
      5.0,
      6.0,
      7.0,
      8.0,
      9.0,
      10.0,
      11.0,
      12.0,
      13.0,
      14.0,
      15.0,
      16.0,
      17.0,
      18.0,
      19.0,
      20.0,
      21.0,
      22.0,
      23.0,
      24.0,
      25.0,
      26.0,
      27.0,
      28.0,
      29.0,
      30.0,
      31.0,
      32.0,
      33.0,
      34.0,
      35.0,
      36.0,
      37.0,
      38.0,
      39.0,
      40.0
    ],
    "phase": [
      "init",
      "online",
      "online",
      "online",
      "online",
      "online",
      "online",
      "online",
      "online",
      "online",
      "online",
      "online",
      "online",
      "online",
      "online",
      "online",
      "online",
      "online",
      "online",
      "online",
      "online",
      "batch",
      "batch",
      "batch",
      "batch",
      "batch",
      "batch",
      "batch",
      "batch",
      "batch",
      "batch",
      "batch",
      "batch",
      "batch",
      "batch",
      "batch",
      "batch",
      "batch",
      "batch",
      "batch",
      "batch"
    ],
    "wall_time": [
      0.0,
      2.382723808288574,
      4.185765027999878,
      5.9134581089019775,
      7.55378794670105,
      9.343966960906982,
      11.046425104141235,
      12.955796003341675,
      14.878381252288818,
      16.60655903816223,
      18.237985134124756,
      20.16810917854309,
      21.92053723335266,
      23.778461933135986,
      25.472323894500732,
      27.241698026657104,
      29.161325216293335,
      31.160858869552612,
      32.84860301017761,
      34.68057084083557,
      36.3478569984436,
      37.97169589996338,
      39.62378406524658,
      41.334418058395386,
      43.04188394546509,
      44.68726205825806,
      46.19629502296448,
      47.670839071273804,
      49.14585089683533,
      50.70477509498596,
      52.20864224433899,
      53.92734217643738,
      55.480612993240356,
      57.159306049346924,
      58.64331817626953,
      60.124577045440674,
      61.68848490715027,
      63.201582193374634,
      64.80580615997314,
      66.23586583137512,
      67.85910892486572
    ],
    "func_evals": [
      544.0,
      1760.0,
      2976.0,
      4192.0,
      5408.0,
      6624.0,
      7840.0,
      9056.0,
      10272.0,
      11488.0,
      12704.0,
      13920.0,
      15136.0,
      16352.0,
      17568.0,
      18784.0,
      20000.0,
      21216.0,
      22432.0,
      23648.0,
      24864.0,
      26080.0,
      27296.0,
      28512.0,
      29728.0,
      30944.0,
      32160.0,
      33376.0,
      34592.0,
      35808.0,
      37024.0,
      38240.0,
      39456.0,
      40672.0,
      41888.0,
      43104.0,
      44320.0,
      45536.0,
      46752.0,
      47968.0,
      49184.0
    ],
    "grad_evals": [
      0.0,
      225.0,
      450.0,
      675.0,
      900.0,
      1125.0,
      1350.0,
      1575.0,
      1800.0,
      2025.0,
      2250.0,
      2475.0,
      2700.0,
      2925.0,
      3150.0,
      3375.0,
      3600.0,
      3825.0,
      4050.0,
      4275.0,
      4500.0,
      4502.0,
      4504.0,
      4506.0,
      4508.0,
      4510.0,
      4512.0,
      4514.0,
      4516.0,
      4518.0,
      4520.0,
      4522.0,
      4524.0,
      4526.0,
      4528.0,
      4530.0,
      4532.0,
      4534.0,
      4536.0,
      4538.0,
      4540.0
    ],
    "sample_forward_passes": [
      544.0,
      1536.0,
      2528.0,
      3520.0,
      4512.0,
      5504.0,
      6496.0,
      7488.0,
      8480.0,
      9472.0,
      10464.0,
      11456.0,
      12448.0,
      13440.0,
      14432.0,
      15424.0,
      16416.0,
      17408.0,
      18400.0,
      19392.0,
      20384.0,
      21376.0,
      22368.0,
      23360.0,
      24352.0,
      25344.0,
      26336.0,
      27328.0,
      28320.0,
      29312.0,
      30304.0,
      31296.0,
      32288.0,
      33280.0,
      34272.0,
      35264.0,
      36256.0,
      37248.0,
      38240.0,
      39232.0,
      40224.0
    ],
    "sample_backward_passes": [
      0.0,
      224.0,
      448.0,
      672.0,
      896.0,
      1120.0,
      1344.0,
      1568.0,
      1792.0,
      2016.0,
      2240.0,
      2464.0,
      2688.0,
      2912.0,
      3136.0,
      3360.0,
      3584.0,
      3808.0,
      4032.0,
      4256.0,
      4480.0,
      4704.0,
      4928.0,
      5152.0,
      5376.0,
      5600.0,
      5824.0,
      6048.0,
      6272.0,
      6496.0,
      6720.0,
      6944.0,
      7168.0,
      7392.0,
      7616.0,
      7840.0,
      8064.0,
      8288.0,
      8512.0,
      8736.0,
      8960.0
    ],