{
  "model_name": "parity_rot",
  "model_label": "Parity Rot classifier",
  "dataset": {
    "dataset": "parity_4bit",
    "test_fraction": 0.3,
    "repeats_per_bitstring": 20,
    "n_unique_bitstrings": 16,
    "label_values": [
      -1,
      1
    ]
  },
  "loss_function": "mse",
  "optimizer": "adam",
  "seed": 1,
  "model_metadata": {
    "class": "ParityRotClassifierModel",
    "n_qubits": 4,
    "n_layers": 2,
    "n_params": 25,
    "n_quantum_params": 24,
    "n_weight_params": 1,
    "weights_shape": [
      2,
      4,
      3
    ]
  },
  "n_train": 224,
  "n_test": 96,
  "wall_time_total": 54.36687684059143,
  "final_loss": 0.28710686181854,
  "final_train_acc": 1.0,
  "final_test_acc": 1.0,
  "total_cost_units": 40224,
  "total_steps": 40,
  "trace": {
    "loss": [
      2.08882166084944,
      2.066646066421474,
      2.029036925721479,
      1.9685127773849374,
      1.888401386364635,
      1.79431546351432,
      1.692175743707988,
      1.5877751422323045,
      1.4868255515832267,
      1.3943996932321774,
      1.3136359908062583,
      1.2448582587336297,
      1.1857561062901971,
      1.1326366031305732,
      1.081993704533666,
      1.0315156810478712,
      0.9803034356728766,
      0.9285531059238904,
      0.8769566514306989,
      0.8257483512329998,
      0.7743025753922362,
      0.7223122345216988,
      0.6701008474502946,
      0.6182216674463037,
      0.5673112598394577,
      0.5181030465597666,
      0.471423790711048,
      0.4281328921187151,
      0.3890468454084926,
      0.35488965937911604,
      0.3262596658648542,
      0.3035686775980313,
      0.286943497608358,
      0.276135737028861,
      0.2705014221027028,
      0.2690793615501263,
      0.27073781396156665,
      0.27432637091797585,
      0.27879320694967563,
      0.2832665665770327,
      0.28710686181854
    ],
    "train_acc": [
      0.47767857142857145,
      0.47767857142857145,
      0.47767857142857145,
      0.47767857142857145,
      0.47767857142857145,
      0.47767857142857145,
      0.47767857142857145,
      0.47767857142857145,
      0.47767857142857145,
      0.47767857142857145,
      0.47767857142857145,
      0.47767857142857145,
      0.47767857142857145,
      0.47767857142857145,
      0.47767857142857145,
      0.5401785714285714,
      0.6026785714285714,
      0.6026785714285714,
      0.6651785714285714,
      0.6651785714285714,
      0.7053571428571429,
      0.8705357142857143,
      0.9241071428571429,
      1.0,
      1.0,
      1.0,
      1.0,
      1.0,
      1.0,
      1.0,
      1.0,
      1.0,
      1.0,
      1.0,
      1.0,
      1.0,
      1.0,
      1.0,
      1.0,
      1.0,
      1.0
    ],
    "test_acc": [
      0.5520833333333334,
      0.5520833333333334,
      0.5520833333333334,
      0.5520833333333334,
      0.5520833333333334,
      0.5520833333333334,
      0.5520833333333334,
      0.5520833333333334,
      0.5520833333333334,
      0.5520833333333334,
      0.5520833333333334,
      0.5520833333333334,
      0.5520833333333334,
      0.5520833333333334,
      0.5520833333333334,
      0.6145833333333334,
      0.6770833333333334,
      0.6770833333333334,
      0.7395833333333334,
      0.7395833333333334,
      0.8541666666666666,
      0.8854166666666666,
      0.96875,
      1.0,
      1.0,
      1.0,
      1.0,
      1.0,
      1.0,
      1.0,
      1.0,
      1.0,
      1.0,
      1.0,
      1.0,
      1.0,
      1.0,
      1.0,
      1.0,
      1.0,
      1.0
    ],
    "step": [
      0.0,
      1.0,
      2.0,
      3.0,
      4.0,
      5.0,
      6.0,
      7.0,
      8.0,
      9.0,
      10.0,
      11.0,
      12.0,
      13.0,
      14.0,
      15.0,
      16.0,
      17.0,
      18.0,
      19.0,
      20.0,
      21.0,
      22.0,
      23.0,
      24.0,
      25.0,
      26.0,
      27.0,
      28.0,
      29.0,
      30.0,
      31.0,
      32.0,
      33.0,
      34.0,
      35.0,
      36.0,
      37.0,
      38.0,
      39.0,
      40.0
    ],
    "phase": [
      "init",
      "adam",
      "adam",
      "adam",
      "adam",
      "adam",
      "adam",
      "adam",
      "adam",
      "adam",
      "adam",
      "adam",
      "adam",
      "adam",
      "adam",
      "adam",
      "adam",
      "adam",
      "adam",
      "adam",
      "adam",
      "adam",
      "adam",
      "adam",
      "adam",
      "adam",
      "adam",
      "adam",
      "adam",
      "adam",
      "adam",
      "adam",
      "adam",
      "adam",
      "adam",
      "adam",
      "adam",
      "adam",
      "adam",
      "adam",
      "adam"
    ],
    "wall_time": [
      0.0,
      2.2084801197052,
      3.6208760738372803,
      5.089613199234009,
      6.616674184799194,
      8.029624223709106,
      9.582086324691772,
      11.252140045166016,
      12.621515035629272,
      14.116131067276001,
      15.45342206954956,
      16.875904083251953,
      18.473512172698975,
      19.746309280395508,
      20.98903512954712,
      22.531429290771484,
      23.76335310935974,
      24.98750925064087,
      26.258313179016113,
      27.537528038024902,
      28.862563133239746,
      30.19803524017334,
      31.418915033340454,
      32.74165225028992,
      34.16416835784912,
      35.37149119377136,
      36.66633224487305,
      37.89734411239624,
      39.10368728637695,
      40.39584422111511,
      41.64769721031189,
      42.92524528503418,
      44.230419397354126,
      45.46619415283203,
      46.68319010734558,
      48.00451421737671,
      49.34834933280945,
      50.63903522491455,
      51.857118368148804,
      53.16230916976929,
      54.36672830581665
    ],
    "func_evals": [
      544.0,
      1536.0,
      2528.0,
      3520.0,
      4512.0,
      5504.0,
      6496.0,
      7488.0,
      8480.0,
      9472.0,
      10464.0,
      11456.0,
      12448.0,
      13440.0,
      14432.0,
      15424.0,
      16416.0,
      17408.0,
      18400.0,
      19392.0,
      20384.0,
      21376.0,
      22368.0,
      23360.0,
      24352.0,
      25344.0,
      26336.0,
      27328.0,
      28320.0,
      29312.0,
      30304.0,
      31296.0,
      32288.0,
      33280.0,
      34272.0,
      35264.0,
      36256.0,
      37248.0,
      38240.0,
      39232.0,
      40224.0
    ],
    "grad_evals": [
      0.0,
      1.0,
      2.0,
      3.0,
      4.0,
      5.0,
      6.0,
      7.0,
      8.0,
      9.0,
      10.0,
      11.0,
      12.0,
      13.0,
      14.0,
      15.0,
      16.0,
      17.0,
      18.0,
      19.0,
      20.0,
      21.0,
      22.0,
      23.0,
      24.0,
      25.0,
      26.0,
      27.0,
      28.0,
      29.0,
      30.0,
      31.0,
      32.0,
      33.0,
      34.0,
      35.0,
      36.0,
      37.0,
      38.0,
      39.0,
      40.0
    ],
    "sample_forward_passes": [
      544.0,
      1312.0,
      2080.0,
      2848.0,
      3616.0,
      4384.0,
      5152.0,
      5920.0,
      6688.0,
      7456.0,
      8224.0,
      8992.0,
      9760.0,
      10528.0,
      11296.0,
      12064.0,
      12832.0,
      13600.0,
      14368.0,
      15136.0,
      15904.0,
      16672.0,
      17440.0,
      18208.0,
      18976.0,
      19744.0,
      20512.0,
      21280.0,
      22048.0,
      22816.0,
      23584.0,
      24352.0,
      25120.0,
      25888.0,
      26656.0,
      27424.0,
      28192.0,
      28960.0,
      29728.0,
      30496.0,
      31264.0
    ],