{
  "adam": {
    "label": "Adam",
    "n_runs": 5,
    "final_loss_mean": 0.12119829917389653,
    "final_loss_std": 0.1262574857222099,
    "final_train_acc_mean": 1.0,
    "final_train_acc_std": 0.0,
    "final_test_acc_mean": 1.0,
    "final_test_acc_std": 0.0,
    "wall_time_mean": 52.66247262954712,
    "wall_time_std": 2.025208942587729,
    "cost_mean": 40224.0,
    "cost_std": 0.0
  },
  "lbfgs": {
    "label": "L-BFGS-B",
    "n_runs": 5,
    "final_loss_mean": 2.3899715708546134e-10,
    "final_loss_std": 4.1857080245505627e-10,
    "final_train_acc_mean": 1.0,
    "final_train_acc_std": 0.0,
    "final_test_acc_mean": 1.0,
    "final_test_acc_std": 0.0,
    "wall_time_mean": 62.56398053169251,
    "wall_time_std": 3.498075673401549,
    "cost_mean": 48556.8,
    "cost_std": 2705.8152486819936
  },
  "qng": {
    "label": "QNG",
    "n_runs": 5,
    "final_loss_mean": 1.0707622914888319e-05,
    "final_loss_std": 1.539791186933014e-06,
    "final_train_acc_mean": 1.0,
    "final_train_acc_std": 0.0,
    "final_test_acc_mean": 1.0,
    "final_test_acc_std": 0.0,
    "wall_time_mean": 81.49642510414124,
    "wall_time_std": 0.7242109459303289,
    "cost_mean": 58144.0,
    "cost_std": 0.0
  },
  "krotov_hybrid": {
    "label": "Hybrid Krotov",
    "n_runs": 5,
    "final_loss_mean": 3.3915747829444096e-08,
    "final_loss_std": 1.0527829438438171e-10,
    "final_train_acc_mean": 1.0,
    "final_train_acc_std": 0.0,
    "final_test_acc_mean": 1.0,
    "final_test_acc_std": 0.0,
    "wall_time_mean": 65.88139338493347,
    "wall_time_std": 1.0615778098206923,
    "cost_mean": 49184.0,
    "cost_std": 0.0
  }
}