{
  "krotov_batch_lr1.000_constant": {
    "n_runs": 5,
    "final_loss_mean": 0.3649786403274443,
    "final_loss_std": 0.0362499529778111,
    "final_test_acc_mean": 0.852,
    "final_test_acc_std": 0.01543444920372029,
    "wall_time_mean": 52.90244016647339,
    "wall_time_std": 0.12296603347490544,
    "total_steps_mean": 100.0,
    "total_steps_std": 0.0
  },
  "adam": {
    "n_runs": 5,
    "final_loss_mean": 0.35336845864864286,
    "final_loss_std": 0.03200282414335246,
    "final_test_acc_mean": 0.8626666666666665,
    "final_test_acc_std": 0.0248014336503177,
    "wall_time_mean": 97.81764779090881,
    "wall_time_std": 0.6098709258860905,
    "total_steps_mean": 100.0,
    "total_steps_std": 0.0
  },
  "lbfgs": {
    "n_runs": 5,
    "final_loss_mean": 0.35330538096696695,
    "final_loss_std": 0.02899287425776355,
    "final_test_acc_mean": 0.8373333333333333,
    "final_test_acc_std": 0.009977753031397193,
    "wall_time_mean": 79.21509413719177,
    "wall_time_std": 21.122293647071125,
    "total_steps_mean": 78.8,
    "total_steps_std": 21.451340284467076
  }
}