{
  "krotov_online": {
    "n_runs": 5,
    "final_loss_mean": 0.37065081709012604,
    "final_loss_std": 0.03358109430810799,
    "final_test_acc_mean": 0.8560000000000001,
    "final_test_acc_std": 0.03968766950969924,
    "total_cost_mean": 155850.0,
    "loss_step1_mean": 0.3816728588788375,
    "loss_step10_mean": 0.3447084023599508,
    "tail_loss_std_mean": 0.027550415820214235,
    "tail_update_norm_mean": 1.5096469115561173,
    "success_rate": 0.8,
    "threshold_cost_mean": 2710.0
  },
  "krotov_batch": {
    "n_runs": 5,
    "final_loss_mean": 0.43584730220347756,
    "final_loss_std": 0.04818009578312627,
    "final_test_acc_mean": 0.8666666666666666,
    "final_test_acc_std": 0.018378731669453634,
    "total_cost_mean": 155850.0,
    "loss_step1_mean": 0.7023975814370023,
    "loss_step10_mean": 0.6288076609412249,
    "tail_loss_std_mean": 0.004057507382089937,
    "tail_update_norm_mean": 0.01406556156728932,
    "success_rate": 0.2,
    "threshold_cost_mean": 98500.0
  },
  "krotov_batch_lr1.000_constant": {
    "n_runs": 5,
    "final_loss_mean": 0.3649786403274443,
    "final_loss_std": 0.0362499529778111,
    "final_test_acc_mean": 0.852,
    "final_test_acc_std": 0.01543444920372029,
    "total_cost_mean": 155850.0,
    "loss_step1_mean": 0.6776980969319393,
    "loss_step10_mean": 0.5309589036628127,
    "tail_loss_std_mean": 0.0023764685321044144,
    "tail_update_norm_mean": 0.01637671798525118,
    "success_rate": 0.8,
    "threshold_cost_mean": 64787.5
  },
  "krotov_batch_lr0.100_constant": {
    "n_runs": 5,
    "final_loss_mean": 0.5275983316187285,
    "final_loss_std": 0.055979622642284274,
    "final_test_acc_mean": 0.8413333333333334,
    "final_test_acc_std": 0.08665640964945023,
    "total_cost_mean": 155850.0,
    "loss_step1_mean": 0.7100286785087147,
    "loss_step10_mean": 0.6792237384607673,
    "tail_loss_std_mean": 0.006339135758078545,
    "tail_update_norm_mean": 0.01039795308004571,
    "success_rate": 0.0,
    "threshold_cost_mean": NaN
  },
  "krotov_batch_lr0.050_constant": {
    "n_runs": 5,
    "final_loss_mean": 0.5920219252857505,
    "final_loss_std": 0.043101102198434896,
    "final_test_acc_mean": 0.744,
    "final_test_acc_std": 0.13013497266727,
    "total_cost_mean": 155850.0,
    "loss_step1_mean": 0.7119731747621025,
    "loss_step10_mean": 0.6955086209560952,
    "tail_loss_std_mean": 0.004963852849652944,
    "tail_update_norm_mean": 0.006426121763634189,
    "success_rate": 0.0,
    "threshold_cost_mean": NaN
  },
  "krotov_batch_lr0.020_constant": {
    "n_runs": 5,
    "final_loss_mean": 0.651766203974789,
    "final_loss_std": 0.03891059173269674,
    "final_test_acc_mean": 0.6026666666666667,
    "final_test_acc_std": 0.11096345744833698,
    "total_cost_mean": 155850.0,
    "loss_step1_mean": 0.7131467189797004,
    "loss_step10_mean": 0.7062752015617584,
    "tail_loss_std_mean": 0.002981941312430573,
    "tail_update_norm_mean": 0.0031346527764465927,
    "success_rate": 0.0,
    "threshold_cost_mean": NaN
  },
  "krotov_batch_lr0.300_inverse": {
    "n_runs": 5,
    "final_loss_mean": 0.5196986010124619,
    "final_loss_std": 0.05690945091965208,
    "final_test_acc_mean": 0.8413333333333333,
    "final_test_acc_std": 0.07733333333333331,
    "total_cost_mean": 155850.0,
    "loss_step1_mean": 0.7023975814370023,
    "loss_step10_mean": 0.640082947700731,
    "tail_loss_std_mean": 0.003049211200506042,
    "tail_update_norm_mean": 0.005361994559103059,
    "success_rate": 0.0,
    "threshold_cost_mean": NaN
  },
  "krotov_batch_lr1.000_inverse": {
    "n_runs": 5,
    "final_loss_mean": 0.4254105045998256,
    "final_loss_std": 0.04126284488288089,
    "final_test_acc_mean": 0.8626666666666667,
    "final_test_acc_std": 0.017688665548562126,
    "total_cost_mean": 155850.0,
    "loss_step1_mean": 0.6776980969319393,
    "loss_step10_mean": 0.5492092542092163,
    "tail_loss_std_mean": 0.0020004613611935905,
    "tail_update_norm_mean": 0.0072162707483512485,
    "success_rate": 0.2,
    "threshold_cost_mean": 50450.0
  }
}